gram,gramType,kind,muniCode,prefCode,hasWard,isWard
々井,name,muni,123226,12,0,0
々市,name,muni,172120,17,0,0
々町,name,muni,423912,42,0,0
ヶ宿,name,muni,43028,4,0,0
ヶ島,name,muni,112411,11,0,0
ヶ島,name,muni,134023,13,0,0
ヶ崎,name,muni,142077,14,0,0
ヶ所,name,muni,24112,2,0,0
ヶ根,name,muni,202100,20,0,0
ヶ沢,name,muni,23213,2,0,0
ヶ浜,name,muni,23078,2,0,0
ヶ浜,name,muni,44041,4,0,0
ヶ瀬,name,muni,454435,45,0,0
ヶ里,name,muni,413275,41,0,0
一宮,name,muni,124214,12,0,0
一宮,name,muni,232033,23,0,0
一戸,name,muni,35246,3,0,0
一関,name,muni,32093,3,0,0
七ヶ,name,muni,43028,4,0,0
七ヶ,name,muni,44041,4,0,0
七宗,name,muni,215040,21,0,0
七尾,name,muni,172022,17,0,0
七戸,name,muni,24023,2,0,0
七飯,name,muni,13374,1,0,0
万十,name,muni,392103,39,0,0
万十,name,muni,394122,39,0,0
万部,name,muni,13471,1,0,0
万里,name,muni,412058,41,0,0
万高,name,muni,383864,38,0,0
丈町,name,muni,134015,13,0,0
三原,name,muni,342041,34,0,0
三原,name,muni,394271,39,0,0
三好,name,muni,362085,36,0,0
三宅,name,muni,133817,13,0,0
三宅,name,muni,293628,29,0,0
三島,name,muni,74446,7,0,0
三島,name,muni,222062,22,0,0
三島,name,muni,463035,46,0,0
三川,name,muni,64262,6,0,0
三川,name,muni,93017,9,0,0
三戸,name,muni,24414,2,0,0
三春,name,muni,75213,7,0,0
三朝,name,muni,313645,31,0,0
三木,name,muni,282154,28,0,0
三木,name,muni,373419,37,0,0
三条,name,muni,152048,15,0,0
三次,name,muni,342092,34,0,0
三沢,name,muni,22071,2,0,0
三浦,name,muni,142107,14,0,0
三田,name,muni,282197,28,0,0
三種,name,muni,53481,5,0,0
三笠,name,muni,12220,1,0,0
三股,name,muni,453412,45,0,0
三芳,name,muni,113247,11,0,0
三豊,name,muni,372081,37,0,0
三郷,name,muni,112372,11,0,0
三郷,name,muni,193461,19,0,0
三郷,name,muni,293431,29,0,0
三重,name,pref,240001,24,0,0
三陸,name,muni,46060,4,0,0
三鷹,name,muni,132047,13,0,0
上三,name,muni,93017,9,0,0
上五,name,muni,424111,42,0,0
上京,name,muni,261025,26,0,1
上勝,name,muni,363022,36,0,0
上北,name,muni,294519,29,0,0
上士,name,muni,16331,1,0,0
上天,name,muni,432121,43,0,0
上富,name,muni,14605,1,0,0
上富,name,muni,304042,30,0,0
上小,name,muni,53279,5,0,0
上尾,name,muni,112194,11,0,0
上山,name,muni,62073,6,0,0
上峰,name,muni,413453,41,0,0
上島,name,muni,344311,34,0,0
上島,name,muni,383562,38,0,0
上川,name,muni,14575,1,0,0
上市,name,muni,32069,3,0,0
上市,name,muni,52116,5,0,0
上市,name,muni,152129,15,0,0
上市,name,muni,163228,16,0,0
上市,name,muni,212199,21,0,0
上村,name,muni,203041,20,0,0
上村,name,muni,294527,29,0,0
上村,name,muni,435074,43,0,0
上松,name,muni,204226,20,0,0
上板,name,muni,364053,36,0,0
上毛,name,muni,406465,40,0,0
上牧,name,muni,294241,29,0,0
上田,name,muni,202037,20,0,0
上町,name,muni,15601,1,0,0
上町,name,muni,24465,2,0,0
上町,name,muni,63622,6,0,0
上町,name,muni,153613,15,0,0
上町,name,muni,406473,40,0,0
上砂,name,muni,14257,1,0,0
上越,name,muni,152226,15,0,0
上郡,name,muni,284815,28,0,0
上里,name,muni,113859,11,0,0
上野,name,muni,103667,10,0,0
上野,name,muni,192121,19,0,0
上関,name,muni,353418,35,0,0
上ﾉ,name,muni,13625,1,0,0
下京,name,muni,261068,26,0,1
下仁,name,muni,103829,10,0,0
下北,name,muni,294501,29,0,0
下呂,name,muni,212202,21,0,0
下妻,name,muni,82104,8,0,0
下川,name,muni,14681,1,0,0
下市,name,muni,294438,29,0,0
下松,name,muni,352071,35,0,0
下條,name,muni,204111,20,0,0
下田,name,muni,222194,22,0,0
下町,name,muni,74217,7,0,0
下諏,name,muni,203611,20,0,0
下郷,name,muni,73628,7,0,0
下野,name,muni,92169,9,0,0
下関,name,muni,352012,35,0,0
与町,name,muni,423076,42,0,0
与論,name,muni,465356,46,0,0
与謝,name,muni,264652,26,0,0
与那,name,muni,473481,47,0,0
与那,name,muni,473821,47,0,0
世保,name,muni,422029,42,0,0
世田,name,muni,131121,13,0,0
世羅,name,muni,344621,34,0,0
丘村,name,muni,204161,20,0,0
並区,name,muni,131156,13,0,0
中之,name,muni,104213,10,0,0
中井,name,muni,143618,14,0,0
中京,name,muni,261041,26,0,1
中区,name,muni,141046,14,0,1
中区,name,muni,231061,23,0,1
中区,name,muni,271420,27,0,1
中区,name,muni,331023,33,0,1
中区,name,muni,341011,34,0,1
中原,name,muni,141330,14,0,1
中土,name,muni,394017,39,0,0
中城,name,muni,473278,47,0,0
中城,name,muni,473286,47,0,0
中央,name,muni,11011,1,0,1
中央,name,muni,111058,11,0,1
中央,name,muni,121011,12,0,1
中央,name,muni,131024,13,0,0
中央,name,muni,141526,14,0,1
中央,name,muni,151033,15,0,1
中央,name,muni,192147,19,0,0
中央,name,muni,221384,22,0,1
中央,name,muni,271284,27,0,1
中央,name,muni,281107,28,0,1
中央,name,muni,336815,33,0,0
中央,name,muni,382132,38,0,0
中央,name,muni,401331,40,0,1
中央,name,muni,431010,43,0,1
中富,name,muni,14613,1,0,0
中山,name,muni,63029,6,0,0
中島,name,muni,74659,7,0,0
中川,name,muni,14711,1,0,0
中川,name,muni,203866,20,0,0
中川,name,muni,231100,23,0,1
中市,name,muni,102113,10,0,0
中市,name,muni,132063,13,0,0
中市,name,muni,272035,27,0,0
中市,name,muni,342084,34,0,0
中札,name,muni,16381,1,0,0
中村,name,muni,231053,23,0,1
中標,name,muni,16926,1,0,0
中泊,name,muni,23876,2,0,0
中津,name,muni,212067,21,0,0
中津,name,muni,442038,44,0,0
中湖,name,muni,194255,19,0,0
中町,name,muni,16632,1,0,0
中町,name,muni,343021,34,0,0
中種,name,muni,465011,46,0,0
中能,name,muni,174076,17,0,0
中野,name,muni,131148,13,0,0
中野,name,muni,202118,20,0,0
中間,name,muni,402150,40,0,0
中頓,name,muni,15130,1,0,0
串木,name,muni,462195,46,0,0
串本,name,muni,304280,30,0,0
串良,name,muni,464821,46,0,0
串間,name,muni,452076,45,0,0
丸亀,name,muni,372021,37,0,0
丸森,name,muni,43419,4,0,0
丹市,name,muni,262137,26,0,0
丹市,name,muni,282073,28,0,0
丹後,name,muni,262129,26,0,0
丹村,name,muni,16951,1,0,0
丹波,name,muni,194433,19,0,0
丹波,name,muni,264075,26,0,0
丹波,name,muni,282219,28,0,0
丹波,name,muni,282235,28,0,0
丹町,name,muni,14052,1,0,0
久万,name,muni,383864,38,0,0
久喜,name,muni,112321,11,0,0
久山,name,muni,403482,40,0,0
久島,name,muni,465054,46,0,0
久市,name,muni,82198,8,0,0
久市,name,muni,202177,20,0,0
久市,name,muni,412040,41,0,0
久御,name,muni,263222,26,0,0
久慈,name,muni,32077,3,0,0
久手,name,muni,232386,23,0,0
久根,name,muni,462063,46,0,0
久比,name,muni,234419,23,0,0
久留,name,muni,132225,13,0,0
久留,name,muni,402036,40,0,0
久穂,name,muni,203092,20,0,0
久米,name,muni,336637,33,0,0
久米,name,muni,473618,47,0,0
久見,name,muni,442071,44,0,0
之内,name,muni,213829,21,0,0
之原,name,muni,222267,22,0,0
之島,name,muni,465305,46,0,0
之影,name,muni,454427,45,0,0
之条,name,muni,104213,10,0,0
之江,name,muni,271250,27,0,1
之表,name,muni,462136,46,0,0
乙部,name,muni,13641,1,0,0
九十,name,muni,124036,12,0,0
九州,name,muni,401005,40,1,0
九州,name,muni,401013,40,0,1
九州,name,muni,401030,40,0,1
九州,name,muni,401056,40,0,1
九州,name,muni,401064,40,0,1
九州,name,muni,401072,40,0,1
九州,name,muni,401081,40,0,1
九州,name,muni,401099,40,0,1
九州,name,muni,462233,46,0,0
九度,name,muni,303437,30,0,0
九戸,name,muni,35068,3,0,0
九里,name,muni,124036,12,0,0
九重,name,muni,444618,44,0,0
亀山,name,muni,242101,24,0,0
亀岡,name,muni,262064,26,0,0
亀市,name,muni,372021,37,0,0
予市,name,muni,382108,38,0,0
予市,name,muni,382141,38,0,0
二宮,name,muni,143421,14,0,0
二戸,name,muni,32131,3,0,0
二本,name,muni,72109,7,0,0
五ヶ,name,muni,454435,45,0,0
五城,name,muni,53619,5,0,0
五島,name,muni,422118,42,0,0
五島,name,muni,424111,42,0,0
五戸,name,muni,24422,2,0,0
五所,name,muni,22055,2,0,0
五木,name,muni,435112,43,0,0
五條,name,muni,292079,29,0,0
五泉,name,muni,152188,15,0,0
五霞,name,muni,85421,8,0,0
井原,name,muni,332071,33,0,0
井寺,name,muni,272264,27,0,0
井川,name,muni,14095,1,0,0
井川,name,muni,53660,5,0,0
井市,name,muni,62090,6,0,0
井市,name,muni,122327,12,0,0
井市,name,muni,132101,13,0,0
井市,name,muni,182010,18,0,0
井市,name,muni,182109,18,0,0
井市,name,muni,222160,22,0,0
井市,name,muni,232068,23,0,0
井市,name,muni,292061,29,0,0
井市,name,muni,352128,35,0,0
井手,name,muni,263435,26,0,0
井村,name,muni,24261,2,0,0
井江,name,muni,14249,1,0,0
井沢,name,muni,203211,20,0,0
井町,name,muni,123226,12,0,0
井町,name,muni,143618,14,0,0
井町,name,muni,143626,14,0,0
井町,name,muni,213616,21,0,0
井町,name,muni,363413,36,0,0
井県,name,pref,180009,18,0,0
亘理,name,muni,43613,4,0,0
交野,name,muni,272302,27,0,0
京丹,name,muni,262129,26,0,0
京丹,name,muni,264075,26,0,0
京区,name,muni,131059,13,0,0
京区,name,muni,261025,26,0,1
京区,name,muni,261033,26,0,1
京区,name,muni,261041,26,0,1
京区,name,muni,261068,26,0,1
京区,name,muni,261084,26,0,1
京区,name,muni,261114,26,0,1
京市,name,muni,132292,13,0,0
京市,name,muni,262099,26,0,0
京極,name,muni,13994,1,0,0
京田,name,muni,262111,26,0,0
京都,name,pref,130001,13,0,0
京都,name,pref,260002,26,0,0
京都,name,muni,261009,26,1,0
京都,name,muni,261017,26,0,1
京都,name,muni,261025,26,0,1
京都,name,muni,261033,26,0,1
京都,name,muni,261041,26,0,1
京都,name,muni,261050,26,0,1
京都,name,muni,261068,26,0,1
京都,name,muni,261076,26,0,1
京都,name,muni,261084,26,0,1
京都,name,muni,261092,26,0,1
京都,name,muni,261106,26,0,1
京都,name,muni,261114,26,0,1
人吉,name,muni,432032,43,0,0
仁木,name,muni,14079,1,0,0
仁村,name,muni,53279,5,0,0
仁村,name,muni,473065,47,0,0
仁淀,name,muni,393878,39,0,0
仁田,name,muni,103829,10,0,0
仁町,name,muni,14273,1,0,0
今別,name,muni,23035,2,0,0
今帰,name,muni,473065,47,0,0
今治,name,muni,382027,38,0,0
今金,name,muni,13706,1,0,0
付町,name,muni,464929,46,0,0
仙北,name,muni,52159,5,0,0
仙台,name,muni,41009,4,1,0
仙台,name,muni,41017,4,0,1
仙台,name,muni,41025,4,0,1
仙台,name,muni,41033,4,0,1
仙台,name,muni,41041,4,0,1
仙台,name,muni,41050,4,0,1
仙市,name,muni,52124,5,0,0
仙市,name,muni,422134,42,0,0
仙沼,name,muni,42056,4,0,0
仙町,name,muni,465321,46,0,0
代市,name,muni,52027,5,0,0
代市,name,muni,122211,12,0,0
代市,name,muni,432024,43,0,0
代村,name,muni,34851,3,0,0
代田,name,muni,105236,10,0,0
代田,name,muni,131016,13,0,0
代田,name,muni,203238,20,0,0
代町,name,muni,74080,7,0,0
代町,name,muni,85219,8,0,0
代町,name,muni,114421,11,0,0
任町,name,muni,406082,40,0,0
伊万,name,muni,412058,41,0,0
伊丹,name,muni,282073,28,0,0
伊予,name,muni,382108,38,0,0
伊仙,name,muni,465321,46,0,0
伊佐,name,muni,462241,46,0,0
伊勢,name,muni,102041,10,0,0
伊勢,name,muni,142140,14,0,0
伊勢,name,muni,242039,24,0,0
伊勢,name,muni,244724,24,0,0
伊奈,name,muni,113018,11,0,0
伊平,name,muni,473596,47,0,0
伊方,name,muni,384429,38,0,0
伊是,name,muni,473600,47,0,0
伊東,name,muni,222089,22,0,0
伊根,name,muni,264636,26,0,0
伊江,name,muni,473154,47,0,0
伊豆,name,muni,222224,22,0,0
伊豆,name,muni,222259,22,0,0
伊豆,name,muni,223018,22,0,0
伊豆,name,muni,223042,22,0,0
伊豆,name,muni,223069,22,0,0
伊賀,name,muni,242161,24,0,0
伊達,name,muni,12335,1,0,0
伊達,name,muni,72133,7,0,0
伊那,name,muni,202096,20,0,0
伏町,name,muni,114651,11,0,0
伏見,name,muni,261092,26,0,1
会津,name,muni,72028,7,0,0
会津,name,muni,73687,7,0,0
会津,name,muni,74055,7,0,0
会津,name,muni,74217,7,0,0
会津,name,muni,74471,7,0,0
会町,name,muni,244708,24,0,0
伯区,name,muni,341088,34,0,1
伯市,name,muni,442054,44,0,0
伯耆,name,muni,313904,31,0,0
似町,name,muni,16080,1,0,0
住之,name,muni,271250,27,0,1
住吉,name,muni,271209,27,0,1
住吉,name,muni,271217,27,0,1
住田,name,muni,34410,3,0,0
住町,name,muni,364037,36,0,0
佐々,name,muni,423912,42,0,0
佐世,name,muni,422029,42,0,0
佐久,name,muni,202177,20,0,0
佐久,name,muni,203092,20,0,0
佐井,name,muni,24261,2,0,0
佐伯,name,muni,341088,34,0,1
佐伯,name,muni,442054,44,0,0
佐倉,name,muni,122122,12,0,0
佐北,name,muni,341061,34,0,1
佐南,name,muni,341053,34,0,1
佐呂,name,muni,15521,1,0,0
佐川,name,muni,394025,39,0,0
佐市,name,muni,392057,39,0,0
佐市,name,muni,442119,44,0,0
佐市,name,muni,462241,46,0,0
佐清,name,muni,392090,39,0,0
佐渡,name,muni,152242,15,0,0
佐用,name,muni,285013,28,0,0
佐町,name,muni,64611,6,0,0
佐町,name,muni,393631,39,0,0
佐町,name,muni,394017,39,0,0
佐町,name,muni,434442,43,0,0
佐見,name,muni,423238,42,0,0
佐賀,name,pref,410004,41,0,0
佐賀,name,muni,412015,41,0,0
佐那,name,muni,363219,36,0,0
佐野,name,muni,92045,9,0,0
佐野,name,muni,272132,27,0,0
余市,name,muni,14087,1,0,0
作市,name,muni,332151,33,0,0
保土,name,muni,141062,14,0,1
保市,name,muni,422029,42,0,0
信濃,name,muni,205834,20,0,0
俣市,name,muni,432059,43,0,0
俣町,name,muni,73083,7,0,0
倉北,name,muni,401064,40,0,1
倉南,name,muni,401072,40,0,1
倉吉,name,muni,312037,31,0,0
倉市,name,muni,122122,12,0,0
倉市,name,muni,142042,14,0,0
倉市,name,muni,232289,23,0,0
倉市,name,muni,402281,40,0,0
倉敷,name,muni,332020,33,0,0
倉村,name,muni,336432,33,0,0
倉町,name,muni,74811,7,0,0
倉町,name,muni,105210,10,0,0
倍野,name,muni,271195,27,0,1
値賀,name,muni,423831,42,0,0
倶知,name,muni,14001,1,0,0
備中,name,muni,336815,33,0,0
備前,name,muni,332119,33,0,0
像市,name,muni,402206,40,0,0
元町,name,muni,43621,4,0,0
光市,name,muni,92061,9,0,0
光市,name,muni,112291,11,0,0
光市,name,muni,352101,35,0,0
光町,name,muni,124109,12,0,0
免町,name,muni,403431,40,0,0
児島,name,pref,460001,46,0,0
児島,name,muni,462012,46,0,0
児市,name,muni,212148,21,0,0
入善,name,muni,163422,16,0,0
入間,name,muni,112259,11,0,0
八丈,name,muni,134015,13,0,0
八代,name,muni,432024,43,0,0
八千,name,muni,85219,8,0,0
八千,name,muni,122211,12,0,0
八女,name,muni,402109,40,0,0
八尾,name,muni,272124,27,0,0
八峰,name,muni,53490,5,0,0
八幡,name,muni,32140,3,0,0
八幡,name,muni,252042,25,0,0
八幡,name,muni,262102,26,0,0
八幡,name,muni,382043,38,0,0
八幡,name,muni,401081,40,0,1
八幡,name,muni,401099,40,0,1
八戸,name,muni,22039,2,0,0
八潮,name,muni,112348,11,0,0
八王,name,muni,132012,13,0,0
八町,name,muni,213837,21,0,0
八百,name,muni,215058,21,0,0
八街,name,muni,122301,12,0,0
八郎,name,muni,53635,5,0,0
八重,name,muni,473626,47,0,0
八雲,name,muni,13463,1,0,0
八頭,name,muni,313297,31,0,0
六ヶ,name,muni,24112,2,0,0
六戸,name,muni,24058,2,0,0
共和,name,muni,14010,1,0,0
兵庫,name,pref,280003,28,0,0
兵庫,name,muni,281051,28,0,1
内子,name,muni,384224,38,0,0
内市,name,muni,12149,1,0,0
内市,name,muni,12271,1,0,0
内市,name,muni,152277,15,0,0
内市,name,muni,332127,33,0,0
内市,name,muni,462152,46,0,0
内村,name,muni,14044,1,0,0
内村,name,muni,16381,1,0,0
内村,name,muni,75442,7,0,0
内村,name,muni,363219,36,0,0
内灘,name,muni,173657,17,0,0
内町,name,muni,13331,1,0,0
内町,name,muni,13340,1,0,0
内町,name,muni,13935,1,0,0
内町,name,muni,14028,1,0,0
内町,name,muni,14729,1,0,0
内町,name,muni,23019,2,0,0
内町,name,muni,64289,6,0,0
内町,name,muni,84476,8,0,0
内町,name,muni,205613,20,0,0
内町,name,muni,213829,21,0,0
内町,name,muni,465259,46,0,0
内長,name,muni,272167,27,0,0
冠村,name,muni,14630,1,0,0
冠町,name,muni,16047,1,0,0
出市,name,muni,302091,30,0,0
出市,name,muni,372030,37,0,0
出水,name,muni,462080,46,0,0
出町,name,muni,133051,13,0,0
出町,name,muni,443417,44,0,0
出雲,name,muni,154059,15,0,0
出雲,name,muni,322032,32,0,0
出雲,name,muni,323438,32,0,0
函南,name,muni,223255,22,0,0
函館,name,muni,12025,1,0,0
刀洗,name,muni,405035,40,0,0
分寺,name,muni,132144,13,0,0
分市,name,muni,442011,44,0,0
分県,name,pref,440001,44,0,0
刈羽,name,muni,155047,15,0,0
刈谷,name,muni,232106,23,0,0
初山,name,muni,14851,1,0,0
別区,name,muni,11088,1,0,1
別市,name,muni,12165,1,0,0
別市,name,muni,12173,1,0,0
別市,name,muni,12190,1,0,0
別市,name,muni,12203,1,0,0
別市,name,muni,12301,1,0,0
別府,name,muni,442020,44,0,0
別村,name,muni,14851,1,0,0
別村,name,muni,16390,1,0,0
別村,name,muni,16977,1,0,0
別村,name,muni,16985,1,0,0
別海,name,muni,16918,1,0,0
別町,name,muni,13030,1,0,0
別町,name,muni,13986,1,0,0
別町,name,muni,14346,1,0,0
別町,name,muni,14567,1,0,0
別町,name,muni,14869,1,0,0
別町,name,muni,15121,1,0,0
別町,name,muni,15130,1,0,0
別町,name,muni,15440,1,0,0
別町,name,muni,15598,1,0,0
別町,name,muni,16438,1,0,0
別町,name,muni,16462,1,0,0
別町,name,muni,16489,1,0,0
別町,name,muni,23035,2,0,0
利尻,name,muni,15181,1,0,0
利尻,name,muni,15199,1,0,0
利島,name,muni,133621,13,0,0
利市,name,muni,92029,9,0,0
利府,name,muni,44067,4,0,0
利本,name,muni,52108,5,0,0
利根,name,muni,85642,8,0,0
利町,name,muni,393029,39,0,0
前区,name,muni,141364,14,0,1
前崎,name,muni,222232,22,0,0
前市,name,muni,22021,2,0,0
前市,name,muni,182095,18,0,0
前市,name,muni,332119,33,0,0
前市,name,muni,402141,40,0,0
前橋,name,muni,102016,10,0,0
前町,name,muni,13315,1,0,0
前町,name,muni,14834,1,0,0
前町,name,muni,184047,18,0,0
前町,name,muni,184233,18,0,0
前町,name,muni,384011,38,0,0
前町,name,muni,404471,40,0,0
前町,name,muni,435066,43,0,0
前高,name,muni,32107,3,0,0
剣淵,name,muni,14656,1,0,0
加内,name,muni,14729,1,0,0
加古,name,muni,282103,28,0,0
加市,name,muni,112216,11,0,0
加東,name,muni,282286,28,0,0
加町,name,muni,215023,21,0,0
加美,name,muni,44458,4,0,0
加茂,name,muni,152099,15,0,0
加茂,name,muni,212113,21,0,0
加西,name,muni,282201,28,0,0
加賀,name,muni,172065,17,0,0
加須,name,muni,112101,11,0,0
務原,name,muni,212130,21,0,0
勝央,name,muni,336220,33,0,0
勝山,name,muni,182061,18,0,0
勝浦,name,muni,122181,12,0,0
勝浦,name,muni,304212,30,0,0
勝浦,name,muni,363014,36,0,0
勝町,name,muni,363022,36,0,0
勢原,name,muni,142140,14,0,0
勢崎,name,muni,102041,10,0,0
勢市,name,muni,242039,24,0,0
勢町,name,muni,244724,24,0,0
勢町,name,muni,273228,27,0,0
北上,name,muni,32069,3,0,0
北中,name,muni,473278,47,0,0
北九,name,muni,401005,40,1,0
北九,name,muni,401013,40,0,1
北九,name,muni,401030,40,0,1
北九,name,muni,401056,40,0,1
北九,name,muni,401064,40,0,1
北九,name,muni,401072,40,0,1
北九,name,muni,401081,40,0,1
北九,name,muni,401099,40,0,1
北区,name,muni,11029,1,0,1
北区,name,muni,111023,11,0,1
北区,name,muni,131172,13,0,0
北区,name,muni,141097,14,0,1
北区,name,muni,151017,15,0,1
北区,name,muni,231037,23,0,1
北区,name,muni,261017,26,0,1
北区,name,muni,271276,27,0,1
北区,name,muni,271462,27,0,1
北区,name,muni,281093,28,0,1
北区,name,muni,331015,33,0,1
北区,name,muni,341061,34,0,1
北区,name,muni,401064,40,0,1
北区,name,muni,431052,43,0,1
北名,name,muni,232343,23,0,0
北塩,name,muni,74021,7,0,0
北大,name,muni,473588,47,0,0
北山,name,muni,294501,29,0,0
北山,name,muni,294519,29,0,0
北山,name,muni,304271,30,0,0
北島,name,muni,364029,36,0,0
北川,name,muni,393053,39,0,0
北市,name,muni,52159,5,0,0
北広,name,muni,12343,1,0,0
北広,name,muni,343692,34,0,0
北斗,name,muni,12360,1,0,0
北方,name,muni,214213,21,0,0
北本,name,muni,112330,11,0,0
北村,name,muni,204528,20,0,0
北杜,name,muni,192091,19,0,0
北栄,name,muni,313726,31,0,0
北海,name,pref,10006,1,0,0
北町,name,muni,24082,2,0,0
北町,name,muni,63215,6,0,0
北町,name,muni,143642,14,0,0
北町,name,muni,173240,17,0,0
北町,name,muni,245437,24,0,0
北町,name,muni,384887,38,0,0
北町,name,muni,414247,41,0,0
北町,name,muni,434825,43,0,0
北町,name,muni,435317,43,0,0
北相,name,muni,203076,20,0,0
北秋,name,muni,52132,5,0,0
北竜,name,muni,14371,1,0,0
北茨,name,muni,82155,8,0,0
北見,name,muni,12084,1,0,0
北谷,name,muni,473260,47,0,0
匝瑳,name,muni,122351,12,0,0
十九,name,muni,124036,12,0,0
十和,name,muni,22063,2,0,0
十島,name,muni,463043,46,0,0
十市,name,muni,392103,39,0,0
十日,name,muni,152102,15,0,0
十津,name,muni,14320,1,0,0
十津,name,muni,294497,29,0,0
十町,name,muni,394122,39,0,0
千代,name,muni,85219,8,0,0
千代,name,muni,105236,10,0,0
千代,name,muni,122211,12,0,0
千代,name,muni,131016,13,0,0
千早,name,muni,273830,27,0,0
千曲,name,muni,202185,20,0,0
千歳,name,muni,12246,1,0,0
千種,name,muni,231011,23,0,1
千穂,name,muni,454419,45,0,0
千葉,name,pref,120006,12,0,0
千葉,name,muni,121002,12,1,0
千葉,name,muni,121011,12,0,1
千葉,name,muni,121029,12,0,1
千葉,name,muni,121037,12,0,1
千葉,name,muni,121045,12,0,1
千葉,name,muni,121053,12,0,1
千葉,name,muni,121061,12,0,1
千谷,name,muni,152081,15,0,0
半利,name,muni,393029,39,0,0
半田,name,muni,232050,23,0,0
南三,name,muni,46060,4,0,0
南丹,name,muni,262137,26,0,0
南九,name,muni,462233,46,0,0
南伊,name,muni,223042,22,0,0
南伊,name,muni,244724,24,0,0
南会,name,muni,73687,7,0,0
南区,name,muni,11061,1,0,1
南区,name,muni,111082,11,0,1
南区,name,muni,141054,14,0,1
南区,name,muni,141119,14,0,1
南区,name,muni,141534,14,0,1
南区,name,muni,151041,15,0,1
南区,name,muni,151068,15,0,1
南区,name,muni,231126,23,0,1
南区,name,muni,261076,26,0,1
南区,name,muni,271454,27,0,1
南区,name,muni,331040,33,0,1
南区,name,muni,341037,34,0,1
南区,name,muni,341053,34,0,1
南区,name,muni,401072,40,0,1
南区,name,muni,401340,40,0,1
南区,name,muni,401366,40,0,1
南区,name,muni,431044,43,0,1
南国,name,muni,392049,39,0,0
南城,name,muni,472158,47,0,0
南大,name,muni,464911,46,0,0
南大,name,muni,473570,47,0,0
南富,name,muni,14621,1,0,0
南小,name,muni,434230,43,0,0
南山,name,muni,263672,26,0,0
南島,name,muni,422142,42,0,0
南市,name,muni,232092,23,0,0
南市,name,muni,232173,23,0,0
南市,name,muni,252115,25,0,0
南市,name,muni,272281,27,0,0
南市,name,muni,272329,27,0,0
南市,name,muni,302023,30,0,0
南市,name,muni,322091,32,0,0
南市,name,muni,352152,35,0,0
南市,name,muni,362042,36,0,0
南市,name,muni,392111,39,0,0
南市,name,muni,452041,45,0,0
南幌,name,muni,14231,1,0,0
南房,name,muni,122343,12,0,0
南木,name,muni,204234,20,0,0
南牧,name,muni,103837,10,0,0
南牧,name,muni,203050,20,0,0
南町,name,muni,124273,12,0,0
南町,name,muni,124630,12,0,0
南町,name,muni,154822,15,0,0
南町,name,muni,204048,20,0,0
南町,name,muni,213021,21,0,0
南町,name,muni,223255,22,0,0
南町,name,muni,273821,27,0,0
南町,name,muni,303909,30,0,0
南町,name,muni,314013,31,0,0
南町,name,muni,323861,32,0,0
南町,name,muni,324493,32,0,0
南町,name,muni,336637,33,0,0
南町,name,muni,385069,38,0,0
南町,name,muni,454052,45,0,0
南相,name,muni,72125,7,0,0
南相,name,muni,203068,20,0,0
南知,name,muni,234451,23,0,0
南砺,name,muni,162108,16,0,0
南種,name,muni,465020,46,0,0
南箕,name,muni,203858,20,0,0
南越,name,muni,184047,18,0,0
南足,name,muni,142174,14,0,0
南部,name,muni,24457,2,0,0
南部,name,muni,193666,19,0,0
南部,name,muni,313891,31,0,0
南関,name,muni,433675,43,0,0
南阿,name,muni,434337,43,0,0
南陽,name,muni,62138,6,0,0
南風,name,muni,473502,47,0,0
南魚,name,muni,152269,15,0,0
南ｱ,name,muni,192082,19,0,0
南ｱ,name,muni,282243,28,0,0
南ｻ,name,muni,462209,46,0,0
博多,name,muni,401323,40,0,1
占冠,name,muni,14630,1,0,0
印南,name,muni,303909,30,0,0
印西,name,muni,122319,12,0,0
厚別,name,muni,11088,1,0,1
厚岸,name,muni,16624,1,0,0
厚木,name,muni,142123,14,0,0
厚沢,name,muni,13633,1,0,0
厚真,name,muni,15814,1,0,0
原区,name,muni,141330,14,0,1
原区,name,muni,271471,27,0,1
原市,name,muni,22055,2,0,0
原市,name,muni,42137,4,0,0
原市,name,muni,92100,9,0,0
原市,name,muni,92134,9,0,0
原市,name,muni,122106,12,0,0
原市,name,muni,122190,12,0,0
原市,name,muni,141500,14,1,0
原市,name,muni,141518,14,0,1
原市,name,muni,141526,14,0,1
原市,name,muni,141534,14,0,1
原市,name,muni,142069,14,0,0
原市,name,muni,142140,14,0,0
原市,name,muni,192121,19,0,0
原市,name,muni,212130,21,0,0
原市,name,muni,222267,22,0,0
原市,name,muni,232319,23,0,0
原市,name,muni,252140,25,0,0
原市,name,muni,272175,27,0,0
原市,name,muni,272213,27,0,0
原市,name,muni,292052,29,0,0
原市,name,muni,332071,33,0,0
原市,name,muni,342033,34,0,0
原市,name,muni,342041,34,0,0
原市,name,muni,342106,34,0,0
原市,name,muni,422037,42,0,0
原市,name,muni,422142,42,0,0
原本,name,muni,293636,29,0,0
原村,name,muni,74021,7,0,0
原村,name,muni,133078,13,0,0
原村,name,muni,134210,13,0,0
原村,name,muni,203637,20,0,0
原村,name,muni,394271,39,0,0
原村,name,muni,434329,43,0,0
原町,name,muni,43214,4,0,0
原町,name,muni,104248,10,0,0
原町,name,muni,143847,14,0,0
原町,name,muni,213624,21,0,0
原町,name,muni,263443,26,0,0
原町,name,muni,345458,34,0,0
原町,name,muni,383864,38,0,0
原町,name,muni,394050,39,0,0
原町,name,muni,453617,45,0,0
原町,name,muni,473294,47,0,0
原町,name,muni,473481,47,0,0
原町,name,muni,473502,47,0,0
双葉,name,muni,75469,7,0,0
取市,name,muni,42072,4,0,0
取市,name,muni,122360,12,0,0
取市,name,muni,312011,31,0,0
取手,name,muni,82171,8,0,0
取村,name,muni,17001,1,0,0
取町,name,muni,16021,1,0,0
取町,name,muni,273619,27,0,0
取町,name,muni,294012,29,0,0
取県,name,pref,310000,31,0,0
口市,name,muni,112038,11,0,0
口市,name,muni,272094,27,0,0
口市,name,muni,332160,33,0,0
口市,name,muni,352039,35,0,0
口湖,name,muni,194301,19,0,0
口町,name,muni,233617,23,0,0
口県,name,pref,350001,35,0,0
古内,name,muni,13340,1,0,0
古屋,name,muni,231002,23,1,0
古屋,name,muni,231011,23,0,1
古屋,name,muni,231029,23,0,1
古屋,name,muni,231037,23,0,1
古屋,name,muni,231045,23,0,1
古屋,name,muni,231053,23,0,1
古屋,name,muni,231061,23,0,1
古屋,name,muni,231070,23,0,1
古屋,name,muni,231088,23,0,1
古屋,name,muni,231096,23,0,1
古屋,name,muni,231100,23,0,1
古屋,name,muni,231118,23,0,1
古屋,name,muni,231126,23,0,1
古屋,name,muni,231134,23,0,1
古屋,name,muni,231142,23,0,1
古屋,name,muni,231151,23,0,1
古屋,name,muni,231169,23,0,1
古屋,name,muni,232343,23,0,0
古島,name,muni,472140,47,0,0
古川,name,muni,282103,28,0,0
古市,name,muni,32026,3,0,0
古平,name,muni,14061,1,0,0
古座,name,muni,304247,30,0,0
古殿,name,muni,75051,7,0,0
古河,name,muni,82040,8,0,0
古町,name,muni,123471,12,0,0
古賀,name,muni,402231,40,0,0
只見,name,muni,73679,7,0,0
可児,name,muni,212148,21,0,0
可町,name,muni,283657,28,0,0
台市,name,muni,41009,4,1,0
台市,name,muni,41017,4,0,1
台市,name,muni,41025,4,0,1
台市,name,muni,41033,4,0,1
台市,name,muni,41041,4,0,1
台市,name,muni,41050,4,0,1
台東,name,muni,131067,13,0,0
台町,name,muni,244431,24,0,0
右京,name,muni,261084,26,0,1
司区,name,muni,401013,40,0,1
各務,name,muni,212130,21,0,0
合志,name,muni,432164,43,0,0
合町,name,muni,294276,29,0,0
吉備,name,muni,336815,33,0,0
吉区,name,muni,271209,27,0,1
吉区,name,muni,271217,27,0,1
吉富,name,muni,406422,40,0,0
吉岡,name,muni,103454,10,0,0
吉川,name,muni,112437,11,0,0
吉市,name,muni,312037,31,0,0
吉市,name,muni,432032,43,0,0
吉津,name,muni,313840,31,0,0
吉田,name,muni,192023,19,0,0
吉田,name,muni,224243,22,0,0
吉見,name,muni,113476,11,0,0
吉賀,name,muni,325058,32,0,0
吉野,name,muni,294411,29,0,0
吉野,name,muni,294535,29,0,0
吉野,name,muni,362051,36,0,0
吉野,name,muni,413275,41,0,0
名区,name,muni,221392,22,0,1
名取,name,muni,42072,4,0,0
名古,name,muni,231002,23,1,0
名古,name,muni,231011,23,0,1
名古,name,muni,231029,23,0,1
名古,name,muni,231037,23,0,1
名古,name,muni,231045,23,0,1
名古,name,muni,231053,23,0,1
名古,name,muni,231061,23,0,1
名古,name,muni,231070,23,0,1
名古,name,muni,231088,23,0,1
名古,name,muni,231096,23,0,1
名古,name,muni,231100,23,0,1
名古,name,muni,231118,23,0,1
名古,name,muni,231126,23,0,1
名古,name,muni,231134,23,0,1
名古,name,muni,231142,23,0,1
名古,name,muni,231151,23,0,1
名古,name,muni,231169,23,0,1
名古,name,muni,232343,23,0,0
名喜,name,muni,473561,47,0,0
名寄,name,muni,12211,1,0,0
名川,name,muni,283011,28,0,0
名市,name,muni,142158,14,0,0
名市,name,muni,242055,24,0,0
名市,name,muni,432067,43,0,0
名張,name,muni,242080,24,0,0
名村,name,muni,473600,47,0,0
名東,name,muni,231151,23,0,1
名町,name,muni,465348,46,0,0
名護,name,muni,472093,47,0,0
向市,name,muni,452068,45,0,0
向日,name,muni,262081,26,0,0
君津,name,muni,122254,12,0,0
吹市,name,muni,192112,19,0,0
吹田,name,muni,272051,27,0,0
吹町,name,muni,74667,7,0,0
吾妻,name,muni,104299,10,0,0
呂山,name,muni,113263,11,0,0
呂市,name,muni,212202,21,0,0
呂間,name,muni,15521,1,0,0
呉市,name,muni,342025,34,0,0
周南,name,muni,352152,35,0,0
周防,name,muni,353051,35,0,0
味村,name,muni,473022,47,0,0
味村,name,muni,473545,47,0,0
咋市,name,muni,172073,17,0,0
和光,name,muni,112291,11,0,0
和区,name,muni,111074,11,0,1
和区,name,muni,231070,23,0,1
和寒,name,muni,14648,1,0,0
和島,name,muni,382035,38,0,0
和市,name,muni,132209,13,0,0
和市,name,muni,142131,14,0,0
和木,name,muni,353213,35,0,0
和村,name,muni,74462,7,0,0
和村,name,muni,104485,10,0,0
和村,name,muni,465232,46,0,0
和束,name,muni,263656,26,0,0
和歌,name,pref,300004,30,0,0
和歌,name,muni,302015,30,0,0
和気,name,muni,333468,33,0,0
和水,name,muni,433691,43,0,0
和泉,name,muni,272191,27,0,0
和泊,name,muni,465330,46,0,0
和田,name,muni,22063,2,0,0
和田,name,muni,272027,27,0,0
和町,name,muni,14010,1,0,0
和町,name,muni,44211,4,0,0
和町,name,muni,105228,10,0,0
和町,name,muni,193844,19,0,0
和町,name,muni,203505,20,0,0
和町,name,muni,244422,24,0,0
和賀,name,muni,33669,3,0,0
和郡,name,muni,292036,29,0,0
和野,name,muni,325015,32,0,0
和高,name,muni,292028,29,0,0
咲町,name,muni,336661,33,0,0
品川,name,muni,131091,13,0,0
品村,name,muni,104434,10,0,0
員町,name,muni,243248,24,0,0
唄市,name,muni,12157,1,0,0
唐津,name,muni,412023,41,0,0
善町,name,muni,163422,16,0,0
善通,name,muni,372048,37,0,0
喜多,name,muni,72087,7,0,0
喜市,name,muni,112321,11,0,0
喜村,name,muni,473561,47,0,0
喜町,name,muni,124419,12,0,0
喜界,name,muni,465291,46,0,0
喜茂,name,muni,13986,1,0,0
喬木,name,muni,204153,20,0,0
嘉島,name,muni,434426,43,0,0
嘉手,name,muni,473251,47,0,0
嘉敷,name,muni,473537,47,0,0
嘉麻,name,muni,402273,40,0,0
四万,name,muni,392103,39,0,0
四万,name,muni,394122,39,0,0
四国,name,muni,382132,38,0,0
四日,name,muni,242021,24,0,0
四條,name,muni,272299,27,0,0
四街,name,muni,122289,12,0,0
国中,name,muni,382132,38,0,0
国分,name,muni,132144,13,0,0
国富,name,muni,453820,45,0,0
国市,name,muni,222259,22,0,0
国市,name,muni,352080,35,0,0
国市,name,muni,392049,39,0,0
国村,name,muni,473553,47,0,0
国東,name,muni,442143,44,0,0
国町,name,muni,13625,1,0,0
国町,name,muni,64017,6,0,0
国町,name,muni,434230,43,0,0
国町,name,muni,434248,43,0,0
国町,name,muni,473821,47,0,0
国立,name,muni,132152,13,0,0
国見,name,muni,73032,7,0,0
国頭,name,muni,473014,47,0,0
土佐,name,muni,392057,39,0,0
土佐,name,muni,392090,39,0,0
土佐,name,muni,393631,39,0,0
土佐,name,muni,394017,39,0,0
土岐,name,muni,212121,21,0,0
土市,name,muni,432113,43,0,0
土庄,name,muni,373222,37,0,0
土浦,name,muni,82031,8,0,0
土ｹ,name,muni,141062,14,0,1
地町,name,muni,24015,2,0,0
地町,name,muni,75612,7,0,0
地町,name,muni,304221,30,0,0
坂下,name,muni,74217,7,0,0
坂井,name,muni,182109,18,0,0
坂出,name,muni,372030,37,0,0
坂城,name,muni,205214,20,0,0
坂市,name,muni,202070,20,0,0
坂戸,name,muni,112399,11,0,0
坂村,name,muni,204480,20,0,0
坂東,name,muni,82287,8,0,0
坂町,name,muni,53031,5,0,0
坂町,name,muni,343099,34,0,0
坂祝,name,muni,215015,21,0,0
坊市,name,muni,302058,30,0,0
垂井,name,muni,213616,21,0,0
垂水,name,muni,281085,28,0,1
垂水,name,muni,462144,46,0,0
垣市,name,muni,212024,21,0,0
垣市,name,muni,472077,47,0,0
垣町,name,muni,403831,40,0,0
城南,name,muni,401366,40,0,1
城市,name,muni,42099,4,0,0
城市,name,muni,82074,8,0,0
城市,name,muni,82155,8,0,0
城市,name,muni,132250,13,0,0
城市,name,muni,232122,23,0,0
城市,name,muni,232211,23,0,0
城市,name,muni,292117,29,0,0
城市,name,muni,402192,40,0,0
城市,name,muni,412082,41,0,0
城市,name,muni,432130,43,0,0
城市,name,muni,452025,45,0,0
城市,name,muni,472123,47,0,0
城市,name,muni,472158,47,0,0
城村,name,muni,263672,26,0,0
城村,name,muni,473278,47,0,0
城村,name,muni,473286,47,0,0
城東,name,muni,271187,27,0,1
城町,name,muni,83020,8,0,0
城町,name,muni,205214,20,0,0
城町,name,muni,244619,24,0,0
城町,name,muni,434434,43,0,0
城町,name,muni,454044,45,0,0
城町,name,muni,465313,46,0,0
城目,name,muni,53619,5,0,0
城県,name,pref,40002,4,0,0
城県,name,pref,80004,8,0,0
城里,name,muni,83101,8,0,0
城野,name,muni,41025,4,0,1
城陽,name,muni,262072,26,0,0
基山,name,muni,413411,41,0,0
埼市,name,muni,412104,41,0,0
埼玉,name,pref,110001,11,0,0
場市,name,muni,222151,22,0,0
場村,name,muni,104442,10,0,0
堵町,name,muni,293458,29,0,0
堺区,name,muni,271411,27,0,1
堺市,name,muni,271403,27,1,0
堺市,name,muni,271411,27,0,1
堺市,name,muni,271420,27,0,1
堺市,name,muni,271438,27,0,1
堺市,name,muni,271446,27,0,1
堺市,name,muni,271454,27,0,1
堺市,name,muni,271462,27,0,1
堺市,name,muni,271471,27,0,1
塙町,name,muni,74837,7,0,0
塚区,name,muni,141101,14,0,1
塚市,name,muni,142034,14,0,0
塚市,name,muni,272086,27,0,0
塚市,name,muni,282146,28,0,0
塚市,name,muni,402052,40,0,0
塚村,name,muni,454290,45,0,0
塩原,name,muni,74021,7,0,0
塩原,name,muni,92134,9,0,0
塩尻,name,muni,202151,20,0,0
塩町,name,muni,14877,1,0,0
塩竈,name,muni,42030,4,0,0
塩谷,name,muni,93840,9,0,0
境港,name,muni,312045,31,0,0
境町,name,muni,85464,8,0,0
増毛,name,muni,14818,1,0,0
墨田,name,muni,131075,13,0,0
士別,name,muni,12203,1,0,0
士吉,name,muni,192023,19,0,0
士宮,name,muni,222071,22,0,0
士川,name,muni,193682,19,0,0
士市,name,muni,222101,22,0,0
士幌,name,muni,16322,1,0,0
士幌,name,muni,16331,1,0,0
士河,name,muni,194301,19,0,0
士町,name,muni,15199,1,0,0
士町,name,muni,325252,32,0,0
士見,name,muni,112356,11,0,0
士見,name,muni,203629,20,0,0
壬生,name,muni,93611,9,0,0
壮瞥,name,muni,15750,1,0,0
壱岐,name,muni,422100,42,0,0
売木,name,muni,204129,20,0,0
夕張,name,muni,12092,1,0,0
外ヶ,name,muni,23078,2,0,0
多久,name,muni,412040,41,0,0
多区,name,muni,401323,40,0,1
多古,name,muni,123471,12,0,0
多可,name,muni,283657,28,0,0
多喜,name,muni,124419,12,0,0
多市,name,muni,232246,23,0,0
多度,name,muni,374041,37,0,0
多摩,name,muni,132241,13,0,0
多摩,name,muni,133086,13,0,0
多摩,name,muni,141356,14,0,1
多方,name,muni,72087,7,0,0
多気,name,muni,244414,24,0,0
多治,name,muni,212041,21,0,0
多津,name,muni,373869,37,0,0
多町,name,muni,234451,23,0,0
多良,name,muni,435058,43,0,0
多良,name,muni,473758,47,0,0
多賀,name,muni,42099,4,0,0
多賀,name,muni,254436,25,0,0
夜別,name,muni,16977,1,0,0
大井,name,muni,143626,14,0,0
大仙,name,muni,52124,5,0,0
大任,name,muni,406082,40,0,0
大刀,name,muni,405035,40,0,0
大分,name,pref,440001,44,0,0
大分,name,muni,442011,44,0,0
大口,name,muni,233617,23,0,0
大台,name,muni,244431,24,0,0
大和,name,muni,44211,4,0,0
大和,name,muni,132209,13,0,0
大和,name,muni,142131,14,0,0
大和,name,muni,292028,29,0,0
大和,name,muni,292036,29,0,0
大和,name,muni,465232,46,0,0
大垣,name,muni,212024,21,0,0
大多,name,muni,124419,12,0,0
大子,name,muni,83640,8,0,0
大宜,name,muni,473022,47,0,0
大宮,name,muni,82252,8,0,0
大宮,name,muni,111031,11,0,1
大山,name,muni,263036,26,0,0
大山,name,muni,313866,31,0,0
大島,name,muni,133612,13,0,0
大島,name,muni,353051,35,0,0
大崎,name,muni,42153,4,0,0
大崎,name,muni,344311,34,0,0
大崎,name,muni,464686,46,0,0
大川,name,muni,393649,39,0,0
大川,name,muni,402125,40,0,0
大府,name,muni,232238,23,0,0
大月,name,muni,192066,19,0,0
大月,name,muni,394246,39,0,0
大木,name,muni,405221,40,0,0
大村,name,muni,422053,42,0,0
大東,name,muni,272183,27,0,0
大東,name,muni,473570,47,0,0
大東,name,muni,473588,47,0,0
大桑,name,muni,204307,20,0,0
大槌,name,muni,34614,3,0,0
大樹,name,muni,16411,1,0,0
大正,name,muni,271080,27,0,1
大江,name,muni,63240,6,0,0
大河,name,muni,43214,4,0,0
大治,name,muni,234249,23,0,0
大泉,name,muni,105244,10,0,0
大洗,name,muni,83097,8,0,0
大津,name,muni,252018,25,0,0
大津,name,muni,272060,27,0,0
大津,name,muni,434035,43,0,0
大洲,name,muni,382078,38,0,0
大淀,name,muni,294420,29,0,0
大潟,name,muni,53686,5,0,0
大熊,name,muni,75451,7,0,0
大牟,name,muni,402028,40,0,0
大玉,name,muni,73229,7,0,0
大田,name,muni,92100,9,0,0
大田,name,muni,131113,13,0,0
大田,name,muni,322059,32,0,0
大町,name,muni,202126,20,0,0
大町,name,muni,414239,41,0,0
大石,name,muni,63410,6,0,0
大磯,name,muni,143413,14,0,0
大空,name,muni,15644,1,0,0
大竹,name,muni,342114,34,0,0
大紀,name,muni,244716,24,0,0
大網,name,muni,122394,12,0,0
大船,name,muni,32034,3,0,0
大蔵,name,muni,63657,6,0,0
大衡,name,muni,44245,4,0,0
大豊,name,muni,393444,39,0,0
大郷,name,muni,44229,4,0,0
大野,name,muni,182052,18,0,0
大野,name,muni,214035,21,0,0
大野,name,muni,402192,40,0,0
大野,name,muni,442127,44,0,0
大間,name,muni,24236,2,0,0
大阪,name,pref,270008,27,0,0
大阪,name,muni,271004,27,1,0
大阪,name,muni,271021,27,0,1
大阪,name,muni,271039,27,0,1
大阪,name,muni,271047,27,0,1
大阪,name,muni,271063,27,0,1
大阪,name,muni,271071,27,0,1
大阪,name,muni,271080,27,0,1
大阪,name,muni,271098,27,0,1
大阪,name,muni,271110,27,0,1
大阪,name,muni,271136,27,0,1
大阪,name,muni,271144,27,0,1
大阪,name,muni,271152,27,0,1
大阪,name,muni,271161,27,0,1
大阪,name,muni,271179,27,0,1
大阪,name,muni,271187,27,0,1
大阪,name,muni,271195,27,0,1
大阪,name,muni,271209,27,0,1
大阪,name,muni,271217,27,0,1
大阪,name,muni,271225,27,0,1
大阪,name,muni,271233,27,0,1
大阪,name,muni,271241,27,0,1
大阪,name,muni,271250,27,0,1
大阪,name,muni,271268,27,0,1
大阪,name,muni,271276,27,0,1
大阪,name,muni,271284,27,0,1
大阪,name,muni,272272,27,0,0
大阪,name,muni,272311,27,0,0
大隅,name,muni,464911,46,0,0
大館,name,muni,52043,5,0,0
大鰐,name,muni,23621,2,0,0
大鹿,name,muni,204170,20,0,0
天城,name,muni,465313,46,0,0
天塩,name,muni,14877,1,0,0
天川,name,muni,294462,29,0,0
天栄,name,muni,73440,7,0,0
天王,name,muni,271098,27,0,1
天理,name,muni,292044,29,0,0
天白,name,muni,231169,23,0,1
天竜,name,muni,221406,22,0,1
天童,name,muni,62103,6,0,0
天草,name,muni,432121,43,0,0
天草,name,muni,432156,43,0,0
天龍,name,muni,204137,20,0,0
太地,name,muni,304221,30,0,0
太子,name,muni,273813,27,0,0
太子,name,muni,284645,28,0,0
太宰,name,muni,402214,40,0,0
太田,name,muni,82121,8,0,0
太田,name,muni,102059,10,0,0
太田,name,muni,343684,34,0,0
太白,name,muni,41041,4,0,1
太良,name,muni,414417,41,0,0
夫村,name,muni,325279,32,0,0
央区,name,muni,11011,1,0,1
央区,name,muni,111058,11,0,1
央区,name,muni,121011,12,0,1
央区,name,muni,131024,13,0,0
央区,name,muni,141526,14,0,1
央区,name,muni,151033,15,0,1
央区,name,muni,221384,22,0,1
央区,name,muni,271284,27,0,1
央区,name,muni,281107,28,0,1
央区,name,muni,401331,40,0,1
央区,name,muni,431010,43,0,1
央市,name,muni,192147,19,0,0
央市,name,muni,382132,38,0,0
央町,name,muni,336220,33,0,0
央町,name,muni,336815,33,0,0
奄美,name,muni,462225,46,0,0
奈井,name,muni,14249,1,0,0
奈半,name,muni,393029,39,0,0
奈川,name,pref,140007,14,0,0
奈川,name,muni,141020,14,0,1
奈木,name,muni,434841,43,0,0
奈町,name,muni,113018,11,0,0
奈義,name,muni,336238,33,0,0
奈良,name,pref,290009,29,0,0
奈良,name,muni,292010,29,0,0
奥出,name,muni,323438,32,0,0
奥多,name,muni,133086,13,0,0
奥尻,name,muni,13676,1,0,0
奥州,name,muni,32158,3,0,0
女川,name,muni,45811,4,0,0
女市,name,muni,402109,40,0,0
好市,name,muni,362085,36,0,0
妙高,name,muni,152170,15,0,0
妹背,name,muni,14338,1,0,0
妻市,name,muni,82104,8,0,0
妻町,name,muni,104299,10,0,0
姫島,name,muni,443221,44,0,0
姫路,name,muni,282014,28,0,0
姶良,name,muni,462250,46,0,0
威子,name,muni,14702,1,0,0
媛県,name,pref,380008,38,0,0
嬉野,name,muni,412091,41,0,0
嬬恋,name,muni,104256,10,0,0
子区,name,muni,141071,14,0,1
子屈,name,muni,16659,1,0,0
子市,name,muni,122025,12,0,0
子市,name,muni,122220,12,0,0
子市,name,muni,132012,13,0,0
子市,name,muni,142085,14,0,0
子市,name,muni,312029,31,0,0
子府,name,muni,14702,1,0,0
子府,name,muni,15491,1,0,0
子町,name,muni,24431,2,0,0
子町,name,muni,83640,8,0,0
子町,name,muni,93424,9,0,0
子町,name,muni,124249,12,0,0
子町,name,muni,273813,27,0,0
子町,name,muni,284645,28,0,0
子町,name,muni,384224,38,0,0
子町,name,muni,465011,46,0,0
子町,name,muni,465020,46,0,0
孫子,name,muni,122220,12,0,0
宅村,name,muni,133817,13,0,0
宅町,name,muni,293628,29,0,0
宇佐,name,muni,442119,44,0,0
宇和,name,muni,382035,38,0,0
宇土,name,muni,432113,43,0,0
宇城,name,muni,432130,43,0,0
宇多,name,muni,373869,37,0,0
宇検,name,muni,465241,46,0,0
宇治,name,muni,262048,26,0,0
宇治,name,muni,263443,26,0,0
宇美,name,muni,403415,40,0,0
宇部,name,muni,352021,35,0,0
宇都,name,muni,92011,9,0,0
宇陀,name,muni,292125,29,0,0
守口,name,muni,272094,27,0,0
守山,name,muni,231134,23,0,1
守山,name,muni,252077,25,0,0
守谷,name,muni,82244,8,0,0
安中,name,muni,102113,10,0,0
安佐,name,muni,341053,34,0,1
安佐,name,muni,341061,34,0,1
安八,name,muni,213837,21,0,0
安城,name,muni,232122,23,0,0
安堵,name,muni,293458,29,0,0
安市,name,muni,122271,12,0,0
安平,name,muni,15857,1,0,0
安曇,name,muni,202207,20,0,0
安来,name,muni,322067,32,0,0
安田,name,muni,393045,39,0,0
安町,name,muni,14001,1,0,0
安芸,name,muni,341070,34,0,1
安芸,name,muni,342149,34,0,0
安芸,name,muni,343684,34,0,0
安芸,name,muni,392031,39,0,0
宍粟,name,muni,282278,28,0,0
宗像,name,muni,402206,40,0,0
宗町,name,muni,215040,21,0,0
宜味,name,muni,473022,47,0,0
宜野,name,muni,472051,47,0,0
宜野,name,muni,473138,47,0,0
宝塚,name,muni,282146,28,0,0
宝町,name,muni,245623,24,0,0
宝達,name,muni,173860,17,0,0
室川,name,muni,63649,6,0,0
室市,name,muni,12238,1,0,0
室戸,name,muni,392022,39,0,0
室町,name,muni,16373,1,0,0
室蘭,name,muni,12050,1,0,0
宮代,name,muni,114421,11,0,0
宮前,name,muni,141364,14,0,1
宮区,name,muni,111031,11,0,1
宮古,name,muni,32026,3,0,0
宮古,name,muni,472140,47,0,0
宮城,name,pref,40002,4,0,0
宮城,name,muni,41025,4,0,1
宮崎,name,pref,450006,45,0,0
宮崎,name,muni,452017,45,0,0
宮市,name,muni,72141,7,0,0
宮市,name,muni,82252,8,0,0
宮市,name,muni,92011,9,0,0
宮市,name,muni,222071,22,0,0
宮市,name,muni,232033,23,0,0
宮市,name,muni,282049,28,0,0
宮市,name,muni,302074,30,0,0
宮津,name,muni,262056,26,0,0
宮田,name,muni,203882,20,0,0
宮町,name,muni,124214,12,0,0
宮町,name,muni,143421,14,0,0
宮町,name,muni,403458,40,0,0
宮若,name,muni,402265,40,0,0
宰府,name,muni,402214,40,0,0
宿区,name,muni,131041,13,0,0
宿市,name,muni,462101,46,0,0
宿毛,name,muni,392081,39,0,0
宿町,name,muni,43028,4,0,0
宿町,name,muni,124435,12,0,0
寄居,name,muni,114081,11,0,0
寄市,name,muni,12211,1,0,0
寄町,name,muni,16471,1,0,0
富加,name,muni,215023,21,0,0
富士,name,muni,15199,1,0,0
富士,name,muni,112356,11,0,0
富士,name,muni,192023,19,0,0
富士,name,muni,193682,19,0,0
富士,name,muni,194301,19,0,0
富士,name,muni,203629,20,0,0
富士,name,muni,222071,22,0,0
富士,name,muni,222101,22,0,0
富山,name,pref,160008,16,0,0
富山,name,muni,162019,16,0,0
富岡,name,muni,75434,7,0,0
富岡,name,muni,102105,10,0,0
富市,name,muni,232351,23,0,0
富津,name,muni,122262,12,0,0
富田,name,muni,272141,27,0,0
富田,name,muni,304042,30,0,0
富町,name,muni,15164,1,0,0
富町,name,muni,406422,40,0,0
富町,name,muni,453820,45,0,0
富町,name,muni,454028,45,0,0
富町,name,muni,473812,47,0,0
富良,name,muni,12297,1,0,0
富良,name,muni,14605,1,0,0
富良,name,muni,14613,1,0,0
富良,name,muni,14621,1,0,0
富谷,name,muni,42161,4,0,0
富里,name,muni,122335,12,0,0
寒川,name,muni,143219,14,0,0
寒河,name,muni,62065,6,0,0
寒町,name,muni,14648,1,0,0
寝屋,name,muni,272159,27,0,0
寺区,name,muni,271098,27,0,1
寺市,name,muni,132144,13,0,0
寺市,name,muni,272264,27,0,0
寺市,name,muni,372048,37,0,0
寺市,name,muni,372056,37,0,0
寺町,name,muni,183229,18,0,0
寺町,name,muni,294250,29,0,0
対馬,name,muni,422096,42,0,0
寿都,name,muni,13927,1,0,0
寿都,name,muni,13978,1,0,0
射水,name,muni,162116,16,0,0
小倉,name,muni,401064,40,0,1
小倉,name,muni,401072,40,0,1
小値,name,muni,423831,42,0,0
小千,name,muni,152081,15,0,0
小国,name,muni,64017,6,0,0
小国,name,muni,434230,43,0,0
小国,name,muni,434248,43,0,0
小坂,name,muni,53031,5,0,0
小城,name,muni,412082,41,0,0
小山,name,muni,92088,9,0,0
小山,name,muni,223441,22,0,0
小川,name,muni,113433,11,0,0
小川,name,muni,205885,20,0,0
小布,name,muni,205419,20,0,0
小平,name,muni,14826,1,0,0
小平,name,muni,132110,13,0,0
小松,name,muni,172031,17,0,0
小松,name,muni,362034,36,0,0
小林,name,muni,452050,45,0,0
小樽,name,muni,12033,1,0,0
小浜,name,muni,182044,18,0,0
小海,name,muni,203033,20,0,0
小清,name,muni,15474,1,0,0
小牧,name,muni,12131,1,0,0
小牧,name,muni,232190,23,0,0
小田,name,muni,142069,14,0,0
小矢,name,muni,162094,16,0,0
小竹,name,muni,404012,40,0,0
小笠,name,muni,134210,13,0,0
小美,name,muni,82368,8,0,0
小菅,name,muni,194425,19,0,0
小諸,name,muni,202088,20,0,0
小谷,name,muni,204862,20,0,0
小豆,name,muni,373249,37,0,0
小郡,name,muni,402168,40,0,0
小野,name,muni,75221,7,0,0
小野,name,muni,282189,28,0,0
小野,name,muni,352161,35,0,0
小金,name,muni,132101,13,0,0
小阿,name,muni,53279,5,0,0
小鹿,name,muni,113654,11,0,0
尻富,name,muni,15199,1,0,0
尻市,name,muni,202151,20,0,0
尻町,name,muni,13676,1,0,0
尻町,name,muni,15181,1,0,0
尻町,name,muni,273627,27,0,0
尼崎,name,muni,282022,28,0,0
尾市,name,muni,112194,11,0,0
尾市,name,muni,172022,17,0,0
尾市,name,muni,232131,23,0,0
尾市,name,muni,272124,27,0,0
尾市,name,muni,432041,43,0,0
尾張,name,muni,232262,23,0,0
尾村,name,muni,75485,7,0,0
尾町,name,muni,16420,1,0,0
尾花,name,muni,62120,6,0,0
尾道,name,muni,342050,34,0,0
尾鷲,name,muni,242098,24,0,0
居村,name,muni,16675,1,0,0
居浜,name,muni,382051,38,0,0
居町,name,muni,114081,11,0,0
屈町,name,muni,16659,1,0,0
屋久,name,muni,465054,46,0,0
屋川,name,muni,272159,27,0,0
屋市,name,muni,231002,23,1,0
屋市,name,muni,231011,23,0,1
屋市,name,muni,231029,23,0,1
屋市,name,muni,231037,23,0,1
屋市,name,muni,231045,23,0,1
屋市,name,muni,231053,23,0,1
屋市,name,muni,231061,23,0,1
屋市,name,muni,231070,23,0,1
屋市,name,muni,231088,23,0,1
屋市,name,muni,231096,23,0,1
屋市,name,muni,231100,23,0,1
屋市,name,muni,231118,23,0,1
屋市,name,muni,231126,23,0,1
屋市,name,muni,231134,23,0,1
屋市,name,muni,231142,23,0,1
屋市,name,muni,231151,23,0,1
屋市,name,muni,231169,23,0,1
屋市,name,muni,232343,23,0,0
屋市,name,muni,282065,28,0,0
屋市,name,muni,462039,46,0,0
屋村,name,muni,23434,2,0,0
屋村,name,muni,473596,47,0,0
屋町,name,muni,403491,40,0,0
屋町,name,muni,403814,40,0,0
山中,name,muni,194255,19,0,0
山元,name,muni,43621,4,0,0
山別,name,muni,14851,1,0,0
山北,name,muni,143642,14,0,0
山区,name,muni,231134,23,0,1
山区,name,muni,261050,26,0,1
山口,name,pref,350001,35,0,0
山口,name,muni,352039,35,0,0
山城,name,muni,263672,26,0,0
山崎,name,muni,263036,26,0,0
山市,name,muni,62073,6,0,0
山市,name,muni,62081,6,0,0
山市,name,muni,72036,7,0,0
山市,name,muni,92088,9,0,0
山市,name,muni,92151,9,0,0
山市,name,muni,112127,11,0,0
山市,name,muni,112151,11,0,0
山市,name,muni,122050,12,0,0
山市,name,muni,122203,12,0,0
山市,name,muni,132136,13,0,0
山市,name,muni,132233,13,0,0
山市,name,muni,162019,16,0,0
山市,name,muni,172103,17,0,0
山市,name,muni,182061,18,0,0
山市,name,muni,202134,20,0,0
山市,name,muni,212032,21,0,0
山市,name,muni,232157,23,0,0
山市,name,muni,242101,24,0,0
山市,name,muni,252077,25,0,0
山市,name,muni,262013,26,0,0
山市,name,muni,272311,27,0,0
山市,name,muni,282219,28,0,0
山市,name,muni,292036,29,0,0
山市,name,muni,302015,30,0,0
山市,name,muni,331007,33,1,0
山市,name,muni,331015,33,0,1
山市,name,muni,331023,33,0,1
山市,name,muni,331031,33,0,1
山市,name,muni,331040,33,0,1
山市,name,muni,332038,33,0,0
山市,name,muni,342076,34,0,0
山市,name,muni,382019,38,0,0
山形,name,pref,60003,6,0,0
山形,name,muni,62014,6,0,0
山形,name,muni,204501,20,0,0
山村,name,muni,104281,10,0,0
山村,name,muni,194433,19,0,0
山村,name,muni,205435,20,0,0
山村,name,muni,294501,29,0,0
山村,name,muni,294519,29,0,0
山村,name,muni,304271,30,0,0
山村,name,muni,434256,43,0,0
山梨,name,pref,190004,19,0,0
山梨,name,muni,192058,19,0,0
山武,name,muni,122378,12,0,0
山江,name,muni,435121,43,0,0
山添,name,muni,293229,29,0,0
山田,name,muni,34827,3,0,0
山町,name,muni,14290,1,0,0
山町,name,muni,63029,6,0,0
山町,name,muni,63614,6,0,0
山町,name,muni,74454,7,0,0
山町,name,muni,113263,11,0,0
山町,name,muni,113425,11,0,0
山町,name,muni,113484,11,0,0
山町,name,muni,124095,12,0,0
山町,name,muni,143014,14,0,0
山町,name,muni,163236,16,0,0
山町,name,muni,223441,22,0,0
山町,name,muni,233421,23,0,0
山町,name,muni,263222,26,0,0
山町,name,muni,303437,30,0,0
山町,name,muni,313866,31,0,0
山町,name,muni,363421,36,0,0
山町,name,muni,393410,39,0,0
山町,name,muni,403482,40,0,0
山町,name,muni,413411,41,0,0
山県,name,pref,160008,16,0,0
山県,name,muni,212156,21,0,0
山県,name,pref,300004,30,0,0
山県,name,pref,330001,33,0,0
山科,name,muni,261106,26,0,1
山辺,name,muni,63011,6,0,0
山都,name,muni,434477,43,0,0
山陽,name,muni,352161,35,0,0
山鹿,name,muni,432083,43,0,0
山ﾉ,name,muni,205613,20,0,0
岐南,name,muni,213021,21,0,0
岐市,name,muni,212121,21,0,0
岐市,name,muni,422100,42,0,0
岐村,name,muni,73644,7,0,0
岐町,name,muni,363839,36,0,0
岐阜,name,pref,210005,21,0,0
岐阜,name,muni,212016,21,0,0
岐ﾉ,name,muni,325287,32,0,0
岡京,name,muni,262099,26,0,0
岡垣,name,muni,403831,40,0,0
岡山,name,pref,330001,33,0,0
岡山,name,muni,331007,33,1,0
岡山,name,muni,331015,33,0,1
岡山,name,muni,331023,33,0,1
岡山,name,muni,331031,33,0,1
岡山,name,muni,331040,33,0,1
岡崎,name,muni,232025,23,0,0
岡市,name,muni,32018,3,0,0
岡市,name,muni,62031,6,0,0
岡市,name,muni,82058,8,0,0
岡市,name,muni,92096,9,0,0
岡市,name,muni,102091,10,0,0
岡市,name,muni,102105,10,0,0
岡市,name,muni,112461,11,0,0
岡市,name,muni,152021,15,0,0
岡市,name,muni,162027,16,0,0
岡市,name,muni,221007,22,1,0
岡市,name,muni,221015,22,0,1
岡市,name,muni,221023,22,0,1
岡市,name,muni,221031,22,0,1
岡市,name,muni,262064,26,0,0
岡市,name,muni,282090,28,0,0
岡市,name,muni,332054,33,0,0
岡市,name,muni,401307,40,1,0
岡市,name,muni,401315,40,0,1
岡市,name,muni,401323,40,0,1
岡市,name,muni,401331,40,0,1
岡市,name,muni,401340,40,0,1
岡市,name,muni,401358,40,0,1
岡市,name,muni,401366,40,0,1
岡市,name,muni,401374,40,0,1
岡市,name,muni,452033,45,0,0
岡町,name,muni,75434,7,0,0
岡町,name,muni,103454,10,0,0
岡町,name,muni,273414,27,0,0
岡県,name,pref,220001,22,0,0
岡県,name,pref,400009,40,0,0
岡谷,name,muni,202045,20,0,0
岩倉,name,muni,232289,23,0,0
岩内,name,muni,14028,1,0,0
岩出,name,muni,302091,30,0,0
岩国,name,muni,352080,35,0,0
岩手,name,pref,30007,3,0,0
岩手,name,muni,33031,3,0,0
岩槻,name,muni,111104,11,0,1
岩沼,name,muni,42111,4,0,0
岩泉,name,muni,34835,3,0,0
岩美,name,muni,313025,31,0,0
岩見,name,muni,12106,1,0,0
岬町,name,muni,243035,24,0,0
岬町,name,muni,273660,27,0,0
岸和,name,muni,272027,27,0,0
岸町,name,muni,16624,1,0,0
峰村,name,muni,404489,40,0,0
峰町,name,muni,53490,5,0,0
峰町,name,muni,413453,41,0,0
島区,name,muni,131164,13,0,0
島区,name,muni,271021,27,0,1
島区,name,muni,271039,27,0,1
島原,name,muni,422037,42,0,0
島原,name,muni,422142,42,0,0
島市,name,muni,12343,1,0,0
島市,name,muni,42145,4,0,0
島市,name,muni,72010,7,0,0
島市,name,muni,112411,11,0,0
島市,name,muni,132071,13,0,0
島市,name,muni,172049,17,0,0
島市,name,muni,212091,21,0,0
島市,name,muni,222062,22,0,0
島市,name,muni,232084,23,0,0
島市,name,muni,252123,25,0,0
島市,name,muni,341002,34,1,0
島市,name,muni,341011,34,0,1
島市,name,muni,341029,34,0,1
島市,name,muni,341037,34,0,1
島市,name,muni,341045,34,0,1
島市,name,muni,341053,34,0,1
島市,name,muni,341061,34,0,1
島市,name,muni,341070,34,0,1
島市,name,muni,341088,34,0,1
島市,name,muni,342122,34,0,0
島市,name,muni,342157,34,0,0
島市,name,muni,362018,36,0,0
島市,name,muni,362034,36,0,0
島市,name,muni,382035,38,0,0
島市,name,muni,402303,40,0,0
島市,name,muni,412074,41,0,0
島市,name,muni,422118,42,0,0
島市,name,muni,462012,46,0,0
島市,name,muni,462187,46,0,0
島市,name,muni,472140,47,0,0
島平,name,muni,205621,20,0,0
島本,name,muni,273015,27,0,0
島村,name,muni,74659,7,0,0
島村,name,muni,133621,13,0,0
島村,name,muni,133639,13,0,0
島村,name,muni,133647,13,0,0
島村,name,muni,133825,13,0,0
島村,name,muni,134023,13,0,0
島村,name,muni,234273,23,0,0
島村,name,muni,443221,44,0,0
島村,name,muni,463035,46,0,0
島村,name,muni,463043,46,0,0
島根,name,pref,320005,32,0,0
島浦,name,muni,155861,15,0,0
島牧,name,muni,13919,1,0,0
島田,name,muni,222097,22,0,0
島町,name,muni,13323,1,0,0
島町,name,muni,44016,4,0,0
島町,name,muni,74446,7,0,0
島町,name,muni,113468,11,0,0
島町,name,muni,133612,13,0,0
島町,name,muni,203840,20,0,0
島町,name,muni,325261,32,0,0
島町,name,muni,325287,32,0,0
島町,name,muni,334235,33,0,0
島町,name,muni,343692,34,0,0
島町,name,muni,344311,34,0,0
島町,name,muni,353051,35,0,0
島町,name,muni,364029,36,0,0
島町,name,muni,373249,37,0,0
島町,name,muni,373648,37,0,0
島町,name,muni,383562,38,0,0
島町,name,muni,424111,42,0,0
島町,name,muni,434426,43,0,0
島町,name,muni,464040,46,0,0
島町,name,muni,465054,46,0,0
島町,name,muni,465305,46,0,0
島町,name,muni,473618,47,0,0
島県,name,pref,70009,7,0,0
島県,name,pref,340006,34,0,0
島県,name,pref,360007,36,0,0
島県,name,pref,460001,46,0,0
崎上,name,muni,344311,34,0,0
崎区,name,muni,141313,14,0,1
崎市,name,muni,42153,4,0,0
崎市,name,muni,82082,8,0,0
崎市,name,muni,102024,10,0,0
崎市,name,muni,102041,10,0,0
崎市,name,muni,141305,14,1,0
崎市,name,muni,141313,14,0,1
崎市,name,muni,141321,14,0,1
崎市,name,muni,141330,14,0,1
崎市,name,muni,141348,14,0,1
崎市,name,muni,141356,14,0,1
崎市,name,muni,141364,14,0,1
崎市,name,muni,141372,14,0,1
崎市,name,muni,142077,14,0,0
崎市,name,muni,152056,15,0,0
崎市,name,muni,192074,19,0,0
崎市,name,muni,222232,22,0,0
崎市,name,muni,232025,23,0,0
崎市,name,muni,282022,28,0,0
崎市,name,muni,392065,39,0,0
崎市,name,muni,422011,42,0,0
崎市,name,muni,452017,45,0,0
崎市,name,muni,462047,46,0,0
崎村,name,muni,74641,7,0,0
崎町,name,muni,23612,2,0,0
崎町,name,muni,33812,3,0,0
崎町,name,muni,43249,4,0,0
崎町,name,muni,123421,12,0,0
崎町,name,muni,154059,15,0,0
崎町,name,muni,223051,22,0,0
崎町,name,muni,263036,26,0,0
崎町,name,muni,284432,28,0,0
崎町,name,muni,406058,40,0,0
崎町,name,muni,464686,46,0,0
崎県,name,pref,420000,42,0,0
崎県,name,pref,450006,45,0,0
嵐山,name,muni,113425,11,0,0
嵩町,name,muni,215210,21,0,0
嶋市,name,muni,82228,8,0,0
川三,name,muni,193461,19,0,0
川上,name,muni,203041,20,0,0
川上,name,muni,294527,29,0,0
川俣,name,muni,73083,7,0,0
川内,name,muni,75442,7,0,0
川内,name,muni,462152,46,0,0
川北,name,muni,173240,17,0,0
川区,name,muni,121029,12,0,1
川区,name,muni,131091,13,0,0
川区,name,muni,131181,13,0,0
川区,name,muni,131237,13,0,0
川区,name,muni,141020,14,0,1
川区,name,muni,231100,23,0,1
川区,name,muni,271136,27,0,1
川区,name,muni,271144,27,0,1
川区,name,muni,271233,27,0,1
川南,name,muni,454052,45,0,0
川原,name,muni,22055,2,0,0
川口,name,muni,112038,11,0,0
川場,name,muni,104442,10,0,0
川島,name,muni,113468,11,0,0
川崎,name,muni,43249,4,0,0
川崎,name,muni,141305,14,1,0
川崎,name,muni,141313,14,0,1
川崎,name,muni,141321,14,0,1
川崎,name,muni,141330,14,0,1
川崎,name,muni,141348,14,0,1
川崎,name,muni,141356,14,0,1
川崎,name,muni,141364,14,0,1
川崎,name,muni,141372,14,0,1
川崎,name,muni,406058,40,0,0
川市,name,muni,12041,1,0,0
川市,name,muni,12254,1,0,0
川市,name,muni,12262,1,0,0
川市,name,muni,12289,1,0,0
川市,name,muni,22101,2,0,0
川市,name,muni,72079,7,0,0
川市,name,muni,82317,8,0,0
川市,name,muni,102083,10,0,0
川市,name,muni,112313,11,0,0
川市,name,muni,112437,11,0,0
川市,name,muni,122033,12,0,0
川市,name,muni,122238,12,0,0
川市,name,muni,132021,13,0,0
川市,name,muni,152161,15,0,0
川市,name,muni,162060,16,0,0
川市,name,muni,212067,21,0,0
川市,name,muni,222135,22,0,0
川市,name,muni,222241,22,0,0
川市,name,muni,232076,23,0,0
川市,name,muni,262145,26,0,0
川市,name,muni,272159,27,0,0
川市,name,muni,282103,28,0,0
川市,name,muni,302082,30,0,0
川市,name,muni,362051,36,0,0
川市,name,muni,402061,40,0,0
川市,name,muni,402079,40,0,0
川市,name,muni,402125,40,0,0
川市,name,muni,402311,40,0,0
川本,name,muni,324418,32,0,0
川村,name,muni,14095,1,0,0
川村,name,muni,63665,6,0,0
川村,name,muni,74225,7,0,0
川村,name,muni,74845,7,0,0
川村,name,muni,75027,7,0,0
川村,name,muni,144029,14,0,0
川村,name,muni,155811,15,0,0
川村,name,muni,203866,20,0,0
川村,name,muni,204820,20,0,0
川村,name,muni,205885,20,0,0
川村,name,muni,215074,21,0,0
川村,name,muni,216046,21,0,0
川村,name,muni,294462,29,0,0
川村,name,muni,294471,29,0,0
川村,name,muni,294497,29,0,0
川村,name,muni,393053,39,0,0
川村,name,muni,393649,39,0,0
川根,name,muni,224294,22,0,0
川棚,name,muni,423220,42,0,0
川町,name,muni,14257,1,0,0
川町,name,muni,14320,1,0,0
川町,name,muni,14575,1,0,0
川町,name,muni,14583,1,0,0
川町,name,muni,14681,1,0,0
川町,name,muni,14711,1,0,0
川町,name,muni,45811,4,0,0
川町,name,muni,53660,5,0,0
川町,name,muni,63223,6,0,0
川町,name,muni,63649,6,0,0
川町,name,muni,64262,6,0,0
川町,name,muni,75019,7,0,0
川町,name,muni,75043,7,0,0
川町,name,muni,93017,9,0,0
川町,name,muni,94111,9,0,0
川町,name,muni,113417,11,0,0
川町,name,muni,113433,11,0,0
川町,name,muni,113832,11,0,0
川町,name,muni,143219,14,0,0
川町,name,muni,144011,14,0,0
川町,name,muni,193640,19,0,0
川町,name,muni,193682,19,0,0
川町,name,muni,204021,20,0,0
川町,name,muni,214019,21,0,0
川町,name,muni,215066,21,0,0
川町,name,muni,283011,28,0,0
川町,name,muni,284424,28,0,0
川町,name,muni,303623,30,0,0
川町,name,muni,303666,30,0,0
川町,name,muni,303925,30,0,0
川町,name,muni,304247,30,0,0
川町,name,muni,373877,37,0,0
川町,name,muni,393878,39,0,0
川町,name,muni,394025,39,0,0
川町,name,muni,404217,40,0,0
川町,name,muni,405442,40,0,0
川町,name,muni,434680,43,0,0
川町,name,muni,454214,45,0,0
川県,name,pref,140007,14,0,0
川県,name,pref,170003,17,0,0
川県,name,pref,370002,37,0,0
川西,name,muni,63827,6,0,0
川西,name,muni,282171,28,0,0
川西,name,muni,293610,29,0,0
川越,name,muni,112011,11,0,0
川越,name,muni,243442,24,0,0
川辺,name,muni,215031,21,0,0
州市,name,muni,32158,3,0,0
州市,name,muni,192139,19,0,0
州市,name,muni,401005,40,1,0
州市,name,muni,401013,40,0,1
州市,name,muni,401030,40,0,1
州市,name,muni,401056,40,0,1
州市,name,muni,401064,40,0,1
州市,name,muni,401072,40,0,1
州市,name,muni,401081,40,0,1
州市,name,muni,401099,40,0,1
州市,name,muni,462233,46,0,0
巣市,name,muni,112178,11,0,0
巣市,name,muni,212181,21,0,0
左京,name,muni,261033,26,0,1
差町,name,muni,13617,1,0,0
巻市,name,muni,32051,3,0,0
巻市,name,muni,42021,4,0,0
巻町,name,muni,33022,3,0,0
巻町,name,muni,403822,40,0,0
巾町,name,muni,33227,3,0,0
市上,name,muni,261025,26,0,1
市下,name,muni,261068,26,0,1
市中,name,muni,11011,1,0,1
市中,name,muni,111058,11,0,1
市中,name,muni,121011,12,0,1
市中,name,muni,141046,14,0,1
市中,name,muni,141330,14,0,1
市中,name,muni,141526,14,0,1
市中,name,muni,151033,15,0,1
市中,name,muni,221384,22,0,1
市中,name,muni,231053,23,0,1
市中,name,muni,231061,23,0,1
市中,name,muni,231100,23,0,1
市中,name,muni,261041,26,0,1
市中,name,muni,271284,27,0,1
市中,name,muni,271420,27,0,1
市中,name,muni,281107,28,0,1
市中,name,muni,331023,33,0,1
市中,name,muni,341011,34,0,1
市中,name,muni,401331,40,0,1
市中,name,muni,431010,43,0,1
市伏,name,muni,261092,26,0,1
市住,name,muni,271209,27,0,1
市住,name,muni,271250,27,0,1
市佐,name,muni,341088,34,0,1
市保,name,muni,141062,14,0,1
市八,name,muni,401081,40,0,1
市八,name,muni,401099,40,0,1
市兵,name,muni,281051,28,0,1
市北,name,muni,11029,1,0,1
市北,name,muni,111023,11,0,1
市北,name,muni,151017,15,0,1
市北,name,muni,231037,23,0,1
市北,name,muni,261017,26,0,1
市北,name,muni,271276,27,0,1
市北,name,muni,271462,27,0,1
市北,name,muni,281093,28,0,1
市北,name,muni,331015,33,0,1
市北,name,muni,431052,43,0,1
市千,name,muni,231011,23,0,1
市南,name,muni,11061,1,0,1
市南,name,muni,111082,11,0,1
市南,name,muni,141054,14,0,1
市南,name,muni,141534,14,0,1
市南,name,muni,151068,15,0,1
市南,name,muni,231126,23,0,1
市南,name,muni,261076,26,0,1
市南,name,muni,271454,27,0,1
市南,name,muni,331040,33,0,1
市南,name,muni,341037,34,0,1
市南,name,muni,401340,40,0,1
市南,name,muni,431044,43,0,1
市博,name,muni,401323,40,0,1
市厚,name,muni,11088,1,0,1
市原,name,muni,122190,12,0,0
市右,name,muni,261084,26,0,1
市名,name,muni,231151,23,0,1
市垂,name,muni,281085,28,0,1
市城,name,muni,271187,27,0,1
市城,name,muni,401366,40,0,1
市堺,name,muni,271411,27,0,1
市多,name,muni,141356,14,0,1
市大,name,muni,111031,11,0,1
市大,name,muni,271080,27,0,1
市天,name,muni,221406,22,0,1
市天,name,muni,231169,23,0,1
市天,name,muni,271098,27,0,1
市太,name,muni,41041,4,0,1
市守,name,muni,231134,23,0,1
市安,name,muni,341053,34,0,1
市安,name,muni,341061,34,0,1
市安,name,muni,341070,34,0,1
市宮,name,muni,41025,4,0,1
市宮,name,muni,141364,14,0,1
市小,name,muni,401064,40,0,1
市小,name,muni,401072,40,0,1
市山,name,muni,261106,26,0,1
市岩,name,muni,111104,11,0,1
市川,name,muni,122033,12,0,0
市川,name,muni,141313,14,0,1
市川,name,muni,193461,19,0,0
市川,name,muni,284424,28,0,0
市左,name,muni,261033,26,0,1
市市,name,muni,172120,17,0,0
市市,name,muni,242021,24,0,0
市市,name,muni,342131,34,0,0
市平,name,muni,271268,27,0,1
市幸,name,muni,141321,14,0,1
市戸,name,muni,141101,14,0,1
市戸,name,muni,401056,40,0,1
市手,name,muni,11096,1,0,1
市早,name,muni,401374,40,0,1
市旭,name,muni,141127,14,0,1
市旭,name,muni,271179,27,0,1
市昭,name,muni,231070,23,0,1
市東,name,muni,11037,1,0,1
市東,name,muni,151025,15,0,1
市東,name,muni,231029,23,0,1
市東,name,muni,261050,26,0,1
市東,name,muni,271144,27,0,1
市東,name,muni,271152,27,0,1
市東,name,muni,271217,27,0,1
市東,name,muni,271438,27,0,1
市東,name,muni,281018,28,0,1
市東,name,muni,331031,33,0,1
市東,name,muni,341029,34,0,1
市東,name,muni,401315,40,0,1
市東,name,muni,431028,43,0,1
市栄,name,muni,141151,14,0,1
市桜,name,muni,111066,11,0,1
市此,name,muni,271047,27,0,1
市江,name,muni,151041,15,0,1
市泉,name,muni,41050,4,0,1
市泉,name,muni,141160,14,0,1
市浜,name,muni,221392,22,0,1
市浦,name,muni,111074,11,0,1
市浪,name,muni,271110,27,0,1
市淀,name,muni,271233,27,0,1
市清,name,muni,11100,1,0,1
市清,name,muni,221031,22,0,1
市港,name,muni,141097,14,0,1
市港,name,muni,141119,14,0,1
市港,name,muni,231118,23,0,1
市港,name,muni,271071,27,0,1
市瀬,name,muni,141143,14,0,1
市灘,name,muni,281026,28,0,1
市熱,name,muni,231096,23,0,1
市瑞,name,muni,231088,23,0,1
市生,name,muni,271161,27,0,1
市町,name,muni,14087,1,0,0
市町,name,muni,163228,16,0,0
市町,name,muni,294438,29,0,0
市白,name,muni,11045,1,0,1
市磯,name,muni,141071,14,0,1
市神,name,muni,141020,14,0,1
市福,name,muni,271039,27,0,1
市秋,name,muni,151050,15,0,1
市稲,name,muni,121037,12,0,1
市緑,name,muni,111091,11,0,1
市緑,name,muni,121053,12,0,1
市緑,name,muni,141135,14,0,1
市緑,name,muni,141518,14,0,1
市緑,name,muni,231142,23,0,1
市美,name,muni,121061,12,0,1
市美,name,muni,271471,27,0,1
市花,name,muni,121029,12,0,1
市若,name,muni,41033,4,0,1
市若,name,muni,121045,12,0,1
市若,name,muni,401030,40,0,1
市葵,name,muni,221015,22,0,1
市西,name,muni,11070,1,0,1
市西,name,muni,111015,11,0,1
市西,name,muni,141038,14,0,1
市西,name,muni,151076,15,0,1
市西,name,muni,151084,15,0,1
市西,name,muni,231045,23,0,1
市西,name,muni,261114,26,0,1
市西,name,muni,271063,27,0,1
市西,name,muni,271136,27,0,1
市西,name,muni,271225,27,0,1
市西,name,muni,271446,27,0,1
市西,name,muni,281115,28,0,1
市西,name,muni,341045,34,0,1
市西,name,muni,401358,40,0,1
市西,name,muni,431036,43,0,1
市見,name,muni,111040,11,0,1
市豊,name,muni,11053,1,0,1
市貝,name,muni,93441,9,0,0
市都,name,muni,141186,14,0,1
市都,name,muni,271021,27,0,1
市金,name,muni,141089,14,0,1
市長,name,muni,281069,28,0,1
市門,name,muni,401013,40,0,1
市阿,name,muni,271195,27,0,1
市青,name,muni,41017,4,0,1
市青,name,muni,141178,14,0,1
市須,name,muni,281077,28,0,1
市駿,name,muni,221023,22,0,1
市高,name,muni,141348,14,0,1
市鶴,name,muni,141011,14,0,1
市鶴,name,muni,271241,27,0,1
市麻,name,muni,141372,14,0,1
布市,name,muni,132080,13,0,0
布市,name,muni,442135,44,0,0
布志,name,muni,462217,46,0,0
布施,name,muni,205419,20,0,0
布施,name,muni,353434,35,0,0
布町,name,muni,14559,1,0,0
帯広,name,muni,12076,1,0,0
帰仁,name,muni,473065,47,0,0
常滑,name,muni,232165,23,0,0
常総,name,muni,82112,8,0,0
常陸,name,muni,82121,8,0,0
常陸,name,muni,82252,8,0,0
幌加,name,muni,14729,1,0,0
幌市,name,muni,11002,1,1,0
幌市,name,muni,11011,1,0,1
幌市,name,muni,11029,1,0,1
幌市,name,muni,11037,1,0,1
幌市,name,muni,11045,1,0,1
幌市,name,muni,11053,1,0,1
幌市,name,muni,11061,1,0,1
幌市,name,muni,11070,1,0,1
幌市,name,muni,11088,1,0,1
幌市,name,muni,11096,1,0,1
幌市,name,muni,11100,1,0,1
幌延,name,muni,15202,1,0,0
幌町,name,muni,14231,1,0,0
幌町,name,muni,14842,1,0,0
幌町,name,muni,15431,1,0,0
幌町,name,muni,16322,1,0,0
幌町,name,muni,16331,1,0,0
幌町,name,muni,16497,1,0,0
幕別,name,muni,16438,1,0,0
幡市,name,muni,252042,25,0,0
幡市,name,muni,262102,26,0,0
幡平,name,muni,32140,3,0,0
幡東,name,muni,401081,40,0,1
幡浜,name,muni,382043,38,0,0
幡町,name,muni,173614,17,0,0
幡西,name,muni,401099,40,0,1
平内,name,muni,23019,2,0,0
平区,name,muni,11053,1,0,1
平取,name,muni,16021,1,0,0
平塚,name,muni,142034,14,0,0
平寺,name,muni,183229,18,0,0
平屋,name,muni,473596,47,0,0
平川,name,muni,22101,2,0,0
平市,name,muni,12181,1,0,0
平市,name,muni,32140,3,0,0
平市,name,muni,132110,13,0,0
平戸,name,muni,422070,42,0,0
平村,name,muni,205621,20,0,0
平泉,name,muni,34029,3,0,0
平生,name,muni,353442,35,0,0
平田,name,muni,75035,7,0,0
平町,name,muni,14061,1,0,0
平町,name,muni,14826,1,0,0
平町,name,muni,15857,1,0,0
平町,name,muni,374032,37,0,0
平群,name,muni,293423,29,0,0
平谷,name,muni,204099,20,0,0
平野,name,muni,271268,27,0,1
幸区,name,muni,141321,14,0,1
幸手,name,muni,112402,11,0,0
幸田,name,muni,235016,23,0,0
幸町,name,muni,15148,1,0,0
広尾,name,muni,16420,1,0,0
広島,name,muni,12343,1,0,0
広島,name,pref,340006,34,0,0
広島,name,muni,341002,34,1,0
広島,name,muni,341011,34,0,1
広島,name,muni,341029,34,0,1
広島,name,muni,341037,34,0,1
広島,name,muni,341045,34,0,1
広島,name,muni,341053,34,0,1
広島,name,muni,341061,34,0,1
広島,name,muni,341070,34,0,1
広島,name,muni,341088,34,0,1
広島,name,muni,342122,34,0,0
広島,name,muni,343692,34,0,0
広川,name,muni,303623,30,0,0
広川,name,muni,405442,40,0,0
広市,name,muni,12076,1,0,0
広野,name,muni,75418,7,0,0
広陵,name,muni,294268,29,0,0
庄内,name,muni,64289,6,0,0
庄原,name,muni,342106,34,0,0
庄市,name,muni,62057,6,0,0
庄市,name,muni,112119,11,0,0
庄村,name,muni,335860,33,0,0
庄町,name,muni,123498,12,0,0
庄町,name,muni,334456,33,0,0
庄町,name,muni,373222,37,0,0
府中,name,muni,132063,13,0,0
府中,name,muni,342084,34,0,0
府中,name,muni,343021,34,0,0
府市,name,muni,192015,19,0,0
府市,name,muni,232238,23,0,0
府市,name,muni,352063,35,0,0
府市,name,muni,402214,40,0,0
府市,name,muni,442020,44,0,0
府村,name,muni,14702,1,0,0
府町,name,muni,15491,1,0,0
府町,name,muni,44067,4,0,0
府町,name,muni,314030,31,0,0
度会,name,muni,244708,24,0,0
度山,name,muni,303437,30,0,0
度津,name,muni,374041,37,0,0
座川,name,muni,304247,30,0,0
座市,name,muni,112305,11,0,0
座村,name,muni,473138,47,0,0
座間,name,muni,142166,14,0,0
座間,name,muni,473545,47,0,0
庫区,name,muni,281051,28,0,1
庫県,name,pref,280003,28,0,0
庭市,name,muni,12319,1,0,0
庭市,name,muni,332143,33,0,0
延岡,name,muni,452033,45,0,0
延町,name,muni,15202,1,0,0
延町,name,muni,193658,19,0,0
廿日,name,muni,342131,34,0,0
弘前,name,muni,22021,2,0,0
弟子,name,muni,16659,1,0,0
弥富,name,muni,232351,23,0,0
弥彦,name,muni,153427,15,0,0
張市,name,muni,12092,1,0,0
張市,name,muni,242080,24,0,0
張旭,name,muni,232262,23,0,0
当別,name,muni,13030,1,0,0
当麻,name,muni,14541,1,0,0
形市,name,muni,62014,6,0,0
形村,name,muni,204501,20,0,0
形町,name,muni,14303,1,0,0
形町,name,muni,63631,6,0,0
形県,name,pref,60003,6,0,0
彦村,name,muni,153427,15,0,0
彦根,name,muni,252026,25,0,0
影町,name,muni,454427,45,0,0
彼杵,name,muni,423211,42,0,0
後大,name,muni,442127,44,0,0
後市,name,muni,262129,26,0,0
後市,name,muni,402117,40,0,0
後町,name,muni,54631,5,0,0
後高,name,muni,442097,44,0,0
得町,name,muni,16357,1,0,0
御代,name,muni,203238,20,0,0
御前,name,muni,222232,22,0,0
御坊,name,muni,302058,30,0,0
御宿,name,muni,124435,12,0,0
御山,name,muni,263222,26,0,0
御嵩,name,muni,215210,21,0,0
御市,name,muni,202193,20,0,0
御所,name,muni,292087,29,0,0
御杖,name,muni,293865,29,0,0
御殿,name,muni,222151,22,0,0
御浜,name,muni,245615,24,0,0
御船,name,muni,434418,43,0,0
御蔵,name,muni,133825,13,0,0
徳之,name,muni,465305,46,0,0
徳島,name,pref,360007,36,0,0
徳島,name,muni,362018,36,0,0
忍野,name,muni,194247,19,0,0
志免,name,muni,403431,40,0,0
志内,name,muni,12271,1,0,0
志市,name,muni,432164,43,0,0
志市,name,muni,462217,46,0,0
志布,name,muni,462217,46,0,0
志摩,name,muni,242152,24,0,0
志木,name,muni,112283,11,0,0
志村,name,muni,194221,19,0,0
志水,name,muni,173860,17,0,0
志賀,name,muni,173843,17,0,0
志野,name,muni,122165,12,0,0
忠岡,name,muni,273414,27,0,0
恋村,name,muni,104256,10,0,0
恩納,name,muni,473111,47,0,0
恵内,name,muni,14044,1,0,0
恵庭,name,muni,12319,1,0,0
恵町,name,muni,403440,40,0,0
恵那,name,muni,212105,21,0,0
愛別,name,muni,14567,1,0,0
愛南,name,muni,385069,38,0,0
愛媛,name,pref,380008,38,0,0
愛川,name,muni,144011,14,0,0
愛知,name,pref,230006,23,0,0
愛荘,name,muni,254258,25,0,0
愛西,name,muni,232327,23,0,0
慈市,name,muni,32077,3,0,0
成区,name,muni,271152,27,0,1
成区,name,muni,271225,27,0,1
成瀬,name,muni,54640,5,0,0
成田,name,muni,122114,12,0,0
成町,name,muni,143669,14,0,0
我孫,name,muni,122220,12,0,0
戸内,name,muni,332127,33,0,0
戸内,name,muni,465259,46,0,0
戸塚,name,muni,141101,14,0,1
戸川,name,muni,131237,13,0,0
戸市,name,muni,22039,2,0,0
戸市,name,muni,32131,3,0,0
戸市,name,muni,82015,8,0,0
戸市,name,muni,112399,11,0,0
戸市,name,muni,122076,12,0,0
戸市,name,muni,232041,23,0,0
戸市,name,muni,281000,28,1,0
戸市,name,muni,281018,28,0,1
戸市,name,muni,281026,28,0,1
戸市,name,muni,281051,28,0,1
戸市,name,muni,281069,28,0,1
戸市,name,muni,281077,28,0,1
戸市,name,muni,281085,28,0,1
戸市,name,muni,281093,28,0,1
戸市,name,muni,281107,28,0,1
戸市,name,muni,281115,28,0,1
戸市,name,muni,392022,39,0,0
戸市,name,muni,422070,42,0,0
戸村,name,muni,35068,3,0,0
戸沢,name,muni,63673,6,0,0
戸田,name,muni,112241,11,0,0
戸町,name,muni,15504,1,0,0
戸町,name,muni,24023,2,0,0
戸町,name,muni,24058,2,0,0
戸町,name,muni,24414,2,0,0
戸町,name,muni,24422,2,0,0
戸町,name,muni,35246,3,0,0
戸町,name,muni,114642,11,0,0
戸町,name,muni,213811,21,0,0
戸畑,name,muni,401056,40,0,1
房総,name,muni,122343,12,0,0
所川,name,muni,22055,2,0,0
所市,name,muni,292087,29,0,0
所村,name,muni,24112,2,0,0
所沢,name,muni,112089,11,0,0
手市,name,muni,52035,5,0,0
手市,name,muni,82171,8,0,0
手市,name,muni,112402,11,0,0
手市,name,muni,232386,23,0,0
手町,name,muni,33031,3,0,0
手町,name,muni,263435,26,0,0
手町,name,muni,404021,40,0,0
手県,name,pref,30007,3,0,0
手稲,name,muni,11096,1,0,1
手納,name,muni,473251,47,0,0
払村,name,muni,15113,1,0,0
扶桑,name,muni,233625,23,0,0
折町,name,muni,73016,7,0,0
指宿,name,muni,462101,46,0,0
掛川,name,muni,222135,22,0,0
掛町,name,muni,334618,33,0,0
揖斐,name,muni,214019,21,0,0
摂津,name,muni,272248,27,0,0
摩区,name,muni,141356,14,0,1
摩川,name,muni,462152,46,0,0
摩市,name,muni,132241,13,0,0
摩市,name,muni,242152,24,0,0
摩町,name,muni,133086,13,0,0
播磨,name,muni,283827,28,0,0
敦賀,name,muni,182028,18,0,0
敷市,name,muni,82295,8,0,0
敷市,name,muni,332020,33,0,0
敷村,name,muni,473537,47,0,0
文京,name,muni,131059,13,0,0
文町,name,muni,15172,1,0,0
斐川,name,muni,214019,21,0,0
斐市,name,muni,192104,19,0,0
斑鳩,name,muni,293440,29,0,0
斗市,name,muni,12360,1,0,0
斜里,name,muni,15458,1,0,0
新上,name,muni,424111,42,0,0
新冠,name,muni,16047,1,0,0
新十,name,muni,14320,1,0,0
新地,name,muni,75612,7,0,0
新城,name,muni,232211,23,0,0
新宮,name,muni,302074,30,0,0
新宮,name,muni,403458,40,0,0
新宿,name,muni,131041,13,0,0
新富,name,muni,454028,45,0,0
新居,name,muni,382051,38,0,0
新島,name,muni,133639,13,0,0
新庄,name,muni,62057,6,0,0
新庄,name,muni,335860,33,0,0
新座,name,muni,112305,11,0,0
新得,name,muni,16357,1,0,0
新温,name,muni,285862,28,0,0
新潟,name,pref,150002,15,0,0
新潟,name,muni,151009,15,1,0
新潟,name,muni,151017,15,0,1
新潟,name,muni,151025,15,0,1
新潟,name,muni,151033,15,0,1
新潟,name,muni,151041,15,0,1
新潟,name,muni,151050,15,0,1
新潟,name,muni,151068,15,0,1
新潟,name,muni,151076,15,0,1
新潟,name,muni,151084,15,0,1
新発,name,muni,152064,15,0,0
新篠,name,muni,13048,1,0,0
新見,name,muni,332101,33,0,0
新郷,name,muni,24503,2,0,0
新ﾋ,name,muni,16101,1,0,0
方市,name,muni,72087,7,0,0
方市,name,muni,82333,8,0,0
方市,name,muni,272108,27,0,0
方市,name,muni,402044,40,0,0
方町,name,muni,214213,21,0,0
方町,name,muni,384429,38,0,0
於市,name,muni,462179,46,0,0
施町,name,muni,205419,20,0,0
施町,name,muni,353434,35,0,0
日之,name,muni,454427,45,0,0
日井,name,muni,232068,23,0,0
日光,name,muni,92061,9,0,0
日出,name,muni,443417,44,0,0
日南,name,muni,314013,31,0,0
日南,name,muni,452041,45,0,0
日吉,name,muni,313840,31,0,0
日向,name,muni,452068,45,0,0
日市,name,muni,242021,24,0,0
日市,name,muni,262081,26,0,0
日市,name,muni,342131,34,0,0
日市,name,muni,402184,40,0,0
日村,name,muni,204510,20,0,0
日田,name,muni,442046,44,0,0
日町,name,muni,63231,6,0,0
日町,name,muni,152102,15,0,0
日町,name,muni,163431,16,0,0
日町,name,muni,243434,24,0,0
日立,name,muni,82023,8,0,0
日置,name,muni,462161,46,0,0
日進,name,muni,232301,23,0,0
日部,name,muni,112143,11,0,0
日野,name,muni,132128,13,0,0
日野,name,muni,253839,25,0,0
日野,name,muni,314021,31,0,0
日香,name,muni,294021,29,0,0
日高,name,muni,16012,1,0,0
日高,name,muni,112429,11,0,0
日高,name,muni,303828,30,0,0
日高,name,muni,303925,30,0,0
日高,name,muni,394106,39,0,0
日ﾉ,name,muni,133051,13,0,0
早島,name,muni,334235,33,0,0
早川,name,muni,193640,19,0,0
早市,name,muni,422045,42,0,0
早良,name,muni,401374,40,0,1
早赤,name,muni,273830,27,0,0
旭区,name,muni,141127,14,0,1
旭区,name,muni,271179,27,0,1
旭川,name,muni,12041,1,0,0
旭市,name,muni,122157,12,0,0
旭市,name,muni,232262,23,0,0
明和,name,muni,105228,10,0,0
明和,name,muni,244422,24,0,0
明市,name,muni,232297,23,0,0
明日,name,muni,294021,29,0,0
明石,name,muni,282031,28,0,0
春日,name,muni,112143,11,0,0
春日,name,muni,232068,23,0,0
春日,name,muni,402184,40,0,0
春町,name,muni,75213,7,0,0
春町,name,muni,406015,40,0,0
昭和,name,muni,74462,7,0,0
昭和,name,muni,104485,10,0,0
昭和,name,muni,193844,19,0,0
昭和,name,muni,231070,23,0,1
昭島,name,muni,132071,13,0,0
是名,name,muni,473600,47,0,0
時津,name,muni,423084,42,0,0
普代,name,muni,34851,3,0,0
智勝,name,muni,304212,30,0,0
智村,name,muni,204072,20,0,0
智町,name,muni,406104,40,0,0
智頭,name,muni,313289,31,0,0
曇野,name,muni,202207,20,0,0
曲市,name,muni,202185,20,0,0
曳野,name,muni,272221,27,0,0
更別,name,muni,16390,1,0,0
更津,name,muni,122068,12,0,0
更町,name,muni,16314,1,0,0
曽岬,name,muni,243035,24,0,0
曽於,name,muni,462179,46,0,0
曽爾,name,muni,293857,29,0,0
曽町,name,muni,204234,20,0,0
曽町,name,muni,204323,20,0,0
最上,name,muni,63622,6,0,0
月市,name,muni,192066,19,0,0
月形,name,muni,14303,1,0,0
月町,name,muni,394246,39,0,0
有田,name,muni,302040,30,0,0
有田,name,muni,303666,30,0,0
有田,name,muni,414018,41,0,0
朝倉,name,muni,402281,40,0,0
朝日,name,muni,63231,6,0,0
朝日,name,muni,163431,16,0,0
朝日,name,muni,204510,20,0,0
朝日,name,muni,243434,24,0,0
朝来,name,muni,282251,28,0,0
朝町,name,muni,313645,31,0,0
朝霞,name,muni,112275,11,0,0
木古,name,muni,13340,1,0,0
木城,name,muni,454044,45,0,0
木島,name,muni,205621,20,0,0
木市,name,muni,92037,9,0,0
木市,name,muni,112283,11,0,0
木市,name,muni,142123,14,0,0
木市,name,muni,272116,27,0,0
木市,name,muni,282154,28,0,0
木更,name,muni,122068,12,0,0
木曽,name,muni,204234,20,0,0
木曽,name,muni,204323,20,0,0
木曽,name,muni,243035,24,0,0
木村,name,muni,203068,20,0,0
木村,name,muni,203076,20,0,0
木村,name,muni,203491,20,0,0
木村,name,muni,204129,20,0,0
木村,name,muni,204153,20,0,0
木村,name,muni,435112,43,0,0
木津,name,muni,262145,26,0,0
木町,name,muni,14079,1,0,0
木町,name,muni,93432,9,0,0
木町,name,muni,93645,9,0,0
木町,name,muni,353213,35,0,0
木町,name,muni,373419,37,0,0
木町,name,muni,405221,40,0,0
木町,name,muni,434841,43,0,0
木町,name,muni,435058,43,0,0
木県,name,pref,90000,9,0,0
木祖,name,muni,204251,20,0,0
木野,name,muni,462195,46,0,0
本別,name,muni,16462,1,0,0
本宮,name,muni,72141,7,0,0
本山,name,muni,393410,39,0,0
本巣,name,muni,212181,21,0,0
本市,name,muni,112330,11,0,0
本市,name,muni,202029,20,0,0
本市,name,muni,282057,28,0,0
本市,name,muni,302031,30,0,0
本市,name,muni,431001,43,1,0
本市,name,muni,431010,43,0,1
本市,name,muni,431028,43,0,1
本市,name,muni,431036,43,0,1
本市,name,muni,431044,43,0,1
本市,name,muni,431052,43,0,1
本庄,name,muni,112119,11,0,0
本松,name,muni,72109,7,0,0
本町,name,muni,224294,22,0,0
本町,name,muni,273015,27,0,0
本町,name,muni,293636,29,0,0
本町,name,muni,304280,30,0,0
本町,name,muni,324418,32,0,0
本県,name,pref,430005,43,0,0
本荘,name,muni,52108,5,0,0
本部,name,muni,473081,47,0,0
札内,name,muni,16381,1,0,0
札幌,name,muni,11002,1,1,0
札幌,name,muni,11011,1,0,1
札幌,name,muni,11029,1,0,1
札幌,name,muni,11037,1,0,1
札幌,name,muni,11045,1,0,1
札幌,name,muni,11053,1,0,1
札幌,name,muni,11061,1,0,1
札幌,name,muni,11070,1,0,1
札幌,name,muni,11088,1,0,1
札幌,name,muni,11096,1,0,1
札幌,name,muni,11100,1,0,1
杉並,name,muni,131156,13,0,0
杉戸,name,muni,114642,11,0,0
村上,name,muni,152129,15,0,0
村区,name,muni,231053,23,0,1
村山,name,muni,62081,6,0,0
村山,name,muni,132136,13,0,0
村山,name,muni,132233,13,0,0
村市,name,muni,72117,7,0,0
村市,name,muni,132276,13,0,0
村市,name,muni,422053,42,0,0
村田,name,muni,43222,4,0,0
村町,name,muni,104647,10,0,0
杖村,name,muni,293865,29,0,0
杜市,name,muni,192091,19,0,0
束町,name,muni,263656,26,0,0
条市,name,muni,152048,15,0,0
条市,name,muni,382060,38,0,0
条町,name,muni,104213,10,0,0
来市,name,muni,82236,8,0,0
来市,name,muni,282251,28,0,0
来市,name,muni,322067,32,0,0
東串,name,muni,464821,46,0,0
東久,name,muni,132225,13,0,0
東京,name,pref,130001,13,0,0
東京,name,muni,132292,13,0,0
東伊,name,muni,223018,22,0,0
東住,name,muni,271217,27,0,1
東北,name,muni,24082,2,0,0
東区,name,muni,11037,1,0,1
東区,name,muni,131067,13,0,0
東区,name,muni,131083,13,0,0
東区,name,muni,151025,15,0,1
東区,name,muni,231029,23,0,1
東区,name,muni,231151,23,0,1
東区,name,muni,271187,27,0,1
東区,name,muni,271438,27,0,1
東区,name,muni,331031,33,0,1
東区,name,muni,341029,34,0,1
東区,name,muni,401081,40,0,1
東区,name,muni,401315,40,0,1
東区,name,muni,431028,43,0,1
東吉,name,muni,294535,29,0,0
東吾,name,muni,104299,10,0,0
東員,name,muni,243248,24,0,0
東大,name,muni,132209,13,0,0
東大,name,muni,272272,27,0,0
東山,name,muni,261050,26,0,1
東峰,name,muni,404489,40,0,0
東川,name,muni,14583,1,0,0
東市,name,muni,82287,8,0,0
東市,name,muni,222089,22,0,0
東市,name,muni,252085,25,0,0
東市,name,muni,272183,27,0,0
東市,name,muni,282286,28,0,0
東市,name,muni,442143,44,0,0
東広,name,muni,342122,34,0,0
東庄,name,muni,123498,12,0,0
東彼,name,muni,423211,42,0,0
東御,name,muni,202193,20,0,0
東成,name,muni,54640,5,0,0
東成,name,muni,271152,27,0,1
東村,name,muni,103446,10,0,0
東村,name,muni,132136,13,0,0
東村,name,muni,473031,47,0,0
東村,name,muni,473570,47,0,0
東村,name,muni,473588,47,0,0
東松,name,muni,42145,4,0,0
東松,name,muni,112127,11,0,0
東栄,name,muni,235628,23,0,0
東根,name,muni,62111,6,0,0
東洋,name,muni,393011,39,0,0
東浦,name,muni,234427,23,0,0
東海,name,muni,83411,8,0,0
東海,name,muni,232220,23,0,0
東淀,name,muni,271144,27,0,1
東温,name,muni,382159,38,0,0
東灘,name,muni,281018,28,0,1
東町,name,muni,433641,43,0,0
東白,name,muni,215074,21,0,0
東神,name,muni,14532,1,0,0
東秩,name,muni,113697,11,0,0
東近,name,muni,252131,25,0,0
東通,name,muni,24244,2,0,0
東郷,name,muni,233021,23,0,0
東金,name,muni,122131,12,0,0
東ｶ,name,muni,372072,37,0,0
東ﾐ,name,muni,364894,36,0,0
杵市,name,muni,442062,44,0,0
杵町,name,muni,423211,42,0,0
杵築,name,muni,442101,44,0,0
松伏,name,muni,114651,11,0,0
松内,name,muni,13935,1,0,0
松前,name,muni,13315,1,0,0
松前,name,muni,384011,38,0,0
松区,name,muni,401030,40,0,1
松原,name,muni,272175,27,0,0
松山,name,muni,112127,11,0,0
松山,name,muni,382019,38,0,0
松島,name,muni,42145,4,0,0
松島,name,muni,44016,4,0,0
松島,name,muni,362034,36,0,0
松崎,name,muni,223051,22,0,0
松川,name,muni,204021,20,0,0
松川,name,muni,204820,20,0,0
松市,name,muni,72028,7,0,0
松市,name,muni,72109,7,0,0
松市,name,muni,172031,17,0,0
松市,name,muni,221309,22,1,0
松市,name,muni,221384,22,0,1
松市,name,muni,221392,22,0,1
松市,name,muni,221406,22,0,1
松市,name,muni,352071,35,0,0
松市,name,muni,372013,37,0,0
松戸,name,muni,122076,12,0,0
松本,name,muni,202029,20,0,0
松江,name,muni,322016,32,0,0
松浦,name,muni,422088,42,0,0
松田,name,muni,143634,14,0,0
松町,name,muni,204226,20,0,0
松町,name,muni,213039,21,0,0
松茂,name,muni,364011,36,0,0
松野,name,muni,384844,38,0,0
松阪,name,muni,242047,24,0,0
板倉,name,muni,105210,10,0,0
板市,name,muni,92118,9,0,0
板柳,name,muni,23817,2,0,0
板橋,name,muni,131199,13,0,0
板町,name,muni,364053,36,0,0
板野,name,muni,364045,36,0,0
枕崎,name,muni,462047,46,0,0
林区,name,muni,41033,4,0,1
林市,name,muni,102075,10,0,0
林市,name,muni,272141,27,0,0
林市,name,muni,452050,45,0,0
枚方,name,muni,272108,27,0,0
枝岐,name,muni,73644,7,0,0
枝市,name,muni,222143,22,0,0
枝幸,name,muni,15148,1,0,0
柄市,name,muni,142174,14,0,0
柄町,name,muni,124265,12,0,0
柏原,name,muni,272213,27,0,0
柏崎,name,muni,152056,15,0,0
柏市,name,muni,122173,12,0,0
柳井,name,muni,352128,35,0,0
柳川,name,muni,402079,40,0,0
柳津,name,muni,74233,7,0,0
柳町,name,muni,23817,2,0,0
柴田,name,muni,43231,4,0,0
栃木,name,pref,90000,9,0,0
栃木,name,muni,92037,9,0,0
栄区,name,muni,141151,14,0,1
栄村,name,muni,73440,7,0,0
栄村,name,muni,206024,20,0,0
栄町,name,muni,123293,12,0,0
栄町,name,muni,235628,23,0,0
栄町,name,muni,313726,31,0,0
栖市,name,muni,82325,8,0,0
栖市,name,muni,412031,41,0,0
栖町,name,muni,14524,1,0,0
栗原,name,muni,42137,4,0,0
栗山,name,muni,14290,1,0,0
栗東,name,muni,252085,25,0,0
栗町,name,muni,403423,40,0,0
根室,name,muni,12238,1,0,0
根市,name,muni,62111,6,0,0
根市,name,muni,202100,20,0,0
根市,name,muni,252026,25,0,0
根市,name,muni,462063,46,0,0
根本,name,muni,224294,22,0,0
根村,name,muni,235636,23,0,0
根沢,name,muni,93866,9,0,0
根町,name,muni,85642,8,0,0
根町,name,muni,143821,14,0,0
根町,name,muni,264636,26,0,0
根県,name,pref,320005,32,0,0
根羽,name,muni,204102,20,0,0
桂川,name,muni,404217,40,0,0
桂町,name,muni,194239,19,0,0
桐生,name,muni,102032,10,0,0
桑名,name,muni,242055,24,0,0
桑折,name,muni,73016,7,0,0
桑村,name,muni,204307,20,0,0
桑町,name,muni,233625,23,0,0
桜井,name,muni,292061,29,0,0
桜区,name,muni,111066,11,0,1
桜川,name,muni,82317,8,0,0
桜町,name,muni,313254,31,0,0
桶川,name,muni,112313,11,0,0
梁市,name,muni,332097,33,0,0
梅市,name,muni,132055,13,0,0
條市,name,muni,292079,29,0,0
條村,name,muni,204111,20,0,0
條畷,name,muni,272299,27,0,0
梨市,name,muni,192058,19,0,0
梨浜,name,muni,313700,31,0,0
梨県,name,pref,190004,19,0,0
梯町,name,muni,74071,7,0,0
梼原,name,muni,394050,39,0,0
棚倉,name,muni,74811,7,0,0
棚町,name,muni,423220,42,0,0
森市,name,muni,22012,2,0,0
森町,name,muni,13455,1,0,0
森町,name,muni,43419,4,0,0
森町,name,muni,204030,20,0,0
森町,name,muni,224618,22,0,0
森町,name,muni,434281,43,0,0
森県,name,pref,20001,2,0,0
椎葉,name,muni,454303,45,0,0
検村,name,muni,465241,46,0,0
楢葉,name,muni,75426,7,0,0
極町,name,muni,13994,1,0,0
楽町,name,muni,14532,1,0,0
楽町,name,muni,103845,10,0,0
楽町,name,muni,105252,10,0,0
楽町,name,muni,235610,23,0,0
榛東,name,muni,103446,10,0,0
槌町,name,muni,34614,3,0,0
様似,name,muni,16080,1,0,0
槻区,name,muni,111104,11,0,1
槻市,name,muni,272078,27,0,0
標津,name,muni,16926,1,0,0
標津,name,muni,16934,1,0,0
標茶,name,muni,16641,1,0,0
模原,name,muni,141500,14,1,0
模原,name,muni,141518,14,0,1
模原,name,muni,141526,14,0,1
模原,name,muni,141534,14,0,1
横手,name,muni,52035,5,0,0
横浜,name,muni,24066,2,0,0
横浜,name,muni,141003,14,1,0
横浜,name,muni,141011,14,0,1
横浜,name,muni,141020,14,0,1
横浜,name,muni,141038,14,0,1
横浜,name,muni,141046,14,0,1
横浜,name,muni,141054,14,0,1
横浜,name,muni,141062,14,0,1
横浜,name,muni,141071,14,0,1
横浜,name,muni,141089,14,0,1
横浜,name,muni,141097,14,0,1
横浜,name,muni,141101,14,0,1
横浜,name,muni,141119,14,0,1
横浜,name,muni,141127,14,0,1
横浜,name,muni,141135,14,0,1
横浜,name,muni,141143,14,0,1
横浜,name,muni,141151,14,0,1
横浜,name,muni,141160,14,0,1
横浜,name,muni,141178,14,0,1
横浜,name,muni,141186,14,0,1
横瀬,name,muni,113611,11,0,0
横芝,name,muni,124109,12,0,0
横須,name,muni,142018,14,0,0
樹町,name,muni,16411,1,0,0
樽市,name,muni,12033,1,0,0
橋区,name,muni,131199,13,0,0
橋市,name,muni,102016,10,0,0
橋市,name,muni,122041,12,0,0
橋市,name,muni,232017,23,0,0
橋市,name,muni,402133,40,0,0
橋本,name,muni,302031,30,0,0
橋村,name,muni,163210,16,0,0
橿原,name,muni,292052,29,0,0
檜原,name,muni,133078,13,0,0
檜枝,name,muni,73644,7,0,0
次市,name,muni,342092,34,0,0
歌山,name,pref,300004,30,0,0
歌山,name,muni,302015,30,0,0
歌志,name,muni,12271,1,0,0
正区,name,muni,271080,27,0,1
此花,name,muni,271047,27,0,1
武市,name,muni,122378,12,0,0
武町,name,muni,15636,1,0,0
武町,name,muni,355020,35,0,0
武町,name,muni,473146,47,0,0
武蔵,name,muni,132039,13,0,0
武蔵,name,muni,132233,13,0,0
武豊,name,muni,234478,23,0,0
武雄,name,muni,412066,41,0,0
歳市,name,muni,12246,1,0,0
殿場,name,muni,222151,22,0,0
殿町,name,muni,75051,7,0,0
比布,name,muni,14559,1,0,0
比町,name,muni,234419,23,0,0
毛区,name,muni,121037,12,0,1
毛呂,name,muni,113263,11,0,0
毛市,name,muni,392081,39,0,0
毛町,name,muni,14818,1,0,0
毛町,name,muni,406465,40,0,0
気仙,name,muni,42056,4,0,0
気町,name,muni,244414,24,0,0
気町,name,muni,333468,33,0,0
水上,name,muni,435074,43,0,0
水俣,name,muni,432059,43,0,0
水区,name,muni,221031,22,0,1
水区,name,muni,281085,28,0,1
水巻,name,muni,403822,40,0,0
水市,name,muni,162116,16,0,0
水市,name,muni,392090,39,0,0
水市,name,muni,462080,46,0,0
水市,name,muni,462144,46,0,0
水戸,name,muni,82015,8,0,0
水町,name,muni,15474,1,0,0
水町,name,muni,16365,1,0,0
水町,name,muni,173860,17,0,0
水町,name,muni,174611,17,0,0
水町,name,muni,223417,22,0,0
水町,name,muni,433691,43,0,0
水町,name,muni,464520,46,0,0
氷川,name,muni,434680,43,0,0
氷見,name,muni,162051,16,0,0
永平,name,muni,183229,18,0,0
江八,name,muni,252042,25,0,0
江別,name,muni,12173,1,0,0
江北,name,muni,414247,41,0,0
江区,name,muni,271250,27,0,1
江南,name,muni,151041,15,0,1
江南,name,muni,232173,23,0,0
江差,name,muni,13617,1,0,0
江市,name,muni,62065,6,0,0
江市,name,muni,132195,13,0,0
江市,name,muni,182079,18,0,0
江市,name,muni,252131,25,0,0
江市,name,muni,322016,32,0,0
江府,name,muni,314030,31,0,0
江戸,name,muni,131237,13,0,0
江村,name,muni,435121,43,0,0
江村,name,muni,473154,47,0,0
江東,name,muni,131083,13,0,0
江津,name,muni,322075,32,0,0
江田,name,muni,342157,34,0,0
江町,name,muni,14249,1,0,0
江町,name,muni,63240,6,0,0
江町,name,muni,75477,7,0,0
江町,name,muni,234257,23,0,0
江町,name,muni,464902,46,0,0
池市,name,muni,432105,43,0,0
池田,name,muni,16446,1,0,0
池田,name,muni,183822,18,0,0
池田,name,muni,204811,20,0,0
池田,name,muni,214043,21,0,0
池田,name,muni,272043,27,0,0
沖縄,name,pref,470007,47,0,0
沖縄,name,muni,472115,47,0,0
沢区,name,muni,141089,14,0,1
沢市,name,muni,12106,1,0,0
沢市,name,muni,22071,2,0,0
沢市,name,muni,32166,3,0,0
沢市,name,muni,52078,5,0,0
沢市,name,muni,62022,6,0,0
沢市,name,muni,62120,6,0,0
沢市,name,muni,112089,11,0,0
沢市,name,muni,142051,14,0,0
沢市,name,muni,172014,17,0,0
沢市,name,muni,232203,23,0,0
沢村,name,muni,63673,6,0,0
沢村,name,muni,194298,19,0,0
沢温,name,muni,205630,20,0,0
沢町,name,muni,23213,2,0,0
沢町,name,muni,93866,9,0,0
沢町,name,muni,124222,12,0,0
沢町,name,muni,154610,15,0,0
沢町,name,muni,203211,20,0,0
沢部,name,muni,13633,1,0,0
河内,name,muni,84476,8,0,0
河内,name,muni,272167,27,0,0
河内,name,muni,363219,36,0,0
河北,name,muni,63215,6,0,0
河区,name,muni,221023,22,0,1
河南,name,muni,273821,27,0,0
河原,name,muni,43214,4,0,0
河原,name,muni,143847,14,0,0
河口,name,muni,194301,19,0,0
河合,name,muni,294276,29,0,0
河市,name,muni,72052,7,0,0
河市,name,muni,82040,8,0,0
河江,name,muni,62065,6,0,0
河津,name,muni,223026,22,0,0
河町,name,muni,16071,1,0,0
河町,name,muni,284467,28,0,0
治市,name,muni,262048,26,0,0
治市,name,muni,382027,38,0,0
治田,name,muni,263443,26,0,0
治町,name,muni,234249,23,0,0
治見,name,muni,212041,21,0,0
沼区,name,muni,111040,11,0,1
沼市,name,muni,42056,4,0,0
沼市,name,muni,42111,4,0,0
沼市,name,muni,92053,9,0,0
沼市,name,muni,152251,15,0,0
沼市,name,muni,152269,15,0,0
沼津,name,muni,222038,22,0,0
沼田,name,muni,14389,1,0,0
沼田,name,muni,102067,10,0,0
沼町,name,muni,14281,1,0,0
泉佐,name,muni,272132,27,0,0
泉区,name,muni,41050,4,0,1
泉区,name,muni,141160,14,0,1
泉南,name,muni,272281,27,0,0
泉大,name,muni,272060,27,0,0
泉崎,name,muni,74641,7,0,0
泉市,name,muni,152188,15,0,0
泉市,name,muni,272191,27,0,0
泉村,name,muni,205630,20,0,0
泉町,name,muni,34029,3,0,0
泉町,name,muni,34835,3,0,0
泉町,name,muni,105244,10,0,0
泉町,name,muni,223425,22,0,0
泉町,name,muni,285862,28,0,0
泊村,name,muni,14036,1,0,0
泊村,name,muni,16969,1,0,0
泊町,name,muni,23876,2,0,0
泊町,name,muni,465330,46,0,0
波佐,name,muni,423238,42,0,0
波山,name,muni,194433,19,0,0
波市,name,muni,162086,16,0,0
波市,name,muni,282235,28,0,0
波市,name,muni,362069,36,0,0
波町,name,muni,33219,3,0,0
波町,name,muni,264075,26,0,0
波町,name,muni,363871,36,0,0
波篠,name,muni,282219,28,0,0
泰阜,name,muni,204145,20,0,0
洋町,name,muni,393011,39,0,0
洋野,name,muni,35076,3,0,0
洗町,name,muni,83097,8,0,0
洗町,name,muni,405035,40,0,0
洞爺,name,muni,15849,1,0,0
津久,name,muni,442071,44,0,0
津別,name,muni,15440,1,0,0
津区,name,muni,141348,14,0,1
津南,name,muni,154822,15,0,0
津和,name,muni,325015,32,0,0
津坂,name,muni,74217,7,0,0
津奈,name,muni,434841,43,0,0
津山,name,muni,332038,33,0,0
津島,name,muni,133647,13,0,0
津島,name,muni,232084,23,0,0
津川,name,muni,14320,1,0,0
津川,name,muni,212067,21,0,0
津川,name,muni,262145,26,0,0
津川,name,muni,294497,29,0,0
津市,name,muni,122068,12,0,0
津市,name,muni,122254,12,0,0
津市,name,muni,122262,12,0,0
津市,name,muni,162043,16,0,0
津市,name,muni,212211,21,0,0
津市,name,muni,222038,22,0,0
津市,name,muni,222127,22,0,0
津市,name,muni,242012,24,0,0
津市,name,muni,252018,25,0,0
津市,name,muni,252069,25,0,0
津市,name,muni,262056,26,0,0
津市,name,muni,272060,27,0,0
津市,name,muni,272248,27,0,0
津市,name,muni,322075,32,0,0
津市,name,muni,402249,40,0,0
津市,name,muni,412023,41,0,0
津市,name,muni,442038,44,0,0
津幡,name,muni,173614,17,0,0
津村,name,muni,13048,1,0,0
津村,name,muni,313840,31,0,0
津町,name,muni,16926,1,0,0
津町,name,muni,16934,1,0,0
津町,name,muni,73687,7,0,0
津町,name,muni,74055,7,0,0
津町,name,muni,74233,7,0,0
津町,name,muni,104264,10,0,0
津町,name,muni,215058,21,0,0
津町,name,muni,223026,22,0,0
津町,name,muni,373869,37,0,0
津町,name,muni,374041,37,0,0
津町,name,muni,423084,42,0,0
津町,name,muni,434035,43,0,0
津美,name,muni,74471,7,0,0
津若,name,muni,72028,7,0,0
津野,name,muni,394114,39,0,0
洲市,name,muni,172057,17,0,0
洲市,name,muni,252107,25,0,0
洲市,name,muni,382078,38,0,0
洲本,name,muni,282057,28,0,0
洲町,name,muni,433683,43,0,0
流山,name,muni,122203,12,0,0
流町,name,muni,103675,10,0,0
浅口,name,muni,332160,33,0,0
浅川,name,muni,75043,7,0,0
浅町,name,muni,303615,30,0,0
浜中,name,muni,16632,1,0,0
浜区,name,muni,121061,12,0,1
浜名,name,muni,221392,22,0,1
浜市,name,muni,141003,14,1,0
浜市,name,muni,141011,14,0,1
浜市,name,muni,141020,14,0,1
浜市,name,muni,141038,14,0,1
浜市,name,muni,141046,14,0,1
浜市,name,muni,141054,14,0,1
浜市,name,muni,141062,14,0,1
浜市,name,muni,141071,14,0,1
浜市,name,muni,141089,14,0,1
浜市,name,muni,141097,14,0,1
浜市,name,muni,141101,14,0,1
浜市,name,muni,141119,14,0,1
浜市,name,muni,141127,14,0,1
浜市,name,muni,141135,14,0,1
浜市,name,muni,141143,14,0,1
浜市,name,muni,141151,14,0,1
浜市,name,muni,141160,14,0,1
浜市,name,muni,141178,14,0,1
浜市,name,muni,141186,14,0,1
浜市,name,muni,182044,18,0,0
浜市,name,muni,232271,23,0,0
浜市,name,muni,252034,25,0,0
浜市,name,muni,382043,38,0,0
浜市,name,muni,382051,38,0,0
浜松,name,muni,221309,22,1,0
浜松,name,muni,221384,22,0,1
浜松,name,muni,221392,22,0,1
浜松,name,muni,221406,22,0,1
浜田,name,muni,322024,32,0,0
浜町,name,muni,23078,2,0,0
浜町,name,muni,24066,2,0,0
浜町,name,muni,44041,4,0,0
浜町,name,muni,184420,18,0,0
浜町,name,muni,184811,18,0,0
浜町,name,muni,234460,23,0,0
浜町,name,muni,245615,24,0,0
浜町,name,muni,303810,30,0,0
浜町,name,muni,304018,30,0,0
浜町,name,muni,313700,31,0,0
浜頓,name,muni,15121,1,0,0
浦和,name,muni,111074,11,0,1
浦安,name,muni,122271,12,0,0
浦市,name,muni,82031,8,0,0
浦市,name,muni,122181,12,0,0
浦市,name,muni,122297,12,0,0
浦市,name,muni,142107,14,0,0
浦市,name,muni,422088,42,0,0
浦幌,name,muni,16497,1,0,0
浦村,name,muni,24252,2,0,0
浦村,name,muni,84425,8,0,0
浦村,name,muni,155861,15,0,0
浦河,name,muni,16071,1,0,0
浦添,name,muni,472085,47,0,0
浦町,name,muni,15717,1,0,0
浦町,name,muni,23230,2,0,0
浦町,name,muni,234427,23,0,0
浦町,name,muni,304212,30,0,0
浦町,name,muni,313718,31,0,0
浦町,name,muni,363014,36,0,0
浦臼,name,muni,14311,1,0,0
浪市,name,muni,212083,21,0,0
浪江,name,muni,75477,7,0,0
浪速,name,muni,271110,27,0,1
海南,name,muni,302023,30,0,0
海士,name,muni,325252,32,0,0
海市,name,muni,222054,22,0,0
海市,name,muni,232220,23,0,0
海市,name,muni,422126,42,0,0
海村,name,muni,83411,8,0,0
海津,name,muni,212211,21,0,0
海田,name,muni,343048,34,0,0
海町,name,muni,16918,1,0,0
海町,name,muni,203033,20,0,0
海町,name,muni,413879,41,0,0
海老,name,muni,142158,14,0,0
海道,name,pref,10006,1,0,0
海陽,name,muni,363880,36,0,0
涌谷,name,muni,45012,4,0,0
淀川,name,muni,271136,27,0,1
淀川,name,muni,271144,27,0,1
淀川,name,muni,271233,27,0,1
淀川,name,muni,393878,39,0,0
淀町,name,muni,294420,29,0,0
淡路,name,muni,282260,28,0,0
深川,name,muni,12289,1,0,0
深浦,name,muni,23230,2,0,0
深町,name,muni,14699,1,0,0
深谷,name,muni,112186,11,0,0
淵町,name,muni,14656,1,0,0
添市,name,muni,472085,47,0,0
添村,name,muni,293229,29,0,0
添田,name,muni,406023,40,0,0
清川,name,muni,144029,14,0,0
清水,name,muni,15474,1,0,0
清水,name,muni,16365,1,0,0
清水,name,muni,221031,22,0,1
清水,name,muni,223417,22,0,0
清水,name,muni,392090,39,0,0
清瀬,name,muni,132217,13,0,0
清田,name,muni,11100,1,0,1
清里,name,muni,15466,1,0,0
清須,name,muni,232335,23,0,0
渋川,name,muni,102083,10,0,0
渋谷,name,muni,131130,13,0,0
渡名,name,muni,473561,47,0,0
渡嘉,name,muni,473537,47,0,0
渡市,name,muni,32034,3,0,0
渡市,name,muni,152242,15,0,0
温市,name,muni,382159,38,0,0
温泉,name,muni,205630,20,0,0
温泉,name,muni,285862,28,0,0
港北,name,muni,141097,14,0,1
港区,name,muni,131032,13,0,0
港区,name,muni,231118,23,0,1
港区,name,muni,271071,27,0,1
港南,name,muni,141119,14,0,1
港市,name,muni,312045,31,0,0
湖南,name,muni,252115,25,0,0
湖村,name,muni,194255,19,0,0
湖町,name,muni,15849,1,0,0
湖町,name,muni,194301,19,0,0
湖西,name,muni,222216,22,0,0
湧別,name,muni,15598,1,0,0
湧水,name,muni,464520,46,0,0
湯前,name,muni,435066,43,0,0
湯川,name,muni,74225,7,0,0
湯梨,name,muni,313700,31,0,0
湯沢,name,muni,52078,5,0,0
湯沢,name,muni,154610,15,0,0
湯河,name,muni,143847,14,0,0
湯浅,name,muni,303615,30,0,0
湾市,name,muni,472051,47,0,0
満市,name,muni,472107,47,0,0
滋賀,name,pref,250007,25,0,0
滑川,name,muni,113417,11,0,0
滑川,name,muni,162060,16,0,0
滑市,name,muni,232165,23,0,0
滝上,name,muni,15601,1,0,0
滝川,name,muni,12254,1,0,0
滝村,name,muni,204293,20,0,0
滝村,name,muni,294446,29,0,0
滝沢,name,muni,32166,3,0,0
潟上,name,muni,52116,5,0,0
潟市,name,muni,151009,15,1,0
潟市,name,muni,151017,15,0,1
潟市,name,muni,151025,15,0,1
潟市,name,muni,151033,15,0,1
潟市,name,muni,151041,15,0,1
潟市,name,muni,151050,15,0,1
潟市,name,muni,151068,15,0,1
潟市,name,muni,151076,15,0,1
潟市,name,muni,151084,15,0,1
潟村,name,muni,53686,5,0,0
潟町,name,muni,53635,5,0,0
潟県,name,pref,150002,15,0,0
潮市,name,muni,112348,11,0,0
潮来,name,muni,82236,8,0,0
潮町,name,muni,394289,39,0,0
濃加,name,muni,212113,21,0,0
濃市,name,muni,212075,21,0,0
濃町,name,muni,205834,20,0,0
瀞町,name,muni,113638,11,0,0
瀬市,name,muni,132217,13,0,0
瀬市,name,muni,142182,14,0,0
瀬戸,name,muni,232041,23,0,0
瀬戸,name,muni,332127,33,0,0
瀬戸,name,muni,465259,46,0,0
瀬村,name,muni,54640,5,0,0
瀬町,name,muni,113611,11,0,0
瀬町,name,muni,454435,45,0,0
瀬町,name,muni,473626,47,0,0
瀬谷,name,muni,141143,14,0,1
灘区,name,muni,281018,28,0,1
灘区,name,muni,281026,28,0,1
灘町,name,muni,173657,17,0,0
烏山,name,muni,92151,9,0,0
焼津,name,muni,222127,22,0,0
熊取,name,muni,273619,27,0,0
熊本,name,pref,430005,43,0,0
熊本,name,muni,431001,43,1,0
熊本,name,muni,431010,43,0,1
熊本,name,muni,431028,43,0,1
熊本,name,muni,431036,43,0,1
熊本,name,muni,431044,43,0,1
熊本,name,muni,431052,43,0,1
熊町,name,muni,75451,7,0,0
熊谷,name,muni,112020,11,0,0
熊野,name,muni,242128,24,0,0
熊野,name,muni,343072,34,0,0
熱海,name,muni,222054,22,0,0
熱田,name,muni,231096,23,0,1
燕市,name,muni,152137,15,0,0
父別,name,muni,14346,1,0,0
父市,name,muni,112071,11,0,0
父市,name,muni,282227,28,0,0
父村,name,muni,113697,11,0,0
爺湖,name,muni,15849,1,0,0
爾村,name,muni,293857,29,0,0
片品,name,muni,104434,10,0,0
牛久,name,muni,82198,8,0,0
牛町,name,muni,14338,1,0,0
牟岐,name,muni,363839,36,0,0
牟田,name,muni,402028,40,0,0
牧之,name,muni,222267,22,0,0
牧市,name,muni,12131,1,0,0
牧市,name,muni,232190,23,0,0
牧村,name,muni,13919,1,0,0
牧村,name,muni,103837,10,0,0
牧村,name,muni,203050,20,0,0
牧町,name,muni,294241,29,0,0
犬山,name,muni,232157,23,0,0
狛江,name,muni,132195,13,0,0
狩市,name,muni,12351,1,0,0
狩村,name,muni,13960,1,0,0
狭山,name,muni,112151,11,0,0
狭山,name,muni,272311,27,0,0
狭町,name,muni,185019,18,0,0
猪名,name,muni,283011,28,0,0
猪苗,name,muni,74080,7,0,0
猿払,name,muni,15113,1,0,0
玄海,name,muni,413879,41,0,0
玉名,name,muni,432067,43,0,0
玉城,name,muni,244619,24,0,0
玉川,name,muni,75027,7,0,0
玉市,name,muni,82368,8,0,0
玉村,name,muni,73229,7,0,0
玉村,name,muni,104647,10,0,0
玉東,name,muni,433641,43,0,0
玉県,name,pref,110001,11,0,0
玉野,name,muni,332046,33,0,0
王子,name,muni,132012,13,0,0
王寺,name,muni,271098,27,0,1
王寺,name,muni,294250,29,0,0
王滝,name,muni,204293,20,0,0
王町,name,muni,43010,4,0,0
王町,name,muni,253847,25,0,0
玖珠,name,muni,444626,44,0,0
珂川,name,muni,94111,9,0,0
珂川,name,muni,402311,40,0,0
珂市,name,muni,82261,8,0,0
珠洲,name,muni,172057,17,0,0
珠町,name,muni,444626,44,0,0
球磨,name,muni,435139,43,0,0
理市,name,muni,292044,29,0,0
理町,name,muni,43613,4,0,0
琴平,name,muni,374032,37,0,0
琴浦,name,muni,313718,31,0,0
瑛町,name,muni,14591,1,0,0
瑞浪,name,muni,212083,21,0,0
瑞穂,name,muni,133035,13,0,0
瑞穂,name,muni,212164,21,0,0
瑞穂,name,muni,231088,23,0,1
瑳市,name,muni,122351,12,0,0
甘楽,name,muni,103845,10,0,0
生区,name,muni,141372,14,0,1
生坂,name,muni,204480,20,0,0
生市,name,muni,102032,10,0,0
生市,name,muni,112160,11,0,0
生市,name,muni,132187,13,0,0
生市,name,muni,282081,28,0,0
生村,name,muni,124231,12,0,0
生町,name,muni,93611,9,0,0
生町,name,muni,113271,11,0,0
生町,name,muni,353442,35,0,0
生野,name,muni,271161,27,0,1
生駒,name,muni,292095,29,0,0
産山,name,muni,434256,43,0,0
用町,name,muni,285013,28,0,0
田上,name,muni,153613,15,0,0
田区,name,muni,11100,1,0,1
田区,name,muni,131016,13,0,0
田区,name,muni,131075,13,0,0
田区,name,muni,131113,13,0,0
田区,name,muni,231096,23,0,1
田区,name,muni,281069,28,0,1
田原,name,muni,92100,9,0,0
田原,name,muni,142069,14,0,0
田原,name,muni,232319,23,0,0
田原,name,muni,263443,26,0,0
田原,name,muni,293636,29,0,0
田子,name,muni,24431,2,0,0
田尻,name,muni,273627,27,0,0
田島,name,muni,342157,34,0,0
田川,name,muni,303666,30,0,0
田川,name,muni,402061,40,0,0
田市,name,muni,22063,2,0,0
田市,name,muni,32107,3,0,0
田市,name,muni,42081,4,0,0
田市,name,muni,52019,5,0,0
田市,name,muni,52132,5,0,0
田市,name,muni,62049,6,0,0
田市,name,muni,82121,8,0,0
田市,name,muni,82341,8,0,0
田市,name,muni,102059,10,0,0
田市,name,muni,102067,10,0,0
田市,name,muni,112062,11,0,0
田市,name,muni,112241,11,0,0
田市,name,muni,112381,11,0,0
田市,name,muni,122084,12,0,0
田市,name,muni,122114,12,0,0
田市,name,muni,132098,13,0,0
田市,name,muni,152064,15,0,0
田市,name,muni,192023,19,0,0
田市,name,muni,202037,20,0,0
田市,name,muni,202053,20,0,0
田市,name,muni,222097,22,0,0
田市,name,muni,222119,22,0,0
田市,name,muni,222194,22,0,0
田市,name,muni,232050,23,0,0
田市,name,muni,232114,23,0,0
田市,name,muni,272027,27,0,0
田市,name,muni,272043,27,0,0
田市,name,muni,272051,27,0,0
田市,name,muni,282197,28,0,0
田市,name,muni,292028,29,0,0
田市,name,muni,302040,30,0,0
田市,name,muni,322024,32,0,0
田市,name,muni,322041,32,0,0
田市,name,muni,322059,32,0,0
田市,name,muni,342149,34,0,0
田市,name,muni,352161,35,0,0
田市,name,muni,402028,40,0,0
田市,name,muni,442046,44,0,0
田市,name,muni,442089,44,0,0
田市,name,muni,442097,44,0,0
田布,name,muni,353434,35,0,0
田村,name,muni,23043,2,0,0
田村,name,muni,35033,3,0,0
田村,name,muni,72117,7,0,0
田村,name,muni,75035,7,0,0
田村,name,muni,203882,20,0,0
田林,name,muni,272141,27,0,0
田町,name,muni,14389,1,0,0
田町,name,muni,16446,1,0,0
田町,name,muni,23841,2,0,0
田町,name,muni,34410,3,0,0
田町,name,muni,34827,3,0,0
田町,name,muni,43222,4,0,0
田町,name,muni,43231,4,0,0
田町,name,muni,63410,6,0,0
田町,name,muni,103829,10,0,0
田町,name,muni,105236,10,0,0
田町,name,muni,143634,14,0,0
田町,name,muni,183822,18,0,0
田町,name,muni,203238,20,0,0
田町,name,muni,204811,20,0,0
田町,name,muni,214043,21,0,0
田町,name,muni,224243,22,0,0
田町,name,muni,235016,23,0,0
田町,name,muni,304042,30,0,0
田町,name,muni,343048,34,0,0
田町,name,muni,343684,34,0,0
田町,name,muni,393045,39,0,0
田町,name,muni,406023,40,0,0
田町,name,muni,406040,40,0,0
田町,name,muni,406210,40,0,0
田町,name,muni,414018,41,0,0
田県,name,pref,50008,5,0,0
田舎,name,muni,23671,2,0,0
田谷,name,muni,131121,13,0,0
田辺,name,muni,262111,26,0,0
田辺,name,muni,302066,30,0,0
田野,name,muni,34843,3,0,0
田野,name,muni,393037,39,0,0
由仁,name,muni,14273,1,0,0
由利,name,muni,52108,5,0,0
由布,name,muni,442135,44,0,0
由良,name,muni,303836,30,0,0
甲佐,name,muni,434442,43,0,0
甲州,name,muni,192139,19,0,0
甲府,name,muni,192015,19,0,0
甲斐,name,muni,192104,19,0,0
甲良,name,muni,254428,25,0,0
甲賀,name,muni,252093,25,0,0
男鹿,name,muni,52060,5,0,0
町市,name,muni,152102,15,0,0
町市,name,muni,202126,20,0,0
町田,name,muni,132098,13,0,0
町町,name,muni,414239,41,0,0
界町,name,muni,465291,46,0,0
畑区,name,muni,401056,40,0,1
畑村,name,muni,34843,3,0,0
留別,name,muni,16985,1,0,0
留夜,name,muni,16977,1,0,0
留寿,name,muni,13978,1,0,0
留市,name,muni,192040,19,0,0
留米,name,muni,132225,13,0,0
留米,name,muni,402036,40,0,0
留萌,name,muni,12122,1,0,0
畠町,name,muni,63819,6,0,0
畷市,name,muni,272299,27,0,0
発田,name,muni,152064,15,0,0
登別,name,muni,12301,1,0,0
登町,name,muni,174076,17,0,0
登町,name,muni,174637,17,0,0
登米,name,muni,42129,4,0,0
白井,name,muni,122327,12,0,0
白区,name,muni,41041,4,0,1
白区,name,muni,231169,23,0,1
白子,name,muni,124249,12,0,0
白山,name,muni,172103,17,0,0
白岡,name,muni,112461,11,0,0
白川,name,muni,215066,21,0,0
白川,name,muni,215074,21,0,0
白川,name,muni,216046,21,0,0
白河,name,muni,72052,7,0,0
白浜,name,muni,304018,30,0,0
白石,name,muni,11045,1,0,1
白石,name,muni,42064,4,0,0
白石,name,muni,414255,41,0,0
白糠,name,muni,16683,1,0,0
白老,name,muni,15784,1,0,0
白里,name,muni,122394,12,0,0
白馬,name,muni,204854,20,0,0
白鷹,name,muni,64025,6,0,0
百津,name,muni,215058,21,0,0
皆野,name,muni,113620,11,0,0
益城,name,muni,434434,43,0,0
益子,name,muni,93424,9,0,0
益田,name,muni,322041,32,0,0
盛岡,name,muni,32018,3,0,0
目屋,name,muni,23434,2,0,0
目町,name,muni,53619,5,0,0
目黒,name,muni,131105,13,0,0
直島,name,muni,373648,37,0,0
直方,name,muni,402044,40,0,0
相木,name,muni,203068,20,0,0
相木,name,muni,203076,20,0,0
相模,name,muni,141500,14,1,0
相模,name,muni,141518,14,0,1
相模,name,muni,141526,14,0,1
相模,name,muni,141534,14,0,1
相生,name,muni,282081,28,0,0
相良,name,muni,435104,43,0,0
相馬,name,muni,72095,7,0,0
相馬,name,muni,72125,7,0,0
県市,name,muni,212156,21,0,0
真室,name,muni,63649,6,0,0
真岡,name,muni,92096,9,0,0
真市,name,muni,272230,27,0,0
真庭,name,muni,332143,33,0,0
真狩,name,muni,13960,1,0,0
真町,name,muni,15814,1,0,0
真鶴,name,muni,143839,14,0,0
睦沢,name,muni,124222,12,0,0
瞥町,name,muni,15750,1,0,0
矢吹,name,muni,74667,7,0,0
矢巾,name,muni,33227,3,0,0
矢掛,name,muni,334618,33,0,0
矢板,name,muni,92118,9,0,0
矢祭,name,muni,74829,7,0,0
矢部,name,muni,162094,16,0,0
知内,name,muni,13331,1,0,0
知名,name,muni,465348,46,0,0
知多,name,muni,232246,23,0,0
知多,name,muni,234451,23,0,0
知夫,name,muni,325279,32,0,0
知安,name,muni,14001,1,0,0
知山,name,muni,262013,26,0,0
知市,name,muni,392014,39,0,0
知町,name,muni,394033,39,0,0
知県,name,pref,230006,23,0,0
知県,name,pref,390003,39,0,0
知立,name,muni,232254,23,0,0
石井,name,muni,363413,36,0,0
石区,name,muni,11045,1,0,1
石垣,name,muni,472077,47,0,0
石岡,name,muni,82058,8,0,0
石川,name,muni,75019,7,0,0
石川,name,pref,170003,17,0,0
石巻,name,muni,42021,4,0,0
石市,name,muni,22047,2,0,0
石市,name,muni,32115,3,0,0
石市,name,muni,42064,4,0,0
石市,name,muni,272256,27,0,0
石市,name,muni,282031,28,0,0
石狩,name,muni,12351,1,0,0
石田,name,muni,63410,6,0,0
石町,name,muni,33014,3,0,0
石町,name,muni,73423,7,0,0
石町,name,muni,414255,41,0,0
石高,name,muni,345458,34,0,0
砂川,name,muni,12262,1,0,0
砂川,name,muni,14257,1,0,0
砂市,name,muni,282162,28,0,0
砥部,name,muni,384020,38,0,0
砺市,name,muni,162108,16,0,0
砺波,name,muni,162086,16,0,0
碧南,name,muni,232092,23,0,0
磐市,name,muni,332135,33,0,0
磐梯,name,muni,74071,7,0,0
磐田,name,muni,222119,22,0,0
磨区,name,muni,281077,28,0,1
磨村,name,muni,435139,43,0,0
磨町,name,muni,283827,28,0,0
磯子,name,muni,141071,14,0,1
磯町,name,muni,143413,14,0,0
礼文,name,muni,15172,1,0,0
社市,name,muni,332089,33,0,0
祖村,name,muni,204251,20,0,0
祝町,name,muni,215015,21,0,0
神埼,name,muni,412104,41,0,0
神奈,name,pref,140007,14,0,0
神奈,name,muni,141020,14,0,1
神山,name,muni,363421,36,0,0
神崎,name,muni,123421,12,0,0
神川,name,muni,113832,11,0,0
神恵,name,muni,14044,1,0,0
神戸,name,muni,213811,21,0,0
神戸,name,muni,281000,28,1,0
神戸,name,muni,281018,28,0,1
神戸,name,muni,281026,28,0,1
神戸,name,muni,281051,28,0,1
神戸,name,muni,281069,28,0,1
神戸,name,muni,281077,28,0,1
神戸,name,muni,281085,28,0,1
神戸,name,muni,281093,28,0,1
神戸,name,muni,281107,28,0,1
神戸,name,muni,281115,28,0,1
神栖,name,muni,82325,8,0,0
神楽,name,muni,14532,1,0,0
神河,name,muni,284467,28,0,0
神津,name,muni,133647,13,0,0
神流,name,muni,103675,10,0,0
神石,name,muni,345458,34,0,0
祢市,name,muni,352136,35,0,0
祭町,name,muni,74829,7,0,0
福井,name,pref,180009,18,0,0
福井,name,muni,182010,18,0,0
福山,name,muni,342076,34,0,0
福岡,name,pref,400009,40,0,0
福岡,name,muni,401307,40,1,0
福岡,name,muni,401315,40,0,1
福岡,name,muni,401323,40,0,1
福岡,name,muni,401331,40,0,1
福岡,name,muni,401340,40,0,1
福岡,name,muni,401358,40,0,1
福岡,name,muni,401366,40,0,1
福岡,name,muni,401374,40,0,1
福島,name,muni,13323,1,0,0
福島,name,pref,70009,7,0,0
福島,name,muni,72010,7,0,0
福島,name,muni,271039,27,0,1
福崎,name,muni,284432,28,0,0
福智,name,muni,406104,40,0,0
福津,name,muni,402249,40,0,0
福生,name,muni,132187,13,0,0
福知,name,muni,262013,26,0,0
秋田,name,pref,50008,5,0,0
秋田,name,muni,52019,5,0,0
秋田,name,muni,52132,5,0,0
秋葉,name,muni,151050,15,0,1
科区,name,muni,261106,26,0,1
科町,name,muni,203246,20,0,0
秦野,name,muni,142115,14,0,0
秩父,name,muni,14346,1,0,0
秩父,name,muni,112071,11,0,0
秩父,name,muni,113697,11,0,0
稚内,name,muni,12149,1,0,0
種区,name,muni,231011,23,0,1
種子,name,muni,465011,46,0,0
種子,name,muni,465020,46,0,0
種町,name,muni,53481,5,0,0
稲区,name,muni,11096,1,0,1
稲城,name,muni,132250,13,0,0
稲敷,name,muni,82295,8,0,0
稲毛,name,muni,121037,12,0,1
稲沢,name,muni,232203,23,0,0
稲美,name,muni,283819,28,0,0
穂区,name,muni,231088,23,0,1
穂市,name,muni,212164,21,0,0
穂市,name,muni,282120,28,0,0
穂町,name,muni,133035,13,0,0
穂町,name,muni,203092,20,0,0
穂町,name,muni,454419,45,0,0
積丹,name,muni,14052,1,0,0
穴水,name,muni,174611,17,0,0
空町,name,muni,15644,1,0,0
竈市,name,muni,42030,4,0,0
立区,name,muni,131211,13,0,0
立山,name,muni,163236,16,0,0
立川,name,muni,132021,13,0,0
立市,name,muni,82023,8,0,0
立市,name,muni,132152,13,0,0
立市,name,muni,232254,23,0,0
立科,name,muni,203246,20,0,0
竜区,name,muni,221406,22,0,1
竜王,name,muni,253847,25,0,0
竜町,name,muni,14362,1,0,0
竜町,name,muni,14371,1,0,0
童市,name,muni,62103,6,0,0
竹原,name,muni,342033,34,0,0
竹富,name,muni,473812,47,0,0
竹市,name,muni,342114,34,0,0
竹田,name,muni,442089,44,0,0
竹町,name,muni,404012,40,0,0
笛吹,name,muni,192112,19,0,0
笠原,name,muni,134210,13,0,0
笠岡,name,muni,332054,33,0,0
笠市,name,muni,12220,1,0,0
笠松,name,muni,213039,21,0,0
笠置,name,muni,263648,26,0,0
笠間,name,muni,82163,8,0,0
筑前,name,muni,404471,40,0,0
筑北,name,muni,204528,20,0,0
筑区,name,muni,141186,14,0,1
筑後,name,muni,402117,40,0,0
筑紫,name,muni,402176,40,0,0
筑西,name,muni,82279,8,0,0
箕輪,name,muni,203831,20,0,0
箕輪,name,muni,203858,20,0,0
箕面,name,muni,272205,27,0,0
箱根,name,muni,143821,14,0,0
築上,name,muni,406473,40,0,0
築市,name,muni,442101,44,0,0
篠山,name,muni,282219,28,0,0
篠栗,name,muni,403423,40,0,0
篠津,name,muni,13048,1,0,0
籠町,name,muni,153079,15,0,0
米南,name,muni,336637,33,0,0
米原,name,muni,252140,25,0,0
米子,name,muni,312029,31,0,0
米島,name,muni,473618,47,0,0
米市,name,muni,42129,4,0,0
米市,name,muni,132225,13,0,0
米市,name,muni,402036,40,0,0
米沢,name,muni,62022,6,0,0
米町,name,muni,35017,3,0,0
米良,name,muni,454036,45,0,0
粕屋,name,muni,403491,40,0,0
粟倉,name,muni,336432,33,0,0
粟国,name,muni,473553,47,0,0
粟島,name,muni,155861,15,0,0
粟市,name,muni,282278,28,0,0
精華,name,muni,263664,26,0,0
糠町,name,muni,16683,1,0,0
糸島,name,muni,402303,40,0,0
糸満,name,muni,472107,47,0,0
糸田,name,muni,406040,40,0,0
糸魚,name,muni,152161,15,0,0
紀北,name,muni,245437,24,0,0
紀宝,name,muni,245623,24,0,0
紀町,name,muni,244716,24,0,0
紀美,name,muni,303046,30,0,0
紀ﾉ,name,muni,302082,30,0,0
紋別,name,muni,12190,1,0,0
納村,name,muni,473111,47,0,0
納町,name,muni,473251,47,0,0
紗那,name,muni,16993,1,0,0
紫波,name,muni,33219,3,0,0
紫野,name,muni,402176,40,0,0
結城,name,muni,82074,8,0,0
綱町,name,muni,205907,20,0,0
網白,name,muni,122394,12,0,0
網走,name,muni,12114,1,0,0
綾川,name,muni,373877,37,0,0
綾瀬,name,muni,142182,14,0,0
綾町,name,muni,453838,45,0,0
綾部,name,muni,262030,26,0,0
総市,name,muni,82112,8,0,0
総市,name,muni,122343,12,0,0
総社,name,muni,332089,33,0,0
緑区,name,muni,111091,11,0,1
緑区,name,muni,121053,12,0,1
緑区,name,muni,141135,14,0,1
緑区,name,muni,141518,14,0,1
緑区,name,muni,231142,23,0,1
練馬,name,muni,131202,13,0,0
縄市,name,muni,472115,47,0,0
縄県,name,pref,470007,47,0,0
績村,name,muni,204463,20,0,0
置市,name,muni,462161,46,0,0
置戸,name,muni,15504,1,0,0
置町,name,muni,263648,26,0,0
羅町,name,muni,344621,34,0,0
羅臼,name,muni,16942,1,0,0
美作,name,muni,332151,33,0,0
美原,name,muni,271471,27,0,1
美咲,name,muni,336661,33,0,0
美唄,name,muni,12157,1,0,0
美市,name,muni,172111,17,0,0
美市,name,muni,392120,39,0,0
美市,name,muni,462225,46,0,0
美幌,name,muni,15431,1,0,0
美波,name,muni,363871,36,0,0
美浜,name,muni,121061,12,0,1
美浜,name,muni,184420,18,0,0
美浜,name,muni,234460,23,0,0
美浜,name,muni,303810,30,0,0
美浦,name,muni,84425,8,0,0
美深,name,muni,14699,1,0,0
美濃,name,muni,212075,21,0,0
美濃,name,muni,212113,21,0,0
美玉,name,muni,82368,8,0,0
美瑛,name,muni,14591,1,0,0
美町,name,muni,44458,4,0,0
美町,name,muni,283819,28,0,0
美町,name,muni,285854,28,0,0
美町,name,muni,313025,31,0,0
美町,name,muni,403415,40,0,0
美祢,name,muni,352136,35,0,0
美郷,name,muni,54348,5,0,0
美郷,name,muni,324485,32,0,0
美郷,name,muni,454311,45,0,0
美里,name,muni,45055,4,0,0
美里,name,muni,74471,7,0,0
美里,name,muni,113816,11,0,0
美里,name,muni,433489,43,0,0
美野,name,muni,303046,30,0,0
美馬,name,muni,362077,36,0,0
群町,name,muni,293423,29,0,0
群馬,name,pref,100005,10,0,0
義町,name,muni,336238,33,0,0
羽咋,name,muni,172073,17,0,0
羽島,name,muni,212091,21,0,0
羽市,name,muni,242110,24,0,0
羽幌,name,muni,14842,1,0,0
羽後,name,muni,54631,5,0,0
羽曳,name,muni,272221,27,0,0
羽村,name,muni,132276,13,0,0
羽村,name,muni,155047,15,0,0
羽村,name,muni,204102,20,0,0
羽生,name,muni,112160,11,0,0
習志,name,muni,122165,12,0,0
老名,name,muni,142158,14,0,0
老町,name,muni,15784,1,0,0
老町,name,muni,213411,21,0,0
耆町,name,muni,313904,31,0,0
聖籠,name,muni,153079,15,0,0
肝付,name,muni,464929,46,0,0
股町,name,muni,453412,45,0,0
背牛,name,muni,14338,1,0,0
胎内,name,muni,152277,15,0,0
能代,name,muni,52027,5,0,0
能勢,name,muni,273228,27,0,0
能市,name,muni,112097,11,0,0
能町,name,muni,273210,27,0,0
能登,name,muni,174076,17,0,0
能登,name,muni,174637,17,0,0
能美,name,muni,172111,17,0,0
脇市,name,muni,282138,28,0,0
臼杵,name,muni,442062,44,0,0
臼町,name,muni,14311,1,0,0
臼町,name,muni,16942,1,0,0
興部,name,muni,15610,1,0,0
興部,name,muni,15628,1,0,0
舎館,name,muni,23671,2,0,0
舘村,name,muni,75647,7,0,0
舞鶴,name,muni,262021,26,0,0
舟形,name,muni,63631,6,0,0
舟橋,name,muni,163210,16,0,0
船橋,name,muni,122041,12,0,0
船渡,name,muni,32034,3,0,0
船町,name,muni,434418,43,0,0
良区,name,muni,401374,40,0,1
良市,name,muni,292010,29,0,0
良市,name,muni,462250,46,0,0
良木,name,muni,435058,43,0,0
良村,name,muni,435104,43,0,0
良村,name,muni,454036,45,0,0
良町,name,muni,254428,25,0,0
良町,name,muni,303836,30,0,0
良町,name,muni,414417,41,0,0
良町,name,muni,464821,46,0,0
良県,name,pref,290009,29,0,0
良野,name,muni,12297,1,0,0
良野,name,muni,14605,1,0,0
良野,name,muni,14613,1,0,0
良野,name,muni,14621,1,0,0
良間,name,muni,473758,47,0,0
色丹,name,muni,16951,1,0,0
色麻,name,muni,44440,4,0,0
芝光,name,muni,124109,12,0,0
芝山,name,muni,124095,12,0,0
芝市,name,muni,292109,29,0,0
芦別,name,muni,12165,1,0,0
芦北,name,muni,434825,43,0,0
芦屋,name,muni,282065,28,0,0
芦屋,name,muni,403814,40,0,0
花区,name,muni,271047,27,0,1
花巻,name,muni,32051,3,0,0
花沢,name,muni,62120,6,0,0
花見,name,muni,121029,12,0,1
芳町,name,muni,113247,11,0,0
芳賀,name,muni,93459,9,0,0
芸区,name,muni,341070,34,0,1
芸太,name,muni,343684,34,0,0
芸市,name,muni,392031,39,0,0
芸西,name,muni,393070,39,0,0
芸高,name,muni,342149,34,0,0
芽室,name,muni,16373,1,0,0
苅田,name,muni,406210,40,0,0
苓北,name,muni,435317,43,0,0
苗代,name,muni,74080,7,0,0
若市,name,muni,402265,40,0,0
若松,name,muni,72028,7,0,0
若松,name,muni,401030,40,0,1
若林,name,muni,41033,4,0,1
若桜,name,muni,313254,31,0,0
若狭,name,muni,185019,18,0,0
若葉,name,muni,121045,12,0,1
苫前,name,muni,14834,1,0,0
苫小,name,muni,12131,1,0,0
茂別,name,muni,13986,1,0,0
茂原,name,muni,122106,12,0,0
茂市,name,muni,152099,15,0,0
茂市,name,muni,212113,21,0,0
茂木,name,muni,93432,9,0,0
茂町,name,muni,364011,36,0,0
茅ヶ,name,muni,142077,14,0,0
茅野,name,muni,202142,20,0,0
茨城,name,pref,80004,8,0,0
茨城,name,muni,82155,8,0,0
茨城,name,muni,83020,8,0,0
茨木,name,muni,272116,27,0,0
茶町,name,muni,16641,1,0,0
草加,name,muni,112216,11,0,0
草市,name,muni,432121,43,0,0
草市,name,muni,432156,43,0,0
草津,name,muni,104264,10,0,0
草津,name,muni,252069,25,0,0
荒尾,name,muni,432041,43,0,0
荒川,name,muni,131181,13,0,0
荘市,name,muni,52108,5,0,0
荘町,name,muni,254258,25,0,0
菅村,name,muni,194425,19,0,0
菊川,name,muni,222241,22,0,0
菊池,name,muni,432105,43,0,0
菊陽,name,muni,434043,43,0,0
華町,name,muni,263664,26,0,0
菰野,name,muni,243418,24,0,0
萌市,name,muni,12122,1,0,0
萩市,name,muni,82147,8,0,0
萩市,name,muni,352047,35,0,0
葉区,name,muni,41017,4,0,1
葉区,name,muni,121045,12,0,1
葉区,name,muni,141178,14,0,1
葉区,name,muni,151050,15,0,1
葉山,name,muni,143014,14,0,0
葉市,name,muni,121002,12,1,0
葉市,name,muni,121011,12,0,1
葉市,name,muni,121029,12,0,1
葉市,name,muni,121037,12,0,1
葉市,name,muni,121045,12,0,1
葉市,name,muni,121053,12,0,1
葉市,name,muni,121061,12,0,1
葉村,name,muni,454303,45,0,0
葉町,name,muni,75426,7,0,0
葉町,name,muni,75469,7,0,0
葉県,name,pref,120006,12,0,0
葛城,name,muni,292117,29,0,0
葛尾,name,muni,75485,7,0,0
葛巻,name,muni,33022,3,0,0
葛飾,name,muni,131229,13,0,0
葵区,name,muni,221015,22,0,1
蒲区,name,muni,151084,15,0,1
蒲郡,name,muni,232149,23,0,0
蓬田,name,muni,23043,2,0,0
蓮田,name,muni,112381,11,0,0
蔵島,name,muni,133825,13,0,0
蔵村,name,muni,63657,6,0,0
蔵村,name,muni,132233,13,0,0
蔵王,name,muni,43010,4,0,0
蔵野,name,muni,132039,13,0,0
蕨市,name,muni,112232,11,0,0
薩摩,name,muni,462152,46,0,0
藍住,name,muni,364037,36,0,0
藤井,name,muni,272264,27,0,0
藤岡,name,muni,102091,10,0,0
藤崎,name,muni,23612,2,0,0
藤枝,name,muni,222143,22,0,0
藤沢,name,muni,142051,14,0,0
藤里,name,muni,53465,5,0,0
蘂取,name,muni,17001,1,0,0
蘇市,name,muni,432148,43,0,0
蘇村,name,muni,434337,43,0,0
蘭市,name,muni,12050,1,0,0
蘭越,name,muni,13943,1,0,0
蟹江,name,muni,234257,23,0,0
行方,name,muni,82333,8,0,0
行橋,name,muni,402133,40,0,0
行田,name,muni,112062,11,0,0
街市,name,muni,122301,12,0,0
街道,name,muni,122289,12,0,0
衡村,name,muni,44245,4,0,0
表市,name,muni,462136,46,0,0
袋井,name,muni,222160,22,0,0
袖ｹ,name,muni,122297,12,0,0
裾野,name,muni,222208,22,0,0
西之,name,muni,462136,46,0,0
西予,name,muni,382141,38,0,0
西京,name,muni,261114,26,0,1
西伊,name,muni,223069,22,0,0
西会,name,muni,74055,7,0,0
西区,name,muni,11070,1,0,1
西区,name,muni,111015,11,0,1
西区,name,muni,141038,14,0,1
西区,name,muni,151076,15,0,1
西区,name,muni,231045,23,0,1
西区,name,muni,271063,27,0,1
西区,name,muni,271446,27,0,1
西区,name,muni,281115,28,0,1
西区,name,muni,341045,34,0,1
西区,name,muni,401099,40,0,1
西区,name,muni,401358,40,0,1
西区,name,muni,431036,43,0,1
西原,name,muni,434329,43,0,0
西原,name,muni,473294,47,0,0
西和,name,muni,33669,3,0,0
西宮,name,muni,282049,28,0,0
西尾,name,muni,232131,23,0,0
西川,name,muni,63223,6,0,0
西市,name,muni,82279,8,0,0
西市,name,muni,122319,12,0,0
西市,name,muni,222216,22,0,0
西市,name,muni,232327,23,0,0
西市,name,muni,282171,28,0,0
西市,name,muni,282201,28,0,0
西成,name,muni,271225,27,0,1
西村,name,muni,393070,39,0,0
西条,name,muni,382060,38,0,0
西東,name,muni,132292,13,0,0
西桂,name,muni,194239,19,0,0
西海,name,muni,422126,42,0,0
西淀,name,muni,271136,27,0,1
西町,name,muni,63827,6,0,0
西町,name,muni,293610,29,0,0
西目,name,muni,23434,2,0,0
西米,name,muni,454036,45,0,0
西粟,name,muni,336432,33,0,0
西脇,name,muni,282138,28,0,0
西興,name,muni,15628,1,0,0
西蒲,name,muni,151084,15,0,1
西郷,name,muni,74616,7,0,0
西都,name,muni,452084,45,0,0
西ﾉ,name,muni,325261,32,0,0
覇市,name,muni,472018,47,0,0
見区,name,muni,141011,14,0,1
見区,name,muni,261092,26,0,1
見区,name,muni,271241,27,0,1
見城,name,muni,472123,47,0,0
見川,name,muni,121029,12,0,1
見市,name,muni,12084,1,0,0
見市,name,muni,112356,11,0,0
見市,name,muni,162051,16,0,0
見市,name,muni,212041,21,0,0
見市,name,muni,332101,33,0,0
見市,name,muni,442071,44,0,0
見沢,name,muni,12106,1,0,0
見沼,name,muni,111040,11,0,1
見町,name,muni,73032,7,0,0
見町,name,muni,73679,7,0,0
見町,name,muni,84433,8,0,0
見町,name,muni,113476,11,0,0
見町,name,muni,203629,20,0,0
見町,name,muni,423238,42,0,0
見附,name,muni,152111,15,0,0
観音,name,muni,372056,37,0,0
角市,name,muni,52094,5,0,0
角田,name,muni,42081,4,0,0
訓子,name,muni,15491,1,0,0
訪市,name,muni,202061,20,0,0
訪町,name,muni,203611,20,0,0
設楽,name,muni,235610,23,0,0
読谷,name,muni,473243,47,0,0
調布,name,muni,132080,13,0,0
諏訪,name,muni,202061,20,0,0
諏訪,name,muni,203611,20,0,0
論町,name,muni,465356,46,0,0
諫早,name,muni,422045,42,0,0
諸塚,name,muni,454290,45,0,0
諸市,name,muni,202088,20,0,0
謝野,name,muni,264652,26,0,0
護市,name,muni,472093,47,0,0
谷区,name,muni,131121,13,0,0
谷区,name,muni,131130,13,0,0
谷区,name,muni,141062,14,0,1
谷区,name,muni,141143,14,0,1
谷市,name,muni,42161,4,0,0
谷市,name,muni,82244,8,0,0
谷市,name,muni,112020,11,0,0
谷市,name,muni,112186,11,0,0
谷市,name,muni,112224,11,0,0
谷市,name,muni,122246,12,0,0
谷市,name,muni,152081,15,0,0
谷市,name,muni,202045,20,0,0
谷市,name,muni,232106,23,0,0
谷村,name,muni,204099,20,0,0
谷村,name,muni,204862,20,0,0
谷村,name,muni,473243,47,0,0
谷町,name,muni,45012,4,0,0
谷町,name,muni,93840,9,0,0
谷町,name,muni,473260,47,0,0
豆島,name,muni,373249,37,0,0
豆市,name,muni,222224,22,0,0
豆町,name,muni,223018,22,0,0
豆町,name,muni,223042,22,0,0
豆町,name,muni,223069,22,0,0
豆ﾉ,name,muni,222259,22,0,0
豊丘,name,muni,204161,20,0,0
豊中,name,muni,272035,27,0,0
豊前,name,muni,402141,40,0,0
豊富,name,muni,15164,1,0,0
豊山,name,muni,233421,23,0,0
豊岡,name,muni,282090,28,0,0
豊島,name,muni,131164,13,0,0
豊川,name,muni,232076,23,0,0
豊市,name,muni,372081,37,0,0
豊平,name,muni,11053,1,0,1
豊後,name,muni,442097,44,0,0
豊後,name,muni,442127,44,0,0
豊明,name,muni,232297,23,0,0
豊根,name,muni,235636,23,0,0
豊橋,name,muni,232017,23,0,0
豊浦,name,muni,15717,1,0,0
豊田,name,muni,232114,23,0,0
豊町,name,muni,64033,6,0,0
豊町,name,muni,234478,23,0,0
豊町,name,muni,393444,39,0,0
豊能,name,muni,273210,27,0,0
豊見,name,muni,472123,47,0,0
豊郷,name,muni,254410,25,0,0
豊頃,name,muni,16454,1,0,0
貝塚,name,muni,272086,27,0,0
貝町,name,muni,93441,9,0,0
賀城,name,muni,42099,4,0,0
賀川,name,muni,72079,7,0,0
賀市,name,muni,142018,14,0,0
賀市,name,muni,172065,17,0,0
賀市,name,muni,182028,18,0,0
賀市,name,muni,242161,24,0,0
賀市,name,muni,252093,25,0,0
賀市,name,muni,402231,40,0,0
賀市,name,muni,412015,41,0,0
賀町,name,muni,33669,3,0,0
賀町,name,muni,93459,9,0,0
賀町,name,muni,153851,15,0,0
賀町,name,muni,173843,17,0,0
賀町,name,muni,254436,25,0,0
賀町,name,muni,325058,32,0,0
賀町,name,muni,363685,36,0,0
賀町,name,muni,403849,40,0,0
賀町,name,muni,423831,42,0,0
賀県,name,pref,250007,25,0,0
賀県,name,pref,410004,41,0,0
賀野,name,muni,152234,15,0,0
赤井,name,muni,14095,1,0,0
赤平,name,muni,12181,1,0,0
赤村,name,muni,406091,40,0,0
赤磐,name,muni,332135,33,0,0
赤穂,name,muni,282120,28,0,0
赤阪,name,muni,273830,27,0,0
走市,name,muni,12114,1,0,0
越前,name,muni,182095,18,0,0
越前,name,muni,184047,18,0,0
越前,name,muni,184233,18,0,0
越市,name,muni,112011,11,0,0
越市,name,muni,152226,15,0,0
越生,name,muni,113271,11,0,0
越町,name,muni,13943,1,0,0
越町,name,muni,243442,24,0,0
越知,name,muni,394033,39,0,0
越谷,name,muni,112224,11,0,0
足利,name,muni,92029,9,0,0
足寄,name,muni,16471,1,0,0
足柄,name,muni,142174,14,0,0
足立,name,muni,131211,13,0,0
路市,name,muni,12068,1,0,0
路市,name,muni,282014,28,0,0
路市,name,muni,282260,28,0,0
路村,name,muni,393061,39,0,0
路町,name,muni,16616,1,0,0
身延,name,muni,193658,19,0,0
軽井,name,muni,203211,20,0,0
軽町,name,muni,15555,1,0,0
軽米,name,muni,35017,3,0,0
輪之,name,muni,213829,21,0,0
輪島,name,muni,172049,17,0,0
輪村,name,muni,203858,20,0,0
輪町,name,muni,203831,20,0,0
辰野,name,muni,203823,20,0,0
農町,name,muni,454061,45,0,0
辺地,name,muni,24015,2,0,0
辺市,name,muni,262111,26,0,0
辺市,name,muni,302066,30,0,0
辺町,name,muni,63011,6,0,0
辺町,name,muni,215031,21,0,0
近江,name,muni,252042,25,0,0
近江,name,muni,252131,25,0,0
迫川,name,muni,294471,29,0,0
追町,name,muni,16349,1,0,0
逗子,name,muni,142085,14,0,0
通寺,name,muni,372048,37,0,0
通村,name,muni,24244,2,0,0
速区,name,muni,271110,27,0,1
進市,name,muni,232301,23,0,0
遊佐,name,muni,64611,6,0,0
道市,name,muni,122289,12,0,0
道市,name,muni,342050,34,0,0
道志,name,muni,194221,19,0,0
達市,name,muni,12335,1,0,0
達市,name,muni,72133,7,0,0
達志,name,muni,173860,17,0,0
遠別,name,muni,14869,1,0,0
遠賀,name,muni,403849,40,0,0
遠軽,name,muni,15555,1,0,0
遠野,name,muni,32085,3,0,0
邑南,name,muni,324493,32,0,0
邑楽,name,muni,105252,10,0,0
那原,name,muni,473481,47,0,0
那国,name,muni,473821,47,0,0
那市,name,muni,202096,20,0,0
那市,name,muni,212105,21,0,0
那智,name,muni,304212,30,0,0
那村,name,muni,16993,1,0,0
那河,name,muni,363219,36,0,0
那珂,name,muni,82261,8,0,0
那珂,name,muni,94111,9,0,0
那珂,name,muni,402311,40,0,0
那覇,name,muni,472018,47,0,0
那賀,name,muni,363685,36,0,0
那須,name,muni,92134,9,0,0
那須,name,muni,92151,9,0,0
那須,name,muni,94072,9,0,0
郎潟,name,muni,53635,5,0,0
郡上,name,muni,212199,21,0,0
郡山,name,muni,72036,7,0,0
郡山,name,muni,292036,29,0,0
郡市,name,muni,232149,23,0,0
郡市,name,muni,402168,40,0,0
郡町,name,muni,284815,28,0,0
部市,name,muni,112143,11,0,0
部市,name,muni,162078,16,0,0
部市,name,muni,162094,16,0,0
部市,name,muni,262030,26,0,0
部市,name,muni,352021,35,0,0
部村,name,muni,15628,1,0,0
部町,name,muni,13439,1,0,0
部町,name,muni,13471,1,0,0
部町,name,muni,13633,1,0,0
部町,name,muni,13641,1,0,0
部町,name,muni,15610,1,0,0
部町,name,muni,24457,2,0,0
部町,name,muni,193666,19,0,0
部町,name,muni,313891,31,0,0
部町,name,muni,384020,38,0,0
部町,name,muni,473081,47,0,0
郷市,name,muni,112372,11,0,0
郷村,name,muni,24503,2,0,0
郷村,name,muni,74616,7,0,0
郷町,name,muni,44229,4,0,0
郷町,name,muni,54348,5,0,0
郷町,name,muni,73628,7,0,0
郷町,name,muni,193461,19,0,0
郷町,name,muni,233021,23,0,0
郷町,name,muni,254410,25,0,0
郷町,name,muni,293431,29,0,0
郷町,name,muni,324485,32,0,0
郷町,name,muni,454311,45,0,0
郷町,name,muni,465275,46,0,0
都城,name,muni,452025,45,0,0
都宮,name,muni,92011,9,0,0
都島,name,muni,271021,27,0,1
都市,name,muni,261009,26,1,0
都市,name,muni,261017,26,0,1
都市,name,muni,261025,26,0,1
都市,name,muni,261033,26,0,1
都市,name,muni,261041,26,0,1
都市,name,muni,261050,26,0,1
都市,name,muni,261068,26,0,1
都市,name,muni,261076,26,0,1
都市,name,muni,261084,26,0,1
都市,name,muni,261092,26,0,1
都市,name,muni,261106,26,0,1
都市,name,muni,261114,26,0,1
都市,name,muni,452084,45,0,0
都府,name,pref,260002,26,0,0
都村,name,muni,13978,1,0,0
都町,name,muni,13927,1,0,0
都町,name,muni,434477,43,0,0
都留,name,muni,192040,19,0,0
都筑,name,muni,141186,14,0,1
都農,name,muni,454061,45,0,0
酒々,name,muni,123226,12,0,0
酒田,name,muni,62049,6,0,0
里市,name,muni,122335,12,0,0
里市,name,muni,122394,12,0,0
里市,name,muni,412058,41,0,0
里庄,name,muni,334456,33,0,0
里町,name,muni,15458,1,0,0
里町,name,muni,15466,1,0,0
里町,name,muni,45055,4,0,0
里町,name,muni,53465,5,0,0
里町,name,muni,74471,7,0,0
里町,name,muni,83101,8,0,0
里町,name,muni,113816,11,0,0
里町,name,muni,113859,11,0,0
里町,name,muni,124036,12,0,0
里町,name,muni,413275,41,0,0
里町,name,muni,433489,43,0,0
重瀬,name,muni,473626,47,0,0
重町,name,muni,444618,44,0,0
重県,name,pref,240001,24,0,0
野々,name,muni,172120,17,0,0
野ヶ,name,muni,413275,41,0,0
野区,name,muni,41025,4,0,1
野区,name,muni,131148,13,0,0
野区,name,muni,271161,27,0,1
野区,name,muni,271195,27,0,1
野区,name,muni,271268,27,0,1
野原,name,muni,104248,10,0,0
野原,name,muni,192121,19,0,0
野城,name,muni,402192,40,0,0
野川,name,muni,362051,36,0,0
野市,name,muni,12297,1,0,0
野市,name,muni,32085,3,0,0
野市,name,muni,92045,9,0,0
野市,name,muni,92169,9,0,0
野市,name,muni,112453,11,0,0
野市,name,muni,122165,12,0,0
野市,name,muni,132039,13,0,0
野市,name,muni,132128,13,0,0
野市,name,muni,132284,13,0,0
野市,name,muni,142115,14,0,0
野市,name,muni,152234,15,0,0
野市,name,muni,182052,18,0,0
野市,name,muni,202011,20,0,0
野市,name,muni,202118,20,0,0
野市,name,muni,202142,20,0,0
野市,name,muni,202207,20,0,0
野市,name,muni,222208,22,0,0
野市,name,muni,242128,24,0,0
野市,name,muni,272132,27,0,0
野市,name,muni,272167,27,0,0
野市,name,muni,272221,27,0,0
野市,name,muni,272302,27,0,0
野市,name,muni,282189,28,0,0
野市,name,muni,332046,33,0,0
野市,name,muni,402176,40,0,0
野市,name,muni,412091,41,0,0
野市,name,muni,442127,44,0,0
野市,name,muni,462195,46,0,0
野座,name,muni,473138,47,0,0
野木,name,muni,93645,9,0,0
野村,name,muni,103667,10,0,0
野村,name,muni,194247,19,0,0
野村,name,muni,294535,29,0,0
野沢,name,muni,205630,20,0,0
野洲,name,muni,252107,25,0,0
野湾,name,muni,472051,47,0,0
野田,name,muni,35033,3,0,0
野田,name,muni,122084,12,0,0
野田,name,muni,352161,35,0,0
野町,name,muni,14605,1,0,0
野町,name,muni,14613,1,0,0
野町,name,muni,14621,1,0,0
野町,name,muni,35076,3,0,0
野町,name,muni,75221,7,0,0
野町,name,muni,75418,7,0,0
野町,name,muni,113620,11,0,0
野町,name,muni,113654,11,0,0
野町,name,muni,203823,20,0,0
野町,name,muni,214035,21,0,0
野町,name,muni,243418,24,0,0
野町,name,muni,253839,25,0,0
野町,name,muni,264652,26,0,0
野町,name,muni,294411,29,0,0
野町,name,muni,303046,30,0,0
野町,name,muni,303445,30,0,0
野町,name,muni,314021,31,0,0
野町,name,muni,325015,32,0,0
野町,name,muni,336068,33,0,0
野町,name,muni,343072,34,0,0
野町,name,muni,364045,36,0,0
野町,name,muni,384844,38,0,0
野町,name,muni,393037,39,0,0
野町,name,muni,394114,39,0,0
野畑,name,muni,34843,3,0,0
野県,name,pref,200000,20,0,0
野辺,name,muni,24015,2,0,0
野迫,name,muni,294471,29,0,0
金井,name,muni,132101,13,0,0
金山,name,muni,63614,6,0,0
金山,name,muni,74454,7,0,0
金市,name,muni,122131,12,0,0
金武,name,muni,473146,47,0,0
金沢,name,muni,141089,14,0,1
金沢,name,muni,172014,17,0,0
金町,name,muni,13706,1,0,0
金ｹ,name,muni,33812,3,0,0
釜石,name,muni,32115,3,0,0
釧路,name,muni,12068,1,0,0
釧路,name,muni,16616,1,0,0
鈴鹿,name,muni,242071,24,0,0
鉾田,name,muni,82341,8,0,0
銚子,name,muni,122025,12,0,0
鋸南,name,muni,124630,12,0,0
錦江,name,muni,464902,46,0,0
錦町,name,muni,435015,43,0,0
鍋町,name,muni,454010,45,0,0
鎌倉,name,muni,142042,14,0,0
鎌ｹ,name,muni,122246,12,0,0
鏡石,name,muni,73423,7,0,0
鏡野,name,muni,336068,33,0,0
長万,name,muni,13471,1,0,0
長与,name,muni,423076,42,0,0
長久,name,muni,232386,23,0,0
長井,name,muni,62090,6,0,0
長南,name,muni,124273,12,0,0
長和,name,muni,203505,20,0,0
長岡,name,muni,152021,15,0,0
長岡,name,muni,262099,26,0,0
長島,name,muni,464040,46,0,0
長崎,name,pref,420000,42,0,0
長崎,name,muni,422011,42,0,0
長柄,name,muni,124265,12,0,0
長沼,name,muni,14281,1,0,0
長泉,name,muni,223425,22,0,0
長洲,name,muni,433683,43,0,0
長浜,name,muni,252034,25,0,0
長瀞,name,muni,113638,11,0,0
長生,name,muni,124231,12,0,0
長田,name,muni,281069,28,0,1
長野,name,muni,104248,10,0,0
長野,name,pref,200000,20,0,0
長野,name,muni,202011,20,0,0
長野,name,muni,272167,27,0,0
長門,name,muni,352110,35,0,0
門司,name,muni,401013,40,0,1
門川,name,muni,454214,45,0,0
門市,name,muni,352110,35,0,0
門市,name,muni,362026,36,0,0
門真,name,muni,272230,27,0,0
開成,name,muni,143669,14,0,0
間味,name,muni,473545,47,0,0
間市,name,muni,82163,8,0,0
間市,name,muni,112259,11,0,0
間市,name,muni,142166,14,0,0
間市,name,muni,402150,40,0,0
間市,name,muni,452076,45,0,0
間村,name,muni,473758,47,0,0
間浦,name,muni,24252,2,0,0
間町,name,muni,15521,1,0,0
間町,name,muni,24236,2,0,0
関川,name,muni,155811,15,0,0
関市,name,muni,32093,3,0,0
関市,name,muni,212059,21,0,0
関市,name,muni,352012,35,0,0
関町,name,muni,353418,35,0,0
関町,name,muni,433675,43,0,0
関ｹ,name,muni,213624,21,0,0
阜市,name,muni,212016,21,0,0
阜村,name,muni,204145,20,0,0
阜県,name,pref,210005,21,0,0
阪南,name,muni,272329,27,0,0
阪市,name,muni,242047,24,0,0
阪市,name,muni,271004,27,1,0
阪市,name,muni,271021,27,0,1
阪市,name,muni,271039,27,0,1
阪市,name,muni,271047,27,0,1
阪市,name,muni,271063,27,0,1
阪市,name,muni,271071,27,0,1
阪市,name,muni,271080,27,0,1
阪市,name,muni,271098,27,0,1
阪市,name,muni,271110,27,0,1
阪市,name,muni,271136,27,0,1
阪市,name,muni,271144,27,0,1
阪市,name,muni,271152,27,0,1
阪市,name,muni,271161,27,0,1
阪市,name,muni,271179,27,0,1
阪市,name,muni,271187,27,0,1
阪市,name,muni,271195,27,0,1
阪市,name,muni,271209,27,0,1
阪市,name,muni,271217,27,0,1
阪市,name,muni,271225,27,0,1
阪市,name,muni,271233,27,0,1
阪市,name,muni,271241,27,0,1
阪市,name,muni,271250,27,0,1
阪市,name,muni,271268,27,0,1
阪市,name,muni,271276,27,0,1
阪市,name,muni,271284,27,0,1
阪市,name,muni,272272,27,0,0
阪府,name,pref,270008,27,0,0
阪村,name,muni,273830,27,0,0
阪狭,name,muni,272311,27,0,0
防大,name,muni,353051,35,0,0
防府,name,muni,352063,35,0,0
阿久,name,muni,234419,23,0,0
阿久,name,muni,462063,46,0,0
阿仁,name,muni,53279,5,0,0
阿倍,name,muni,271195,27,0,1
阿南,name,muni,204048,20,0,0
阿南,name,muni,362042,36,0,0
阿智,name,muni,204072,20,0,0
阿武,name,muni,355020,35,0,0
阿波,name,muni,362069,36,0,0
阿蘇,name,muni,432148,43,0,0
阿蘇,name,muni,434337,43,0,0
阿見,name,muni,84433,8,0,0
阿賀,name,muni,152234,15,0,0
阿賀,name,muni,153851,15,0,0
陀市,name,muni,292125,29,0,0
附市,name,muni,152111,15,0,0
陵町,name,muni,294268,29,0,0
陸別,name,muni,16489,1,0,0
陸前,name,muni,32107,3,0,0
陸大,name,muni,82252,8,0,0
陸太,name,muni,82121,8,0,0
陸町,name,muni,46060,4,0,0
陽小,name,muni,352161,35,0,0
陽市,name,muni,62138,6,0,0
陽市,name,muni,262072,26,0,0
陽町,name,muni,363880,36,0,0
陽町,name,muni,434043,43,0,0
隅町,name,muni,464911,46,0,0
階上,name,muni,24465,2,0,0
隠岐,name,muni,325287,32,0,0
雄市,name,muni,412066,41,0,0
雄武,name,muni,15636,1,0,0
雨竜,name,muni,14362,1,0,0
雫石,name,muni,33014,3,0,0
雲仙,name,muni,422134,42,0,0
雲南,name,muni,322091,32,0,0
雲崎,name,muni,154059,15,0,0
雲市,name,muni,322032,32,0,0
雲町,name,muni,13463,1,0,0
雲町,name,muni,323438,32,0,0
霞市,name,muni,112275,11,0,0
霞町,name,muni,85421,8,0,0
霧島,name,muni,462187,46,0,0
青ヶ,name,muni,134023,13,0,0
青木,name,muni,203491,20,0,0
青梅,name,muni,132055,13,0,0
青森,name,pref,20001,2,0,0
青森,name,muni,22012,2,0,0
青葉,name,muni,41017,4,0,1
青葉,name,muni,141178,14,0,1
静岡,name,pref,220001,22,0,0
静岡,name,muni,221007,22,1,0
静岡,name,muni,221015,22,0,1
静岡,name,muni,221023,22,0,1
静岡,name,muni,221031,22,0,1
面市,name,muni,272205,27,0,0
鞍手,name,muni,404021,40,0,0
韮崎,name,muni,192074,19,0,0
音威,name,muni,14702,1,0,0
音寺,name,muni,372056,37,0,0
音更,name,muni,16314,1,0,0
頃町,name,muni,16454,1,0,0
須坂,name,muni,202070,20,0,0
須塩,name,muni,92134,9,0,0
須崎,name,muni,392065,39,0,0
須市,name,muni,112101,11,0,0
須市,name,muni,232335,23,0,0
須恵,name,muni,403440,40,0,0
須烏,name,muni,92151,9,0,0
須町,name,muni,94072,9,0,0
須磨,name,muni,281077,28,0,1
須賀,name,muni,72079,7,0,0
須賀,name,muni,142018,14,0,0
頓別,name,muni,15121,1,0,0
頓別,name,muni,15130,1,0,0
頭村,name,muni,473014,47,0,0
頭町,name,muni,313289,31,0,0
頭町,name,muni,313297,31,0,0
風原,name,muni,473502,47,0,0
風間,name,muni,24252,2,0,0
飛島,name,muni,234273,23,0,0
飛騨,name,muni,212172,21,0,0
飯南,name,muni,323861,32,0,0
飯塚,name,muni,402052,40,0,0
飯山,name,muni,202134,20,0,0
飯島,name,muni,203840,20,0,0
飯田,name,muni,202053,20,0,0
飯町,name,muni,13374,1,0,0
飯綱,name,muni,205907,20,0,0
飯能,name,muni,112097,11,0,0
飯舘,name,muni,75647,7,0,0
飯豊,name,muni,64033,6,0,0
飾区,name,muni,131229,13,0,0
養父,name,muni,282227,28,0,0
養老,name,muni,213411,21,0,0
館山,name,muni,122050,12,0,0
館市,name,muni,12025,1,0,0
館市,name,muni,52043,5,0,0
館村,name,muni,23671,2,0,0
館林,name,muni,102075,10,0,0
香南,name,muni,392111,39,0,0
香取,name,muni,122360,12,0,0
香川,name,pref,370002,37,0,0
香春,name,muni,406015,40,0,0
香村,name,muni,294021,29,0,0
香美,name,muni,285854,28,0,0
香美,name,muni,392120,39,0,0
香芝,name,muni,292109,29,0,0
馬区,name,muni,131202,13,0,0
馬市,name,muni,72095,7,0,0
馬市,name,muni,72125,7,0,0
馬市,name,muni,362077,36,0,0
馬市,name,muni,422096,42,0,0
馬村,name,muni,204854,20,0,0
馬県,name,pref,100005,10,0,0
馬路,name,muni,393061,39,0,0
駒ヶ,name,muni,202100,20,0,0
駒市,name,muni,292095,29,0,0
駿河,name,muni,221023,22,0,1
騨市,name,muni,212172,21,0,0
高千,name,muni,454419,45,0,0
高原,name,muni,345458,34,0,0
高原,name,muni,383864,38,0,0
高原,name,muni,453617,45,0,0
高取,name,muni,294012,29,0,0
高山,name,muni,104281,10,0,0
高山,name,muni,205435,20,0,0
高山,name,muni,212032,21,0,0
高岡,name,muni,162027,16,0,0
高島,name,muni,252123,25,0,0
高崎,name,muni,102024,10,0,0
高川,name,muni,303925,30,0,0
高市,name,muni,112429,11,0,0
高市,name,muni,152170,15,0,0
高村,name,muni,394106,39,0,0
高松,name,muni,372013,37,0,0
高根,name,muni,93866,9,0,0
高梁,name,muni,332097,33,0,0
高森,name,muni,204030,20,0,0
高森,name,muni,434281,43,0,0
高槻,name,muni,272078,27,0,0
高津,name,muni,141348,14,0,1
高浜,name,muni,184811,18,0,0
高浜,name,muni,232271,23,0,0
高田,name,muni,32107,3,0,0
高田,name,muni,292028,29,0,0
高田,name,muni,342149,34,0,0
高田,name,muni,442097,44,0,0
高町,name,muni,16012,1,0,0
高町,name,muni,303828,30,0,0
高畠,name,muni,63819,6,0,0
高知,name,pref,390003,39,0,0
高知,name,muni,392014,39,0,0
高石,name,muni,272256,27,0,0
高砂,name,muni,282162,28,0,0
高萩,name,muni,82147,8,0,0
高野,name,muni,303445,30,0,0
高鍋,name,muni,454010,45,0,0
鬼北,name,muni,384887,38,0,0
魚川,name,muni,152161,15,0,0
魚沼,name,muni,152251,15,0,0
魚沼,name,muni,152269,15,0,0
魚津,name,muni,162043,16,0,0
鮫川,name,muni,74845,7,0,0
鮭川,name,muni,63665,6,0,0
鯖江,name,muni,182079,18,0,0
鰐町,name,muni,23621,2,0,0
鰺ヶ,name,muni,23213,2,0,0
鳥取,name,pref,310000,31,0,0
鳥取,name,muni,312011,31,0,0
鳥栖,name,muni,412031,41,0,0
鳥羽,name,muni,242110,24,0,0
鳩山,name,muni,113484,11,0,0
鳩町,name,muni,293440,29,0,0
鳴沢,name,muni,194298,19,0,0
鳴門,name,muni,362026,36,0,0
鴨川,name,muni,122238,12,0,0
鴻巣,name,muni,112178,11,0,0
鶴ヶ,name,muni,112411,11,0,0
鶴居,name,muni,16675,1,0,0
鶴岡,name,muni,62031,6,0,0
鶴市,name,muni,262021,26,0,0
鶴田,name,muni,23841,2,0,0
鶴町,name,muni,143839,14,0,0
鶴見,name,muni,141011,14,0,1
鶴見,name,muni,271241,27,0,1
鷲市,name,muni,242098,24,0,0
鷹市,name,muni,132047,13,0,0
鷹栖,name,muni,14524,1,0,0
鷹町,name,muni,64025,6,0,0
鹿児,name,pref,460001,46,0,0
鹿児,name,muni,462012,46,0,0
鹿屋,name,muni,462039,46,0,0
鹿島,name,muni,412074,41,0,0
鹿嶋,name,muni,82228,8,0,0
鹿市,name,muni,52060,5,0,0
鹿市,name,muni,242071,24,0,0
鹿市,name,muni,432083,43,0,0
鹿村,name,muni,204170,20,0,0
鹿沼,name,muni,92053,9,0,0
鹿角,name,muni,52094,5,0,0
鹿追,name,muni,16349,1,0,0
鹿部,name,muni,13439,1,0,0
鹿野,name,muni,113654,11,0,0
麻市,name,muni,402273,40,0,0
麻生,name,muni,141372,14,0,1
麻町,name,muni,14541,1,0,0
麻町,name,muni,44440,4,0,0
麻績,name,muni,204463,20,0,0
黒区,name,muni,131105,13,0,0
黒松,name,muni,13935,1,0,0
黒滝,name,muni,294446,29,0,0
黒潮,name,muni,394289,39,0,0
黒石,name,muni,22047,2,0,0
黒部,name,muni,162078,16,0,0
龍村,name,muni,204137,20,0,0
龍郷,name,muni,465275,46,0,0
龍ｹ,name,muni,82082,8,0,0
ｬｺ,kana,muni,14052,1,0,0
ｬﾁ,kana,muni,16641,1,0,0
ｬﾅ,kana,muni,16993,1,0,0
ｬﾏ,kana,muni,13471,1,0,0
ｬﾘ,kana,muni,15458,1,0,0
ｬﾝ,kana,muni,14001,1,0,0
ｭｳ,kana,muni,11011,1,0,1
ｭｳ,kana,muni,14362,1,0,0
ｭｳ,kana,muni,14371,1,0,0
ｭｳ,kana,muni,32158,3,0,0
ｭｳ,kana,muni,82082,8,0,0
ｭｳ,kana,muni,102032,10,0,0
ｭｳ,kana,muni,111058,11,0,1
ｭｳ,kana,muni,121011,12,0,1
ｭｳ,kana,muni,131024,13,0,0
ｭｳ,kana,muni,132063,13,0,0
ｭｳ,kana,muni,141526,14,0,1
ｭｳ,kana,muni,151033,15,0,1
ｭｳ,kana,muni,163422,16,0,0
ｭｳ,kana,muni,192139,19,0,0
ｭｳ,kana,muni,192147,19,0,0
ｭｳ,kana,muni,204137,20,0,0
ｭｳ,kana,muni,221384,22,0,1
ｭｳ,kana,muni,221406,22,0,1
ｭｳ,kana,muni,232254,23,0,0
ｭｳ,kana,muni,271284,27,0,1
ｭｳ,kana,muni,281107,28,0,1
ｭｳ,kana,muni,336815,33,0,0
ｭｳ,kana,muni,342084,34,0,0
ｭｳ,kana,muni,343021,34,0,0
ｭｳ,kana,muni,352152,35,0,0
ｭｳ,kana,muni,382132,38,0,0
ｭｳ,kana,muni,401005,40,1,0
ｭｳ,kana,muni,401013,40,0,1
ｭｳ,kana,muni,401030,40,0,1
ｭｳ,kana,muni,401056,40,0,1
ｭｳ,kana,muni,401064,40,0,1
ｭｳ,kana,muni,401072,40,0,1
ｭｳ,kana,muni,401081,40,0,1
ｭｳ,kana,muni,401099,40,0,1
ｭｳ,kana,muni,401331,40,0,1
ｭｳ,kana,muni,431010,43,0,1
ｭｳ,kana,muni,452068,45,0,0
ｭｳ,kana,muni,462233,46,0,0
ｭｸ,kana,muni,43028,4,0,0
ｭｸ,kana,muni,131041,13,0,0
ｮｳ,kana,muni,13030,1,0,0
ｮｳ,kana,muni,13315,1,0,0
ｮｳ,kana,muni,13323,1,0,0
ｮｳ,kana,muni,13331,1,0,0
ｮｳ,kana,muni,13340,1,0,0
ｮｳ,kana,muni,13374,1,0,0
ｮｳ,kana,muni,13439,1,0,0
ｮｳ,kana,muni,13463,1,0,0
ｮｳ,kana,muni,13471,1,0,0
ｮｳ,kana,muni,13617,1,0,0
ｮｳ,kana,muni,13625,1,0,0
ｮｳ,kana,muni,13633,1,0,0
ｮｳ,kana,muni,13641,1,0,0
ｮｳ,kana,muni,13676,1,0,0
ｮｳ,kana,muni,13706,1,0,0
ｮｳ,kana,muni,13714,1,0,0
ｮｳ,kana,muni,13927,1,0,0
ｮｳ,kana,muni,13935,1,0,0
ｮｳ,kana,muni,13943,1,0,0
ｮｳ,kana,muni,13951,1,0,0
ｮｳ,kana,muni,13986,1,0,0
ｮｳ,kana,muni,13994,1,0,0
ｮｳ,kana,muni,14001,1,0,0
ｮｳ,kana,muni,14010,1,0,0
ｮｳ,kana,muni,14028,1,0,0
ｮｳ,kana,muni,14052,1,0,0
ｮｳ,kana,muni,14061,1,0,0
ｮｳ,kana,muni,14079,1,0,0
ｮｳ,kana,muni,14087,1,0,0
ｮｳ,kana,muni,14231,1,0,0
ｮｳ,kana,muni,14249,1,0,0
ｮｳ,kana,muni,14257,1,0,0
ｮｳ,kana,muni,14273,1,0,0
ｮｳ,kana,muni,14281,1,0,0
ｮｳ,kana,muni,14290,1,0,0
ｮｳ,kana,muni,14303,1,0,0
ｮｳ,kana,muni,14311,1,0,0
ｮｳ,kana,muni,14320,1,0,0
ｮｳ,kana,muni,14338,1,0,0
ｮｳ,kana,muni,14346,1,0,0
ｮｳ,kana,muni,14362,1,0,0
ｮｳ,kana,muni,14371,1,0,0
ｮｳ,kana,muni,14389,1,0,0
ｮｳ,kana,muni,14524,1,0,0
ｮｳ,kana,muni,14532,1,0,0
ｮｳ,kana,muni,14541,1,0,0
ｮｳ,kana,muni,14559,1,0,0
ｮｳ,kana,muni,14567,1,0,0
ｮｳ,kana,muni,14575,1,0,0
ｮｳ,kana,muni,14583,1,0,0
ｮｳ,kana,muni,14591,1,0,0
ｮｳ,kana,muni,14605,1,0,0
ｮｳ,kana,muni,14613,1,0,0
ｮｳ,kana,muni,14621,1,0,0
ｮｳ,kana,muni,14648,1,0,0
ｮｳ,kana,muni,14656,1,0,0
ｮｳ,kana,muni,14681,1,0,0
ｮｳ,kana,muni,14699,1,0,0
ｮｳ,kana,muni,14711,1,0,0
ｮｳ,kana,muni,14729,1,0,0
ｮｳ,kana,muni,14818,1,0,0
ｮｳ,kana,muni,14826,1,0,0
ｮｳ,kana,muni,14834,1,0,0
ｮｳ,kana,muni,14842,1,0,0
ｮｳ,kana,muni,14869,1,0,0
ｮｳ,kana,muni,14877,1,0,0
ｮｳ,kana,muni,15121,1,0,0
ｮｳ,kana,muni,15130,1,0,0
ｮｳ,kana,muni,15148,1,0,0
ｮｳ,kana,muni,15164,1,0,0
ｮｳ,kana,muni,15172,1,0,0
ｮｳ,kana,muni,15181,1,0,0
ｮｳ,kana,muni,15199,1,0,0
ｮｳ,kana,muni,15202,1,0,0
ｮｳ,kana,muni,15431,1,0,0
ｮｳ,kana,muni,15440,1,0,0
ｮｳ,kana,muni,15458,1,0,0
ｮｳ,kana,muni,15466,1,0,0
ｮｳ,kana,muni,15474,1,0,0
ｮｳ,kana,muni,15491,1,0,0
ｮｳ,kana,muni,15504,1,0,0
ｮｳ,kana,muni,15521,1,0,0
ｮｳ,kana,muni,15555,1,0,0
ｮｳ,kana,muni,15598,1,0,0
ｮｳ,kana,muni,15601,1,0,0
ｮｳ,kana,muni,15610,1,0,0
ｮｳ,kana,muni,15636,1,0,0
ｮｳ,kana,muni,15644,1,0,0
ｮｳ,kana,muni,15717,1,0,0
ｮｳ,kana,muni,15750,1,0,0
ｮｳ,kana,muni,15784,1,0,0
ｮｳ,kana,muni,15814,1,0,0
ｮｳ,kana,muni,15849,1,0,0
ｮｳ,kana,muni,15857,1,0,0
ｮｳ,kana,muni,15865,1,0,0
ｮｳ,kana,muni,16012,1,0,0
ｮｳ,kana,muni,16021,1,0,0
ｮｳ,kana,muni,16047,1,0,0
ｮｳ,kana,muni,16071,1,0,0
ｮｳ,kana,muni,16080,1,0,0
ｮｳ,kana,muni,16098,1,0,0
ｮｳ,kana,muni,16101,1,0,0
ｮｳ,kana,muni,16314,1,0,0
ｮｳ,kana,muni,16322,1,0,0
ｮｳ,kana,muni,16331,1,0,0
ｮｳ,kana,muni,16349,1,0,0
ｮｳ,kana,muni,16357,1,0,0
ｮｳ,kana,muni,16365,1,0,0
ｮｳ,kana,muni,16373,1,0,0
ｮｳ,kana,muni,16411,1,0,0
ｮｳ,kana,muni,16420,1,0,0
ｮｳ,kana,muni,16438,1,0,0
ｮｳ,kana,muni,16446,1,0,0
ｮｳ,kana,muni,16454,1,0,0
ｮｳ,kana,muni,16462,1,0,0
ｮｳ,kana,muni,16471,1,0,0
ｮｳ,kana,muni,16489,1,0,0
ｮｳ,kana,muni,16497,1,0,0
ｮｳ,kana,muni,16616,1,0,0
ｮｳ,kana,muni,16624,1,0,0
ｮｳ,kana,muni,16632,1,0,0
ｮｳ,kana,muni,16641,1,0,0
ｮｳ,kana,muni,16659,1,0,0
ｮｳ,kana,muni,16683,1,0,0
ｮｳ,kana,muni,16918,1,0,0
ｮｳ,kana,muni,16926,1,0,0
ｮｳ,kana,muni,16934,1,0,0
ｮｳ,kana,muni,16942,1,0,0
ｮｳ,kana,muni,24121,2,0,0
ｮｳ,kana,muni,24457,2,0,0
ｮｳ,kana,muni,24465,2,0,0
ｮｳ,kana,muni,33014,3,0,0
ｮｳ,kana,muni,33219,3,0,0
ｮｳ,kana,muni,33227,3,0,0
ｮｳ,kana,muni,33812,3,0,0
ｮｳ,kana,muni,34029,3,0,0
ｮｳ,kana,muni,34410,3,0,0
ｮｳ,kana,muni,34614,3,0,0
ｮｳ,kana,muni,34835,3,0,0
ｮｳ,kana,muni,35076,3,0,0
ｮｳ,kana,muni,42099,4,0,0
ｮｳ,kana,muni,43613,4,0,0
ｮｳ,kana,muni,43621,4,0,0
ｮｳ,kana,muni,44067,4,0,0
ｮｳ,kana,muni,44211,4,0,0
ｮｳ,kana,muni,44229,4,0,0
ｮｳ,kana,muni,44440,4,0,0
ｮｳ,kana,muni,45012,4,0,0
ｮｳ,kana,muni,45811,4,0,0
ｮｳ,kana,muni,46060,4,0,0
ｮｳ,kana,muni,52108,5,0,0
ｮｳ,kana,muni,53481,5,0,0
ｮｳ,kana,muni,53490,5,0,0
ｮｳ,kana,muni,53619,5,0,0
ｮｳ,kana,muni,54348,5,0,0
ｮｳ,kana,muni,62057,6,0,0
ｮｳ,kana,muni,63215,6,0,0
ｮｳ,kana,muni,74462,7,0,0
ｮｳ,kana,muni,82112,8,0,0
ｮｳ,kana,muni,104485,10,0,0
ｮｳ,kana,muni,122025,12,0,0
ｮｳ,kana,muni,123498,12,0,0
ｮｳ,kana,muni,124231,12,0,0
ｮｳ,kana,muni,124273,12,0,0
ｮｳ,kana,pref,130001,13,0,0
ｮｳ,kana,muni,131059,13,0,0
ｮｳ,kana,muni,132080,13,0,0
ｮｳ,kana,muni,132292,13,0,0
ｮｳ,kana,muni,134015,13,0,0
ｮｳ,kana,muni,152048,15,0,0
ｮｳ,kana,muni,152170,15,0,0
ｮｳ,kana,muni,152226,15,0,0
ｮｳ,kana,muni,173860,17,0,0
ｮｳ,kana,muni,174637,17,0,0
ｮｳ,kana,muni,183229,18,0,0
ｮｳ,kana,muni,183822,18,0,0
ｮｳ,kana,muni,184047,18,0,0
ｮｳ,kana,muni,184233,18,0,0
ｮｳ,kana,muni,184420,18,0,0
ｮｳ,kana,muni,184811,18,0,0
ｮｳ,kana,muni,184837,18,0,0
ｮｳ,kana,muni,185019,18,0,0
ｮｳ,kana,muni,193461,19,0,0
ｮｳ,kana,muni,193640,19,0,0
ｮｳ,kana,muni,193658,19,0,0
ｮｳ,kana,muni,193666,19,0,0
ｮｳ,kana,muni,193682,19,0,0
ｮｳ,kana,muni,193844,19,0,0
ｮｳ,kana,muni,194239,19,0,0
ｮｳ,kana,muni,204048,20,0,0
ｮｳ,kana,muni,204111,20,0,0
ｮｳ,kana,muni,212199,21,0,0
ｮｳ,kana,muni,213021,21,0,0
ｮｳ,kana,muni,213039,21,0,0
ｮｳ,kana,muni,213411,21,0,0
ｮｳ,kana,muni,213616,21,0,0
ｮｳ,kana,muni,213624,21,0,0
ｮｳ,kana,muni,213811,21,0,0
ｮｳ,kana,muni,213829,21,0,0
ｮｳ,kana,muni,213837,21,0,0
ｮｳ,kana,muni,214019,21,0,0
ｮｳ,kana,muni,214035,21,0,0
ｮｳ,kana,muni,214043,21,0,0
ｮｳ,kana,muni,214213,21,0,0
ｮｳ,kana,muni,215015,21,0,0
ｮｳ,kana,muni,215023,21,0,0
ｮｳ,kana,muni,215031,21,0,0
ｮｳ,kana,muni,215040,21,0,0
ｮｳ,kana,muni,215058,21,0,0
ｮｳ,kana,muni,215066,21,0,0
ｮｳ,kana,muni,215210,21,0,0
ｮｳ,kana,muni,223018,22,0,0
ｮｳ,kana,muni,223026,22,0,0
ｮｳ,kana,muni,223042,22,0,0
ｮｳ,kana,muni,223051,22,0,0
ｮｳ,kana,muni,223069,22,0,0
ｮｳ,kana,muni,223255,22,0,0
ｮｳ,kana,muni,223417,22,0,0
ｮｳ,kana,muni,223425,22,0,0
ｮｳ,kana,muni,223441,22,0,0
ｮｳ,kana,muni,224243,22,0,0
ｮｳ,kana,muni,224294,22,0,0
ｮｳ,kana,muni,231070,23,0,1
ｮｳ,kana,muni,232122,23,0,0
ｮｳ,kana,muni,233021,23,0,0
ｮｳ,kana,muni,233421,23,0,0
ｮｳ,kana,muni,233617,23,0,0
ｮｳ,kana,muni,233625,23,0,0
ｮｳ,kana,muni,234249,23,0,0
ｮｳ,kana,muni,234257,23,0,0
ｮｳ,kana,muni,234419,23,0,0
ｮｳ,kana,muni,234427,23,0,0
ｮｳ,kana,muni,234451,23,0,0
ｮｳ,kana,muni,234460,23,0,0
ｮｳ,kana,muni,234478,23,0,0
ｮｳ,kana,muni,235016,23,0,0
ｮｳ,kana,muni,235610,23,0,0
ｮｳ,kana,muni,235628,23,0,0
ｮｳ,kana,muni,243035,24,0,0
ｮｳ,kana,muni,243248,24,0,0
ｮｳ,kana,muni,243418,24,0,0
ｮｳ,kana,muni,243434,24,0,0
ｮｳ,kana,muni,243442,24,0,0
ｮｳ,kana,muni,244414,24,0,0
ｮｳ,kana,muni,244422,24,0,0
ｮｳ,kana,muni,244431,24,0,0
ｮｳ,kana,muni,244619,24,0,0
ｮｳ,kana,muni,244708,24,0,0
ｮｳ,kana,muni,244716,24,0,0
ｮｳ,kana,muni,244724,24,0,0
ｮｳ,kana,muni,245437,24,0,0
ｮｳ,kana,muni,245615,24,0,0
ｮｳ,kana,muni,245623,24,0,0
ｮｳ,kana,muni,253839,25,0,0
ｮｳ,kana,muni,253847,25,0,0
ｮｳ,kana,muni,254258,25,0,0
ｮｳ,kana,muni,254410,25,0,0
ｮｳ,kana,muni,254428,25,0,0
ｮｳ,kana,muni,254436,25,0,0
ｮｳ,kana,pref,260002,26,0,0
ｮｳ,kana,muni,261009,26,1,0
ｮｳ,kana,muni,261017,26,0,1
ｮｳ,kana,muni,261025,26,0,1
ｮｳ,kana,muni,261033,26,0,1
ｮｳ,kana,muni,261041,26,0,1
ｮｳ,kana,muni,261050,26,0,1
ｮｳ,kana,muni,261068,26,0,1
ｮｳ,kana,muni,261076,26,0,1
ｮｳ,kana,muni,261084,26,0,1
ｮｳ,kana,muni,261092,26,0,1
ｮｳ,kana,muni,261106,26,0,1
ｮｳ,kana,muni,261114,26,0,1
ｮｳ,kana,muni,262072,26,0,0
ｮｳ,kana,muni,262099,26,0,0
ｮｳ,kana,muni,262111,26,0,0
ｮｳ,kana,muni,262129,26,0,0
ｮｳ,kana,muni,263036,26,0,0
ｮｳ,kana,muni,263222,26,0,0
ｮｳ,kana,muni,263435,26,0,0
ｮｳ,kana,muni,263443,26,0,0
ｮｳ,kana,muni,263648,26,0,0
ｮｳ,kana,muni,263656,26,0,0
ｮｳ,kana,muni,263664,26,0,0
ｮｳ,kana,muni,264075,26,0,0
ｮｳ,kana,muni,264636,26,0,0
ｮｳ,kana,muni,264652,26,0,0
ｮｳ,kana,muni,271080,27,0,1
ｮｳ,kana,muni,271187,27,0,1
ｮｳ,kana,muni,273015,27,0,0
ｮｳ,kana,muni,273210,27,0,0
ｮｳ,kana,muni,273228,27,0,0
ｮｳ,kana,muni,273414,27,0,0
ｮｳ,kana,muni,273619,27,0,0
ｮｳ,kana,muni,273627,27,0,0
ｮｳ,kana,muni,273660,27,0,0
ｮｳ,kana,muni,273813,27,0,0
ｮｳ,kana,muni,273821,27,0,0
ｮｳ,kana,pref,280003,28,0,0
ｮｳ,kana,muni,281051,28,0,1
ｮｳ,kana,muni,283011,28,0,0
ｮｳ,kana,muni,283657,28,0,0
ｮｳ,kana,muni,283819,28,0,0
ｮｳ,kana,muni,283827,28,0,0
ｮｳ,kana,muni,284424,28,0,0
ｮｳ,kana,muni,284432,28,0,0
ｮｳ,kana,muni,284467,28,0,0
ｮｳ,kana,muni,284645,28,0,0
ｮｳ,kana,muni,284815,28,0,0
ｮｳ,kana,muni,285013,28,0,0
ｮｳ,kana,muni,285854,28,0,0
ｮｳ,kana,muni,285862,28,0,0
ｮｳ,kana,muni,292079,29,0,0
ｮｳ,kana,muni,293423,29,0,0
ｮｳ,kana,muni,293431,29,0,0
ｮｳ,kana,muni,293440,29,0,0
ｮｳ,kana,muni,293458,29,0,0
ｮｳ,kana,muni,293610,29,0,0
ｮｳ,kana,muni,293628,29,0,0
ｮｳ,kana,muni,293636,29,0,0
ｮｳ,kana,muni,294012,29,0,0
ｮｳ,kana,muni,294241,29,0,0
ｮｳ,kana,muni,294250,29,0,0
ｮｳ,kana,muni,294268,29,0,0
ｮｳ,kana,muni,294276,29,0,0
ｮｳ,kana,muni,294411,29,0,0
ｮｳ,kana,muni,294420,29,0,0
ｮｳ,kana,muni,294438,29,0,0
ｮｳ,kana,muni,303046,30,0,0
ｮｳ,kana,muni,303411,30,0,0
ｮｳ,kana,muni,303437,30,0,0
ｮｳ,kana,muni,303445,30,0,0
ｮｳ,kana,muni,303615,30,0,0
ｮｳ,kana,muni,303623,30,0,0
ｮｳ,kana,muni,303666,30,0,0
ｮｳ,kana,muni,303810,30,0,0
ｮｳ,kana,muni,303828,30,0,0
ｮｳ,kana,muni,303836,30,0,0
ｮｳ,kana,muni,303909,30,0,0
ｮｳ,kana,muni,303917,30,0,0
ｮｳ,kana,muni,303925,30,0,0
ｮｳ,kana,muni,304018,30,0,0
ｮｳ,kana,muni,304042,30,0,0
ｮｳ,kana,muni,304069,30,0,0
ｮｳ,kana,muni,304212,30,0,0
ｮｳ,kana,muni,304221,30,0,0
ｮｳ,kana,muni,304247,30,0,0
ｮｳ,kana,muni,304280,30,0,0
ｮｳ,kana,muni,313025,31,0,0
ｮｳ,kana,muni,313254,31,0,0
ｮｳ,kana,muni,313289,31,0,0
ｮｳ,kana,muni,313297,31,0,0
ｮｳ,kana,muni,313645,31,0,0
ｮｳ,kana,muni,313700,31,0,0
ｮｳ,kana,muni,313718,31,0,0
ｮｳ,kana,muni,313726,31,0,0
ｮｳ,kana,muni,313866,31,0,0
ｮｳ,kana,muni,313891,31,0,0
ｮｳ,kana,muni,313904,31,0,0
ｮｳ,kana,muni,314013,31,0,0
ｮｳ,kana,muni,314021,31,0,0
ｮｳ,kana,muni,314030,31,0,0
ｮｳ,kana,muni,323438,32,0,0
ｮｳ,kana,muni,323861,32,0,0
ｮｳ,kana,muni,324485,32,0,0
ｮｳ,kana,muni,324493,32,0,0
ｮｳ,kana,muni,325015,32,0,0
ｮｳ,kana,muni,325058,32,0,0
ｮｳ,kana,muni,325252,32,0,0
ｮｳ,kana,muni,325261,32,0,0
ｮｳ,kana,muni,325287,32,0,0
ｮｳ,kana,muni,333468,33,0,0
ｮｳ,kana,muni,334235,33,0,0
ｮｳ,kana,muni,334456,33,0,0
ｮｳ,kana,muni,334618,33,0,0
ｮｳ,kana,muni,336068,33,0,0
ｮｳ,kana,muni,336220,33,0,0
ｮｳ,kana,muni,336238,33,0,0
ｮｳ,kana,muni,336637,33,0,0
ｮｳ,kana,muni,336661,33,0,0
ｮｳ,kana,muni,336815,33,0,0
ｮｳ,kana,muni,342106,34,0,0
ｮｳ,kana,muni,343021,34,0,0
ｮｳ,kana,muni,343048,34,0,0
ｮｳ,kana,muni,343072,34,0,0
ｮｳ,kana,muni,343099,34,0,0
ｮｳ,kana,muni,343684,34,0,0
ｮｳ,kana,muni,343692,34,0,0
ｮｳ,kana,muni,344311,34,0,0
ｮｳ,kana,muni,344621,34,0,0
ｮｳ,kana,muni,345458,34,0,0
ｮｳ,kana,muni,353051,35,0,0
ｮｳ,kana,muni,353213,35,0,0
ｮｳ,kana,muni,353418,35,0,0
ｮｳ,kana,muni,353434,35,0,0
ｮｳ,kana,muni,353442,35,0,0
ｮｳ,kana,muni,355020,35,0,0
ｮｳ,kana,muni,363014,36,0,0
ｮｳ,kana,muni,363022,36,0,0
ｮｳ,kana,muni,363413,36,0,0
ｮｳ,kana,muni,363421,36,0,0
ｮｳ,kana,muni,363685,36,0,0
ｮｳ,kana,muni,363839,36,0,0
ｮｳ,kana,muni,363871,36,0,0
ｮｳ,kana,muni,363880,36,0,0
ｮｳ,kana,muni,364011,36,0,0
ｮｳ,kana,muni,364029,36,0,0
ｮｳ,kana,muni,364037,36,0,0
ｮｳ,kana,muni,364045,36,0,0
ｮｳ,kana,muni,364053,36,0,0
ｮｳ,kana,muni,364681,36,0,0
ｮｳ,kana,muni,364894,36,0,0
ｮｳ,kana,muni,373222,37,0,0
ｮｳ,kana,muni,373249,37,0,0
ｮｳ,kana,muni,373419,37,0,0
ｮｳ,kana,muni,373648,37,0,0
ｮｳ,kana,muni,373869,37,0,0
ｮｳ,kana,muni,373877,37,0,0
ｮｳ,kana,muni,374032,37,0,0
ｮｳ,kana,muni,374041,37,0,0
ｮｳ,kana,muni,374067,37,0,0
ｮｳ,kana,muni,382060,38,0,0
ｮｳ,kana,muni,383562,38,0,0
ｮｳ,kana,muni,383864,38,0,0
ｮｳ,kana,muni,384011,38,0,0
ｮｳ,kana,muni,384020,38,0,0
ｮｳ,kana,muni,384224,38,0,0
ｮｳ,kana,muni,384429,38,0,0
ｮｳ,kana,muni,384844,38,0,0
ｮｳ,kana,muni,384887,38,0,0
ｮｳ,kana,muni,385069,38,0,0
ｮｳ,kana,muni,393011,39,0,0
ｮｳ,kana,muni,393029,39,0,0
ｮｳ,kana,muni,393037,39,0,0
ｮｳ,kana,muni,393045,39,0,0
ｮｳ,kana,muni,393410,39,0,0
ｮｳ,kana,muni,393444,39,0,0
ｮｳ,kana,muni,393631,39,0,0
ｮｳ,kana,muni,393860,39,0,0
ｮｳ,kana,muni,393878,39,0,0
ｮｳ,kana,muni,394017,39,0,0
ｮｳ,kana,muni,394025,39,0,0
ｮｳ,kana,muni,394033,39,0,0
ｮｳ,kana,muni,394050,39,0,0
ｮｳ,kana,muni,394114,39,0,0
ｮｳ,kana,muni,394122,39,0,0
ｮｳ,kana,muni,394246,39,0,0
ｮｳ,kana,muni,394289,39,0,0
ｮｳ,kana,muni,401366,40,0,1
ｮｳ,kana,muni,402192,40,0,0
ｮｳ,kana,muni,403849,40,0,0
ｮｳ,kana,muni,406473,40,0,0
ｮｳ,kana,muni,413275,41,0,0
ｮｳ,kana,muni,413411,41,0,0
ｮｳ,kana,muni,413453,41,0,0
ｮｳ,kana,muni,413461,41,0,0
ｮｳ,kana,muni,413879,41,0,0
ｮｳ,kana,muni,414018,41,0,0
ｮｳ,kana,muni,414239,41,0,0
ｮｳ,kana,muni,414255,41,0,0
ｮｳ,kana,muni,414417,41,0,0
ｮｳ,kana,muni,423076,42,0,0
ｮｳ,kana,muni,423084,42,0,0
ｮｳ,kana,muni,423211,42,0,0
ｮｳ,kana,muni,423220,42,0,0
ｮｳ,kana,muni,423238,42,0,0
ｮｳ,kana,muni,423831,42,0,0
ｮｳ,kana,muni,423912,42,0,0
ｮｳ,kana,muni,424111,42,0,0
ｮｳ,kana,muni,434477,43,0,0
ｮｳ,kana,muni,434680,43,0,0
ｮｳ,kana,muni,435147,43,0,0
ｮｳ,kana,muni,452025,45,0,0
ｮｳ,kana,muni,453412,45,0,0
ｮｳ,kana,muni,453617,45,0,0
ｮｳ,kana,muni,453820,45,0,0
ｮｳ,kana,muni,453838,45,0,0
ｮｳ,kana,muni,454010,45,0,0
ｮｳ,kana,muni,454028,45,0,0
ｮｳ,kana,muni,454044,45,0,0
ｮｳ,kana,muni,454052,45,0,0
ｮｳ,kana,muni,454061,45,0,0
ｮｳ,kana,muni,454214,45,0,0
ｮｳ,kana,muni,454311,45,0,0
ｮｳ,kana,muni,454419,45,0,0
ｮｳ,kana,muni,454427,45,0,0
ｮｳ,kana,muni,454435,45,0,0
ｮｳ,kana,muni,463922,46,0,0
ｮｳ,kana,muni,464040,46,0,0
ｮｳ,kana,muni,464520,46,0,0
ｮｳ,kana,muni,464686,46,0,0
ｮｳ,kana,muni,464821,46,0,0
ｮｳ,kana,muni,464902,46,0,0
ｮｳ,kana,muni,464911,46,0,0
ｮｳ,kana,muni,464929,46,0,0
ｮｳ,kana,muni,465011,46,0,0
ｮｳ,kana,muni,465020,46,0,0
ｮｳ,kana,muni,465054,46,0,0
ｮｳ,kana,muni,465259,46,0,0
ｮｳ,kana,muni,465275,46,0,0
ｮｳ,kana,muni,465291,46,0,0
ｮｳ,kana,muni,465305,46,0,0
ｮｳ,kana,muni,465313,46,0,0
ｮｳ,kana,muni,465321,46,0,0
ｮｳ,kana,muni,465330,46,0,0
ｮｳ,kana,muni,465348,46,0,0
ｮｳ,kana,muni,465356,46,0,0
ｮｳ,kana,muni,472158,47,0,0
ｮｳ,kana,muni,473081,47,0,0
ｮｳ,kana,muni,473146,47,0,0
ｮｳ,kana,muni,473251,47,0,0
ｮｳ,kana,muni,473260,47,0,0
ｮｳ,kana,muni,473294,47,0,0
ｮｳ,kana,muni,473481,47,0,0
ｮｳ,kana,muni,473502,47,0,0
ｮｳ,kana,muni,473618,47,0,0
ｮｳ,kana,muni,473626,47,0,0
ｮｳ,kana,muni,473812,47,0,0
ｮｳ,kana,muni,473821,47,0,0
ｮｶ,kana,muni,22055,2,0,0
ｮｸ,kana,muni,433641,43,0,0
ｮｻ,kana,muni,14851,1,0,0
ｮﾑ,kana,muni,24112,2,0,0
ｮﾛ,kana,muni,16471,1,0,0
ｯｶ,kana,pref,10006,1,0,0
ｯｶ,kana,muni,12149,1,0,0
ｯｶ,kana,muni,13960,1,0,0
ｯｶ,kana,muni,24112,2,0,0
ｯｶ,kana,muni,242021,24,0,0
ｯｹ,kana,muni,16624,1,0,0
ｯｺ,kana,muni,24431,2,0,0
ｯｺ,kana,muni,92061,9,0,0
ｯｻ,kana,muni,13633,1,0,0
ｯｻ,kana,muni,14648,1,0,0
ｯｻ,kana,muni,132187,13,0,0
ｯｼ,kana,muni,232301,23,0,0
ｯﾁ,kana,muni,14001,1,0,0
ｯﾂ,kana,muni,13927,1,0,0
ｯﾂ,kana,muni,122262,12,0,0
ｯﾂ,kana,muni,272248,27,0,0
ｯﾃ,kana,muni,112402,11,0,0
ｯﾄ,kana,muni,252085,25,0,0
ｯﾄ,kana,pref,310000,31,0,0
ｯﾄ,kana,muni,312011,31,0,0
ｯﾌ,kana,muni,14346,1,0,0
ｯﾌ,kana,muni,14559,1,0,0
ｯﾌ,kana,muni,14630,1,0,0
ｯﾌ,kana,muni,14702,1,0,0
ｯﾌ,kana,muni,15491,1,0,0
ｯﾌ,kana,muni,16047,1,0,0
ｯﾌ,kana,muni,442020,44,0,0
ｯﾍ,kana,muni,15610,1,0,0
ｯﾍ,kana,muni,15628,1,0,0
ｯﾎ,kana,muni,11002,1,1,0
ｯﾎ,kana,muni,11011,1,0,1
ｯﾎ,kana,muni,11029,1,0,1
ｯﾎ,kana,muni,11037,1,0,1
ｯﾎ,kana,muni,11045,1,0,1
ｯﾎ,kana,muni,11053,1,0,1
ｯﾎ,kana,muni,11061,1,0,1
ｯﾎ,kana,muni,11070,1,0,1
ｯﾎ,kana,muni,11088,1,0,1
ｯﾎ,kana,muni,11096,1,0,1
ｯﾎ,kana,muni,11100,1,0,1
ｯﾎ,kana,muni,53490,5,0,0
ｱｯ,kana,muni,13633,1,0,0
ｱｯ,kana,muni,16624,1,0,0
ｱｲ,kana,muni,14567,1,0,0
ｱｲ,kana,muni,72028,7,0,0
ｱｲ,kana,muni,73687,7,0,0
ｱｲ,kana,muni,74055,7,0,0
ｱｲ,kana,muni,74217,7,0,0
ｱｲ,kana,muni,74471,7,0,0
ｱｲ,kana,muni,144011,14,0,0
ｱｲ,kana,muni,203068,20,0,0
ｱｲ,kana,muni,203076,20,0,0
ｱｲ,kana,pref,230006,23,0,0
ｱｲ,kana,muni,232327,23,0,0
ｱｲ,kana,muni,254258,25,0,0
ｱｲ,kana,muni,282081,28,0,0
ｱｲ,kana,muni,364037,36,0,0
ｱｲ,kana,muni,385069,38,0,0
ｱｲ,kana,muni,462250,46,0,0
ｱｵ,kana,pref,20001,2,0,0
ｱｵ,kana,muni,22012,2,0,0
ｱｵ,kana,muni,41017,4,0,1
ｱｵ,kana,muni,134023,13,0,0
ｱｵ,kana,muni,141178,14,0,1
ｱｵ,kana,muni,203491,20,0,0
ｱｵ,kana,muni,221015,22,0,1
ｱｶ,kana,muni,12181,1,0,0
ｱｶ,kana,muni,14095,1,0,0
ｱｶ,kana,muni,104299,10,0,0
ｱｶ,kana,muni,152234,15,0,0
ｱｶ,kana,muni,153851,15,0,0
ｱｶ,kana,muni,273830,27,0,0
ｱｶ,kana,muni,282031,28,0,0
ｱｶ,kana,muni,332135,33,0,0
ｱｶ,kana,muni,406091,40,0,0
ｱｷ,name,muni,132284,13,0,0
ｱｷ,kana,pref,50008,5,0,0
ｱｷ,kana,muni,52019,5,0,0
ｱｷ,kana,muni,52132,5,0,0
ｱｷ,kana,muni,132071,13,0,0
ｱｷ,kana,muni,132284,13,0,0
ｱｷ,kana,muni,151050,15,0,1
ｱｷ,kana,muni,341070,34,0,1
ｱｷ,kana,muni,342149,34,0,0
ｱｷ,kana,muni,343684,34,0,0
ｱｷ,kana,muni,392031,39,0,0
ｱｸ,kana,muni,234419,23,0,0
ｱｸ,kana,muni,462063,46,0,0
ｱｸ,kana,muni,473553,47,0,0
ｱｹ,kana,muni,112194,11,0,0
ｱｹ,kana,muni,204226,20,0,0
ｱｹ,kana,muni,232297,23,0,0
ｱｺ,kana,muni,282120,28,0,0
ｱｻ,name,muni,435147,43,0,0
ｱｻ,kana,muni,12041,1,0,0
ｱｻ,kana,muni,63231,6,0,0
ｱｻ,kana,muni,75043,7,0,0
ｱｻ,kana,muni,112275,11,0,0
ｱｻ,kana,muni,122157,12,0,0
ｱｻ,kana,muni,141127,14,0,1
ｱｻ,kana,muni,141372,14,0,1
ｱｻ,kana,muni,163431,16,0,0
ｱｻ,kana,muni,204510,20,0,0
ｱｻ,kana,muni,232262,23,0,0
ｱｻ,kana,muni,243434,24,0,0
ｱｻ,kana,muni,271179,27,0,1
ｱｻ,kana,muni,282251,28,0,0
ｱｻ,kana,muni,303615,30,0,0
ｱｻ,kana,muni,332160,33,0,0
ｱｻ,kana,muni,341053,34,0,1
ｱｻ,kana,muni,341061,34,0,1
ｱｻ,kana,muni,402281,40,0,0
ｱｻ,kana,muni,435147,43,0,0
ｱｼ,kana,muni,12165,1,0,0
ｱｼ,kana,muni,16471,1,0,0
ｱｼ,kana,muni,23213,2,0,0
ｱｼ,kana,muni,92029,9,0,0
ｱｼ,kana,muni,142174,14,0,0
ｱｼ,kana,muni,282065,28,0,0
ｱｼ,kana,muni,403814,40,0,0
ｱｼ,kana,muni,434825,43,0,0
ｱｽ,kana,muni,294021,29,0,0
ｱｿ,kana,muni,432148,43,0,0
ｱｿ,kana,muni,434337,43,0,0
ｱﾀ,kana,muni,131211,13,0,0
ｱﾀ,kana,muni,222054,22,0,0
ｱﾁ,kana,muni,204072,20,0,0
ｱﾂ,kana,muni,11088,1,0,1
ｱﾂ,kana,muni,15814,1,0,0
ｱﾂ,kana,muni,142123,14,0,0
ｱﾂ,kana,muni,202207,20,0,0
ｱﾂ,kana,muni,231096,23,0,1
ｱﾅ,kana,muni,174611,17,0,0
ｱﾅ,kana,muni,204048,20,0,0
ｱﾅ,kana,muni,362042,36,0,0
ｱﾆ,kana,muni,53279,5,0,0
ｱﾊ,kana,muni,12114,1,0,0
ｱﾋ,kana,muni,15857,1,0,0
ｱﾋ,kana,muni,122220,12,0,0
ｱﾌ,kana,muni,355020,35,0,0
ｱﾍ,kana,muni,271195,27,0,1
ｱﾏ,name,muni,232378,23,0,0
ｱﾏ,kana,muni,232378,23,0,0
ｱﾏ,kana,muni,282022,28,0,0
ｱﾏ,kana,muni,325252,32,0,0
ｱﾏ,kana,muni,432121,43,0,0
ｱﾏ,kana,muni,432156,43,0,0
ｱﾏ,kana,muni,462225,46,0,0
ｱﾏ,kana,muni,465313,46,0,0
ｱﾐ,kana,muni,84433,8,0,0
ｱﾐ,kana,muni,122394,12,0,0
ｱﾔ,kana,muni,142182,14,0,0
ｱﾔ,kana,muni,262030,26,0,0
ｱﾔ,kana,muni,373877,37,0,0
ｱﾔ,kana,muni,453838,45,0,0
ｱﾗ,kana,muni,83097,8,0,0
ｱﾗ,kana,muni,131181,13,0,0
ｱﾗ,kana,muni,405035,40,0,0
ｱﾗ,kana,muni,432041,43,0,0
ｱﾘ,kana,muni,302040,30,0,0
ｱﾘ,kana,muni,303666,30,0,0
ｱﾘ,kana,muni,414018,41,0,0
ｱﾙ,name,muni,192082,19,0,0
ｱﾙ,kana,muni,192082,19,0,0
ｱﾜ,name,muni,182087,18,0,0
ｱﾜ,name,muni,282243,28,0,0
ｱﾜ,kana,muni,155861,15,0,0
ｱﾜ,kana,muni,182087,18,0,0
ｱﾜ,kana,muni,282243,28,0,0
ｱﾜ,kana,muni,282260,28,0,0
ｱﾜ,kana,muni,336432,33,0,0
ｱﾜ,kana,muni,362069,36,0,0
ｱﾝ,kana,muni,102113,10,0,0
ｱﾝ,kana,muni,213837,21,0,0
ｱﾝ,kana,muni,232122,23,0,0
ｱﾝ,kana,muni,293458,29,0,0
ｲ市,name,muni,82350,8,0,0
ｲ町,name,muni,184837,18,0,0
ｲｲ,kana,muni,64033,6,0,0
ｲｲ,kana,muni,75647,7,0,0
ｲｲ,kana,muni,202053,20,0,0
ｲｲ,kana,muni,202134,20,0,0
ｲｲ,kana,muni,203840,20,0,0
ｲｲ,kana,muni,205907,20,0,0
ｲｲ,kana,muni,323861,32,0,0
ｲｲ,kana,muni,402052,40,0,0
ｲｴ,kana,muni,14249,1,0,0
ｲｴ,kana,muni,473154,47,0,0
ｲｵ,kana,muni,282081,28,0,0
ｲｶ,kana,muni,14095,1,0,0
ｲｶ,kana,muni,16047,1,0,0
ｲｶ,kana,muni,53660,5,0,0
ｲｶ,kana,muni,144011,14,0,0
ｲｶ,kana,pref,150002,15,0,0
ｲｶ,kana,muni,151009,15,1,0
ｲｶ,kana,muni,151017,15,0,1
ｲｶ,kana,muni,151025,15,0,1
ｲｶ,kana,muni,151033,15,0,1
ｲｶ,kana,muni,151041,15,0,1
ｲｶ,kana,muni,151050,15,0,1
ｲｶ,kana,muni,151068,15,0,1
ｲｶ,kana,muni,151076,15,0,1
ｲｶ,kana,muni,151084,15,0,1
ｲｶ,kana,muni,152161,15,0,0
ｲｶ,kana,muni,242161,24,0,0
ｲｶ,kana,muni,263664,26,0,0
ｲｶ,kana,muni,293440,29,0,0
ｲｶ,kana,muni,384429,38,0,0
ｲｶ,kana,muni,422126,42,0,0
ｲｷ,kana,muni,16411,1,0,0
ｲｷ,kana,muni,203068,20,0,0
ｲｷ,kana,muni,203076,20,0,0
ｲｷ,kana,muni,244716,24,0,0
ｲｷ,kana,muni,422100,42,0,0
ｲｷ,kana,muni,442054,44,0,0
ｲｸ,kana,muni,141321,14,0,1
ｲｸ,kana,muni,204480,20,0,0
ｲｸ,kana,muni,221015,22,0,1
ｲｸ,kana,muni,271161,27,0,1
ｲｸ,kana,muni,271411,27,0,1
ｲｹ,kana,muni,16446,1,0,0
ｲｹ,kana,pref,180009,18,0,0
ｲｹ,kana,muni,183822,18,0,0
ｲｹ,kana,muni,204811,20,0,0
ｲｹ,kana,muni,214043,21,0,0
ｲｹ,kana,muni,272043,27,0,0
ｲｺ,kana,muni,83640,8,0,0
ｲｺ,kana,muni,292095,29,0,0
ｲｻ,kana,muni,112305,11,0,0
ｲｻ,kana,muni,203211,20,0,0
ｲｻ,kana,muni,232327,23,0,0
ｲｻ,kana,muni,422045,42,0,0
ｲｻ,kana,muni,462241,46,0,0
ｲｼ,kana,muni,11045,1,0,1
ｲｼ,kana,muni,12122,1,0,0
ｲｼ,kana,muni,12131,1,0,0
ｲｼ,kana,muni,12149,1,0,0
ｲｼ,kana,muni,12157,1,0,0
ｲｼ,kana,muni,12271,1,0,0
ｲｼ,kana,muni,12351,1,0,0
ｲｼ,kana,muni,22047,2,0,0
ｲｼ,kana,muni,32115,3,0,0
ｲｼ,kana,muni,32140,3,0,0
ｲｼ,kana,muni,33014,3,0,0
ｲｼ,kana,muni,41009,4,1,0
ｲｼ,kana,muni,41017,4,0,1
ｲｼ,kana,muni,41025,4,0,1
ｲｼ,kana,muni,41033,4,0,1
ｲｼ,kana,muni,41041,4,0,1
ｲｼ,kana,muni,41050,4,0,1
ｲｼ,kana,muni,42021,4,0,0
ｲｼ,kana,muni,42064,4,0,0
ｲｼ,kana,muni,62090,6,0,0
ｲｼ,kana,muni,63410,6,0,0
ｲｼ,kana,muni,73423,7,0,0
ｲｼ,kana,muni,75019,7,0,0
ｲｼ,kana,muni,82058,8,0,0
ｲｼ,kana,muni,82279,8,0,0
ｲｼ,kana,muni,82350,8,0,0
ｲｼ,kana,muni,122319,12,0,0
ｲｼ,kana,muni,122327,12,0,0
ｲｼ,kana,muni,132101,13,0,0
ｲｼ,kana,muni,133639,13,0,0
ｲｼ,kana,muni,152277,15,0,0
ｲｼ,kana,pref,170003,17,0,0
ｲｼ,kana,muni,172073,17,0,0
ｲｼ,kana,muni,182010,18,0,0
ｲｼ,kana,muni,182109,18,0,0
ｲｼ,kana,muni,183229,18,0,0
ｲｼ,kana,muni,192104,19,0,0
ｲｼ,kana,muni,203840,20,0,0
ｲｼ,kana,muni,222160,22,0,0
ｲｼ,kana,muni,222216,22,0,0
ｲｼ,kana,muni,232068,23,0,0
ｲｼ,kana,muni,232220,23,0,0
ｲｼ,kana,muni,232327,23,0,0
ｲｼ,kana,muni,254258,25,0,0
ｲｼ,kana,muni,271080,27,0,1
ｲｼ,kana,muni,271403,27,1,0
ｲｼ,kana,muni,271411,27,0,1
ｲｼ,kana,muni,271420,27,0,1
ｲｼ,kana,muni,271438,27,0,1
ｲｼ,kana,muni,271446,27,0,1
ｲｼ,kana,muni,271454,27,0,1
ｲｼ,kana,muni,271462,27,0,1
ｲｼ,kana,muni,271471,27,0,1
ｲｼ,kana,muni,272256,27,0,0
ｲｼ,kana,muni,273813,27,0,0
ｲｼ,kana,muni,282081,28,0,0
ｲｼ,kana,muni,282201,28,0,0
ｲｼ,kana,muni,284645,28,0,0
ｲｼ,kana,muni,292061,29,0,0
ｲｼ,kana,muni,304221,30,0,0
ｲｼ,kana,muni,352128,35,0,0
ｲｼ,kana,muni,363413,36,0,0
ｲｼ,kana,muni,382060,38,0,0
ｲｼ,kana,muni,414255,41,0,0
ｲｼ,kana,muni,422126,42,0,0
ｲｼ,kana,muni,462152,46,0,0
ｲｼ,kana,muni,472077,47,0,0
ｲｽ,name,muni,122386,12,0,0
ｲｽ,kana,muni,34029,3,0,0
ｲｽ,kana,muni,34835,3,0,0
ｲｽ,kana,muni,41050,4,0,1
ｲｽ,kana,muni,74641,7,0,0
ｲｽ,kana,muni,105244,10,0,0
ｲｽ,kana,muni,122386,12,0,0
ｲｽ,kana,muni,141160,14,0,1
ｲｽ,kana,muni,154059,15,0,0
ｲｽ,kana,muni,222224,22,0,0
ｲｽ,kana,muni,222259,22,0,0
ｲｽ,kana,muni,223018,22,0,0
ｲｽ,kana,muni,223042,22,0,0
ｲｽ,kana,muni,223069,22,0,0
ｲｽ,kana,muni,223425,22,0,0
ｲｽ,kana,muni,272060,27,0,0
ｲｽ,kana,muni,272132,27,0,0
ｲｽ,kana,muni,272191,27,0,0
ｲｽ,kana,muni,322032,32,0,0
ｲｽ,kana,muni,323438,32,0,0
ｲｽ,kana,muni,364037,36,0,0
ｲｽ,kana,muni,462080,46,0,0
ｲｾ,kana,muni,52124,5,0,0
ｲｾ,kana,muni,102041,10,0,0
ｲｾ,kana,muni,142140,14,0,0
ｲｾ,kana,muni,143669,14,0,0
ｲｾ,kana,muni,242039,24,0,0
ｲｾ,kana,muni,244724,24,0,0
ｲｾ,kana,muni,313866,31,0,0
ｲｾ,kana,muni,393070,39,0,0
ｲｾ,kana,muni,404217,40,0,0
ｲｾ,kana,muni,465321,46,0,0
ｲｾ,kana,muni,473600,47,0,0
ｲｿ,kana,muni,141071,14,0,1
ｲｿ,kana,muni,143413,14,0,0
ｲﾀ,name,muni,111007,11,1,0
ｲﾀ,name,muni,111015,11,0,1
ｲﾀ,name,muni,111023,11,0,1
ｲﾀ,name,muni,111031,11,0,1
ｲﾀ,name,muni,111040,11,0,1
ｲﾀ,name,muni,111058,11,0,1
ｲﾀ,name,muni,111066,11,0,1
ｲﾀ,name,muni,111074,11,0,1
ｲﾀ,name,muni,111082,11,0,1
ｲﾀ,name,muni,111091,11,0,1
ｲﾀ,name,muni,111104,11,0,1
ｲﾀ,kana,muni,23817,2,0,0
ｲﾀ,kana,muni,75647,7,0,0
ｲﾀ,kana,muni,82236,8,0,0
ｲﾀ,kana,muni,92118,9,0,0
ｲﾀ,kana,muni,105210,10,0,0
ｲﾀ,kana,pref,110001,11,0,0
ｲﾀ,kana,muni,111007,11,1,0
ｲﾀ,kana,muni,111015,11,0,1
ｲﾀ,kana,muni,111023,11,0,1
ｲﾀ,kana,muni,111031,11,0,1
ｲﾀ,kana,muni,111040,11,0,1
ｲﾀ,kana,muni,111058,11,0,1
ｲﾀ,kana,muni,111066,11,0,1
ｲﾀ,kana,muni,111074,11,0,1
ｲﾀ,kana,muni,111082,11,0,1
ｲﾀ,kana,muni,111091,11,0,1
ｲﾀ,kana,muni,111104,11,0,1
ｲﾀ,kana,muni,131199,13,0,0
ｲﾀ,kana,muni,202053,20,0,0
ｲﾀ,kana,muni,272051,27,0,0
ｲﾀ,kana,muni,282073,28,0,0
ｲﾀ,kana,muni,343048,34,0,0
ｲﾀ,kana,muni,364045,36,0,0
ｲﾀ,kana,muni,364053,36,0,0
ｲﾀ,kana,pref,440001,44,0,0
ｲﾀ,kana,muni,442011,44,0,0
ｲﾁ,name,muni,462195,46,0,0
ｲﾁ,kana,muni,13340,1,0,0
ｲﾁ,kana,muni,13935,1,0,0
ｲﾁ,kana,muni,14028,1,0,0
ｲﾁ,kana,muni,14087,1,0,0
ｲﾁ,kana,muni,14591,1,0,0
ｲﾁ,kana,muni,14729,1,0,0
ｲﾁ,kana,muni,15784,1,0,0
ｲﾁ,kana,muni,16349,1,0,0
ｲﾁ,kana,muni,16918,1,0,0
ｲﾁ,kana,muni,32093,3,0,0
ｲﾁ,kana,muni,35246,3,0,0
ｲﾁ,kana,muni,93441,9,0,0
ｲﾁ,kana,muni,122033,12,0,0
ｲﾁ,kana,muni,122190,12,0,0
ｲﾁ,kana,muni,124214,12,0,0
ｲﾁ,kana,muni,163228,16,0,0
ｲﾁ,kana,muni,172120,17,0,0
ｲﾁ,kana,muni,184837,18,0,0
ｲﾁ,kana,muni,193461,19,0,0
ｲﾁ,kana,muni,213616,21,0,0
ｲﾁ,kana,pref,230006,23,0,0
ｲﾁ,kana,muni,232033,23,0,0
ｲﾁ,kana,muni,234419,23,0,0
ｲﾁ,kana,muni,235628,23,0,0
ｲﾁ,kana,muni,242021,24,0,0
ｲﾁ,kana,muni,244431,24,0,0
ｲﾁ,kana,muni,244708,24,0,0
ｲﾁ,kana,muni,284424,28,0,0
ｲﾁ,kana,muni,294276,29,0,0
ｲﾁ,kana,muni,294438,29,0,0
ｲﾁ,kana,muni,313726,31,0,0
ｲﾁ,kana,muni,342131,34,0,0
ｲﾁ,kana,muni,363413,36,0,0
ｲﾁ,kana,muni,413879,41,0,0
ｲﾁ,kana,muni,462195,46,0,0
ｲﾁ,kana,muni,464520,46,0,0
ｲﾁ,kana,muni,465291,46,0,0
ｲﾂ,kana,muni,72028,7,0,0
ｲﾂ,kana,muni,73687,7,0,0
ｲﾂ,kana,muni,74055,7,0,0
ｲﾂ,kana,muni,74217,7,0,0
ｲﾂ,kana,muni,74233,7,0,0
ｲﾂ,kana,muni,74471,7,0,0
ｲﾂ,kana,muni,205907,20,0,0
ｲﾂ,kana,muni,212211,21,0,0
ｲﾂ,kana,muni,222127,22,0,0
ｲﾂ,kana,muni,262021,26,0,0
ｲﾂ,kana,muni,272086,27,0,0
ｲﾂ,kana,muni,402052,40,0,0
ｲﾂ,kana,muni,435112,43,0,0
ｲﾃ,kana,muni,64033,6,0,0
ｲﾃ,kana,muni,263435,26,0,0
ｲﾃ,kana,muni,272264,27,0,0
ｲﾃ,kana,muni,372030,37,0,0
ｲﾄ,kana,pref,10006,1,0,0
ｲﾄ,kana,muni,122289,12,0,0
ｲﾄ,kana,muni,131067,13,0,0
ｲﾄ,kana,muni,152161,15,0,0
ｲﾄ,kana,muni,222089,22,0,0
ｲﾄ,kana,muni,231151,23,0,1
ｲﾄ,kana,muni,272183,27,0,0
ｲﾄ,kana,muni,402303,40,0,0
ｲﾄ,kana,muni,406040,40,0,0
ｲﾄ,kana,muni,452084,45,0,0
ｲﾄ,kana,muni,472107,47,0,0
ｲﾄ,kana,muni,473570,47,0,0
ｲﾄ,kana,muni,473588,47,0,0
ｲﾅ,name,muni,242144,24,0,0
ｲﾅ,kana,muni,23671,2,0,0
ｲﾅ,kana,muni,74080,7,0,0
ｲﾅ,kana,muni,82295,8,0,0
ｲﾅ,kana,muni,113018,11,0,0
ｲﾅ,kana,muni,121037,12,0,1
ｲﾅ,kana,muni,132250,13,0,0
ｲﾅ,kana,muni,152277,15,0,0
ｲﾅ,kana,muni,202096,20,0,0
ｲﾅ,kana,muni,232203,23,0,0
ｲﾅ,kana,muni,242144,24,0,0
ｲﾅ,kana,muni,283011,28,0,0
ｲﾅ,kana,muni,283819,28,0,0
ｲﾅ,kana,muni,302023,30,0,0
ｲﾅ,kana,muni,303909,30,0,0
ｲﾅ,kana,muni,323861,32,0,0
ｲﾅ,kana,muni,385069,38,0,0
ｲﾇ,kana,muni,232157,23,0,0
ｲﾈ,kana,muni,11096,1,0,1
ｲﾈ,kana,muni,14702,1,0,0
ｲﾈ,kana,muni,264636,26,0,0
ｲﾉ,name,muni,393860,39,0,0
ｲﾉ,kana,muni,393860,39,0,0
ｲﾊ,kana,muni,41041,4,0,1
ｲﾊ,kana,pref,80004,8,0,0
ｲﾊ,kana,muni,82155,8,0,0
ｲﾊ,kana,muni,83020,8,0,0
ｲﾊ,kana,muni,252140,25,0,0
ｲﾊ,kana,muni,272116,27,0,0
ｲﾊ,kana,muni,332071,33,0,0
ｲﾊ,kana,muni,382051,38,0,0
ｲﾊ,kana,muni,454303,45,0,0
ｲﾋ,kana,muni,214019,21,0,0
ｲﾌ,kana,muni,402214,40,0,0
ｲﾌ,kana,muni,462101,46,0,0
ｲﾍ,kana,muni,14567,1,0,0
ｲﾍ,kana,muni,183229,18,0,0
ｲﾍ,kana,muni,473596,47,0,0
ｲﾎ,kana,muni,435317,43,0,0
ｲﾏ,kana,muni,13706,1,0,0
ｲﾏ,kana,muni,23019,2,0,0
ｲﾏ,kana,muni,23035,2,0,0
ｲﾏ,kana,muni,35017,3,0,0
ｲﾏ,kana,muni,64289,6,0,0
ｲﾏ,kana,muni,74071,7,0,0
ｲﾏ,kana,muni,83097,8,0,0
ｲﾏ,kana,muni,85464,8,0,0
ｲﾏ,kana,muni,93441,9,0,0
ｲﾏ,kana,muni,114081,11,0,0
ｲﾏ,kana,muni,123226,12,0,0
ｲﾏ,kana,muni,143618,14,0,0
ｲﾏ,kana,muni,143626,14,0,0
ｲﾏ,kana,muni,143669,14,0,0
ｲﾏ,kana,muni,382027,38,0,0
ｲﾏ,kana,muni,405035,40,0,0
ｲﾏ,kana,muni,412058,41,0,0
ｲﾐ,kana,muni,162116,16,0,0
ｲﾐ,kana,muni,312045,31,0,0
ｲﾐ,kana,muni,332101,33,0,0
ｲﾑ,kana,muni,14044,1,0,0
ｲﾑ,kana,muni,16381,1,0,0
ｲﾑ,kana,muni,16675,1,0,0
ｲﾑ,kana,muni,24261,2,0,0
ｲﾑ,kana,muni,34851,3,0,0
ｲﾑ,kana,muni,73440,7,0,0
ｲﾑ,kana,muni,83411,8,0,0
ｲﾑ,kana,muni,104256,10,0,0
ｲﾑ,kana,muni,124231,12,0,0
ｲﾑ,kana,muni,393070,39,0,0
ｲﾔ,kana,muni,202134,20,0,0
ｲﾖ,kana,muni,363880,36,0,0
ｲﾖ,kana,muni,382108,38,0,0
ｲﾖ,kana,muni,382141,38,0,0
ｲﾗ,name,muni,24121,2,0,0
ｲﾗ,kana,muni,24121,2,0,0
ｲﾗ,kana,muni,132110,13,0,0
ｲﾗ,kana,muni,205621,20,0,0
ｲﾗ,kana,muni,462250,46,0,0
ｲﾙ,kana,muni,112259,11,0,0
ｲﾛ,kana,muni,153079,15,0,0
ｲﾜ,name,muni,72044,7,0,0
ｲﾜ,kana,muni,12106,1,0,0
ｲﾜ,kana,muni,14028,1,0,0
ｲﾜ,kana,pref,30007,3,0,0
ｲﾜ,kana,muni,33031,3,0,0
ｲﾜ,kana,muni,34835,3,0,0
ｲﾜ,kana,muni,42111,4,0,0
ｲﾜ,kana,muni,44211,4,0,0
ｲﾜ,kana,muni,72044,7,0,0
ｲﾜ,kana,muni,105228,10,0,0
ｲﾜ,kana,muni,111104,11,0,1
ｲﾜ,kana,muni,141321,14,0,1
ｲﾜ,kana,muni,222119,22,0,0
ｲﾜ,kana,muni,232289,23,0,0
ｲﾜ,kana,muni,244422,24,0,0
ｲﾜ,kana,muni,302091,30,0,0
ｲﾜ,kana,muni,313025,31,0,0
ｲﾜ,kana,muni,332135,33,0,0
ｲﾜ,kana,muni,352080,35,0,0
ｲﾝ,kana,muni,122319,12,0,0
ｲﾝ,kana,muni,243248,24,0,0
ｳ町,name,muni,374067,37,0,0
ｳｲ,kana,muni,243248,24,0,0
ｳｴ,kana,muni,15601,1,0,0
ｳｴ,kana,muni,103667,10,0,0
ｳｴ,kana,muni,152226,15,0,0
ｳｴ,kana,muni,192121,19,0,0
ｳｴ,kana,muni,202037,20,0,0
ｳｴ,kana,muni,235628,23,0,0
ｳｵ,kana,muni,11011,1,0,1
ｳｵ,kana,muni,111058,11,0,1
ｳｵ,kana,muni,121011,12,0,1
ｳｵ,kana,muni,131024,13,0,0
ｳｵ,kana,muni,141526,14,0,1
ｳｵ,kana,muni,151033,15,0,1
ｳｵ,kana,muni,152251,15,0,0
ｳｵ,kana,muni,152269,15,0,0
ｳｵ,kana,muni,162043,16,0,0
ｳｵ,kana,muni,192147,19,0,0
ｳｵ,kana,muni,221384,22,0,1
ｳｵ,kana,muni,253847,25,0,0
ｳｵ,kana,muni,271284,27,0,1
ｳｵ,kana,muni,281107,28,0,1
ｳｵ,kana,muni,336220,33,0,0
ｳｵ,kana,muni,336815,33,0,0
ｳｵ,kana,muni,352161,35,0,0
ｳｵ,kana,muni,353051,35,0,0
ｳｵ,kana,muni,382132,38,0,0
ｳｵ,kana,muni,382159,38,0,0
ｳｵ,kana,muni,401331,40,0,1
ｳｵ,kana,muni,431010,43,0,1
ｳｶ,kana,muni,53635,5,0,0
ｳｶ,kana,muni,82082,8,0,0
ｳｶ,kana,muni,83411,8,0,0
ｳｶ,kana,muni,112216,11,0,0
ｳｶ,kana,muni,122131,12,0,0
ｳｶ,kana,muni,232220,23,0,0
ｳｶ,kana,muni,252093,25,0,0
ｳｶ,kana,muni,452068,45,0,0
ｳｷ,name,muni,402257,40,0,0
ｳｷ,kana,muni,82074,8,0,0
ｳｷ,kana,pref,130001,13,0,0
ｳｷ,kana,muni,132292,13,0,0
ｳｷ,kana,muni,261084,26,0,1
ｳｷ,kana,muni,313904,31,0,0
ｳｷ,kana,muni,402257,40,0,0
ｳｷ,kana,muni,432130,43,0,0
ｳｸ,kana,muni,11011,1,0,1
ｳｸ,kana,muni,111058,11,0,1
ｳｸ,kana,muni,121011,12,0,1
ｳｸ,kana,muni,124036,12,0,0
ｳｸ,kana,muni,131024,13,0,0
ｳｸ,kana,muni,131059,13,0,0
ｳｸ,kana,muni,131067,13,0,0
ｳｸ,kana,muni,131083,13,0,0
ｳｸ,kana,muni,141526,14,0,1
ｳｸ,kana,muni,151033,15,0,1
ｳｸ,kana,muni,221384,22,0,1
ｳｸ,kana,muni,221406,22,0,1
ｳｸ,kana,muni,231151,23,0,1
ｳｸ,kana,muni,261025,26,0,1
ｳｸ,kana,muni,261033,26,0,1
ｳｸ,kana,muni,261041,26,0,1
ｳｸ,kana,muni,261068,26,0,1
ｳｸ,kana,muni,261084,26,0,1
ｳｸ,kana,muni,261114,26,0,1
ｳｸ,kana,muni,271080,27,0,1
ｳｸ,kana,muni,271187,27,0,1
ｳｸ,kana,muni,271284,27,0,1
ｳｸ,kana,muni,281107,28,0,1
ｳｸ,kana,muni,401331,40,0,1
ｳｸ,kana,muni,431010,43,0,1
ｳｹ,kana,muni,345458,34,0,0
ｳｹ,kana,muni,383864,38,0,0
ｳｹ,kana,muni,406465,40,0,0
ｳｹ,kana,muni,465241,46,0,0
ｳｺ,kana,muni,13994,1,0,0
ｳｺ,kana,muni,54631,5,0,0
ｳｺ,kana,muni,152170,15,0,0
ｳｺ,kana,muni,233021,23,0,0
ｳｺ,kana,pref,280003,28,0,0
ｳｺ,kana,muni,281051,28,0,1
ｳｻ,kana,muni,122351,12,0,0
ｳｻ,kana,muni,123421,12,0,0
ｳｻ,kana,muni,434442,43,0,0
ｳｻ,kana,muni,442119,44,0,0
ｳｼ,kana,muni,14338,1,0,0
ｳｼ,kana,muni,32158,3,0,0
ｳｼ,kana,muni,42099,4,0,0
ｳｼ,kana,muni,52108,5,0,0
ｳｼ,kana,muni,62057,6,0,0
ｳｼ,kana,muni,62103,6,0,0
ｳｼ,kana,muni,62138,6,0,0
ｳｼ,kana,muni,82112,8,0,0
ｳｼ,kana,muni,82198,8,0,0
ｳｼ,kana,muni,82287,8,0,0
ｳｼ,kana,muni,92061,9,0,0
ｳｼ,kana,muni,102032,10,0,0
ｳｼ,kana,muni,112097,11,0,0
ｳｼ,kana,muni,112119,11,0,0
ｳｼ,kana,muni,112160,11,0,0
ｳｼ,kana,muni,112291,11,0,0
ｳｼ,kana,muni,122025,12,0,0
ｳｼ,kana,muni,122289,12,0,0
ｳｼ,kana,muni,122343,12,0,0
ｳｼ,kana,muni,132012,13,0,0
ｳｼ,kana,muni,132063,13,0,0
ｳｼ,kana,muni,132292,13,0,0
ｳｼ,kana,muni,152048,15,0,0
ｳｼ,kana,muni,152170,15,0,0
ｳｼ,kana,muni,192139,19,0,0
ｳｼ,kana,muni,192147,19,0,0
ｳｼ,kana,muni,194221,19,0,0
ｳｼ,kana,muni,212199,21,0,0
ｳｼ,kana,muni,222089,22,0,0
ｳｼ,kana,muni,232122,23,0,0
ｳｼ,kana,muni,232254,23,0,0
ｳｼ,kana,muni,252085,25,0,0
ｳｼ,kana,muni,262048,26,0,0
ｳｼ,kana,muni,262072,26,0,0
ｳｼ,kana,muni,262081,26,0,0
ｳｼ,kana,muni,262099,26,0,0
ｳｼ,kana,muni,263443,26,0,0
ｳｼ,kana,muni,271098,27,0,1
ｳｼ,kana,muni,272183,27,0,0
ｳｼ,kana,muni,282120,28,0,0
ｳｼ,kana,muni,282278,28,0,0
ｳｼ,kana,muni,282286,28,0,0
ｳｼ,kana,muni,292079,29,0,0
ｳｼ,kana,muni,294250,29,0,0
ｳｼ,kana,muni,302058,30,0,0
ｳｼ,kana,muni,302074,30,0,0
ｳｼ,kana,muni,332089,33,0,0
ｳｼ,kana,muni,342084,34,0,0
ｳｼ,kana,muni,372048,37,0,0
ｳｼ,kana,muni,382060,38,0,0
ｳｼ,kana,muni,382132,38,0,0
ｳｼ,kana,muni,401005,40,1,0
ｳｼ,kana,muni,401013,40,0,1
ｳｼ,kana,muni,401030,40,0,1
ｳｼ,kana,muni,401056,40,0,1
ｳｼ,kana,muni,401064,40,0,1
ｳｼ,kana,muni,401072,40,0,1
ｳｼ,kana,muni,401081,40,0,1
ｳｼ,kana,muni,401099,40,0,1
ｳｼ,kana,muni,402192,40,0,0
ｳｼ,kana,muni,422118,42,0,0
ｳｼ,kana,muni,432164,43,0,0
ｳｼ,kana,muni,452025,45,0,0
ｳｼ,kana,muni,462233,46,0,0
ｳｼ,kana,muni,472158,47,0,0
ｳｽ,kana,muni,14311,1,0,0
ｳｽ,kana,muni,16942,1,0,0
ｳｽ,kana,muni,442062,44,0,0
ｳｽ,kana,muni,464520,46,0,0
ｳｾ,kana,muni,124231,12,0,0
ｳｾ,kana,muni,163422,16,0,0
ｳｿ,kana,muni,82112,8,0,0
ｳｿ,kana,muni,122343,12,0,0
ｳｿ,kana,muni,335860,33,0,0
ｳｿ,kana,muni,473570,47,0,0
ｳｿ,kana,muni,473588,47,0,0
ｳﾀ,kana,muni,12271,1,0,0
ｳﾀ,kana,muni,112062,11,0,0
ｳﾀ,kana,muni,173860,17,0,0
ｳﾀ,kana,muni,204293,20,0,0
ｳﾀ,kana,muni,235016,23,0,0
ｳﾀ,kana,muni,262111,26,0,0
ｳﾀ,kana,muni,262129,26,0,0
ｳﾀ,kana,muni,264075,26,0,0
ｳﾀ,kana,muni,292125,29,0,0
ｳﾀ,kana,muni,373869,37,0,0
ｳﾁ,kana,muni,13331,1,0,0
ｳﾁ,kana,muni,14362,1,0,0
ｳﾁ,kana,muni,14371,1,0,0
ｳﾁ,kana,muni,53490,5,0,0
ｳﾁ,kana,muni,75442,7,0,0
ｳﾁ,kana,muni,173657,17,0,0
ｳﾁ,kana,muni,205613,20,0,0
ｳﾁ,kana,muni,213411,21,0,0
ｳﾁ,kana,muni,213829,21,0,0
ｳﾁ,kana,muni,215040,21,0,0
ｳﾁ,kana,muni,233021,23,0,0
ｳﾁ,kana,muni,233625,23,0,0
ｳﾁ,kana,muni,245623,24,0,0
ｳﾁ,kana,muni,253847,25,0,0
ｳﾁ,kana,muni,254258,25,0,0
ｳﾁ,kana,muni,285013,28,0,0
ｳﾁ,kana,muni,293431,29,0,0
ｳﾁ,kana,muni,294268,29,0,0
ｳﾁ,kana,muni,332127,33,0,0
ｳﾁ,kana,muni,334456,33,0,0
ｳﾁ,kana,muni,336220,33,0,0
ｳﾁ,kana,muni,336815,33,0,0
ｳﾁ,kana,muni,343021,34,0,0
ｳﾁ,kana,muni,363219,36,0,0
ｳﾁ,kana,muni,363880,36,0,0
ｳﾁ,kana,muni,373222,37,0,0
ｳﾁ,kana,muni,374067,37,0,0
ｳﾁ,kana,muni,384224,38,0,0
ｳﾁ,kana,pref,390003,39,0,0
ｳﾁ,kana,muni,392014,39,0,0
ｳﾁ,kana,muni,393011,39,0,0
ｳﾁ,kana,muni,424111,42,0,0
ｳﾁ,kana,muni,454044,45,0,0
ｳﾁ,kana,muni,464902,46,0,0
ｳﾁ,kana,muni,465259,46,0,0
ｳﾁ,kana,muni,465275,46,0,0
ｳﾂ,kana,muni,92011,9,0,0
ｳﾂ,kana,muni,133647,13,0,0
ｳﾂ,kana,muni,322075,32,0,0
ｳﾄ,kana,pref,130001,13,0,0
ｳﾄ,kana,muni,131083,13,0,0
ｳﾄ,kana,muni,213811,21,0,0
ｳﾄ,kana,pref,260002,26,0,0
ｳﾄ,kana,muni,261009,26,1,0
ｳﾄ,kana,muni,261017,26,0,1
ｳﾄ,kana,muni,261025,26,0,1
ｳﾄ,kana,muni,261033,26,0,1
ｳﾄ,kana,muni,261041,26,0,1
ｳﾄ,kana,muni,261050,26,0,1
ｳﾄ,kana,muni,261068,26,0,1
ｳﾄ,kana,muni,261076,26,0,1
ｳﾄ,kana,muni,261084,26,0,1
ｳﾄ,kana,muni,261092,26,0,1
ｳﾄ,kana,muni,261106,26,0,1
ｳﾄ,kana,muni,261114,26,0,1
ｳﾄ,kana,muni,271187,27,0,1
ｳﾄ,kana,muni,373249,37,0,0
ｳﾄ,kana,muni,432113,43,0,0
ｳﾅ,kana,muni,64289,6,0,0
ｳﾅ,kana,muni,124273,12,0,0
ｳﾅ,kana,muni,141119,14,0,1
ｳﾅ,kana,muni,151041,15,0,1
ｳﾅ,kana,muni,232173,23,0,0
ｳﾅ,kana,muni,272299,27,0,0
ｳﾅ,kana,muni,352152,35,0,0
ｳﾅ,kana,muni,392111,39,0,0
ｳﾅ,kana,muni,401366,40,0,1
ｳﾉ,kana,muni,112178,11,0,0
ｳﾉ,kana,muni,123498,12,0,0
ｳﾊ,kana,muni,12092,1,0,0
ｳﾊ,kana,muni,342106,34,0,0
ｳﾌ,kana,muni,132080,13,0,0
ｳﾌ,kana,muni,192015,19,0,0
ｳﾌ,kana,muni,314030,31,0,0
ｳﾌ,kana,muni,352063,35,0,0
ｳﾌ,kana,muni,434256,43,0,0
ｳﾍ,kana,muni,13030,1,0,0
ｳﾍ,kana,muni,15598,1,0,0
ｳﾍ,kana,muni,15750,1,0,0
ｳﾍ,kana,muni,281000,28,1,0
ｳﾍ,kana,muni,281018,28,0,1
ｳﾍ,kana,muni,281026,28,0,1
ｳﾍ,kana,muni,281051,28,0,1
ｳﾍ,kana,muni,281069,28,0,1
ｳﾍ,kana,muni,281077,28,0,1
ｳﾍ,kana,muni,281085,28,0,1
ｳﾍ,kana,muni,281093,28,0,1
ｳﾍ,kana,muni,281107,28,0,1
ｳﾍ,kana,muni,281115,28,0,1
ｳﾍ,kana,muni,352021,35,0,0
ｳﾎ,kana,muni,24082,2,0,0
ｳﾎ,kana,muni,141097,14,0,1
ｳﾎ,kana,muni,404489,40,0,0
ｳﾎ,kana,muni,414247,41,0,0
ｳﾏ,kana,muni,14541,1,0,0
ｳﾏ,kana,muni,43010,4,0,0
ｳﾏ,kana,muni,72095,7,0,0
ｳﾏ,kana,muni,72125,7,0,0
ｳﾏ,kana,muni,73628,7,0,0
ｳﾏ,kana,muni,104213,10,0,0
ｳﾏ,kana,muni,123498,12,0,0
ｳﾏ,kana,muni,134015,13,0,0
ｳﾏ,kana,muni,153079,15,0,0
ｳﾏ,kana,muni,393061,39,0,0
ｳﾏ,kana,muni,403458,40,0,0
ｳﾏ,kana,muni,406082,40,0,0
ｳﾏ,kana,muni,406473,40,0,0
ｳﾏ,kana,muni,433641,43,0,0
ｳﾏ,kana,muni,434043,43,0,0
ｳﾐ,kana,muni,202193,20,0,0
ｳﾐ,kana,muni,203033,20,0,0
ｳﾐ,kana,muni,252042,25,0,0
ｳﾐ,kana,muni,252131,25,0,0
ｳﾐ,kana,muni,403415,40,0,0
ｳﾑ,kana,muni,15636,1,0,0
ｳﾑ,kana,muni,24503,2,0,0
ｳﾑ,kana,muni,74616,7,0,0
ｳﾑ,kana,muni,103446,10,0,0
ｳﾑ,kana,muni,204111,20,0,0
ｳﾑ,kana,muni,204137,20,0,0
ｳﾑ,kana,muni,404489,40,0,0
ｳﾒ,kana,muni,53619,5,0,0
ｳﾒ,kana,muni,132055,13,0,0
ｳﾔ,kana,muni,15849,1,0,0
ｳﾔ,kana,muni,303445,30,0,0
ｳﾖ,kana,muni,262072,26,0,0
ｳﾖ,kana,muni,393011,39,0,0
ｳﾗ,name,muni,82309,8,0,0
ｳﾗ,kana,muni,14311,1,0,0
ｳﾗ,kana,muni,15717,1,0,0
ｳﾗ,kana,muni,16071,1,0,0
ｳﾗ,kana,muni,16497,1,0,0
ｳﾗ,kana,muni,23230,2,0,0
ｳﾗ,kana,muni,24252,2,0,0
ｳﾗ,kana,muni,82031,8,0,0
ｳﾗ,kana,muni,82309,8,0,0
ｳﾗ,kana,muni,105252,10,0,0
ｳﾗ,kana,muni,111074,11,0,1
ｳﾗ,kana,muni,122181,12,0,0
ｳﾗ,kana,muni,122271,12,0,0
ｳﾗ,kana,muni,122297,12,0,0
ｳﾗ,kana,muni,142107,14,0,0
ｳﾗ,kana,muni,155861,15,0,0
ｳﾗ,kana,muni,234427,23,0,0
ｳﾗ,kana,muni,254428,25,0,0
ｳﾗ,kana,muni,304212,30,0,0
ｳﾗ,kana,muni,313718,31,0,0
ｳﾗ,kana,muni,363014,36,0,0
ｳﾗ,kana,muni,422088,42,0,0
ｳﾗ,kana,muni,472085,47,0,0
ｳﾘ,kana,muni,14362,1,0,0
ｳﾘ,kana,muni,294268,29,0,0
ｳﾙ,name,muni,472131,47,0,0
ｳﾙ,kana,muni,204129,20,0,0
ｳﾙ,kana,muni,472131,47,0,0
ｳﾚ,kana,muni,412091,41,0,0
ｳﾛ,kana,muni,213411,21,0,0
ｳﾜ,kana,muni,14010,1,0,0
ｳﾜ,kana,muni,74462,7,0,0
ｳﾜ,kana,muni,104485,10,0,0
ｳﾜ,kana,muni,193844,19,0,0
ｳﾜ,kana,muni,231070,23,0,1
ｳﾜ,kana,muni,382035,38,0,0
ｳﾝ,kana,muni,322091,32,0,0
ｳﾝ,kana,muni,422134,42,0,0
ｴｲ,kana,muni,14591,1,0,0
ｴｲ,kana,muni,73440,7,0,0
ｴｲ,kana,muni,183229,18,0,0
ｴｲ,kana,muni,235628,23,0,0
ｴｲ,kana,muni,313726,31,0,0
ｴｷ,kana,muni,341088,34,0,1
ｴｸ,kana,muni,141151,14,0,1
ｴｸ,kana,muni,141364,14,0,1
ｴｸ,kana,muni,271250,27,0,1
ｴｹ,kana,pref,240001,24,0,0
ｴｻ,kana,muni,13617,1,0,0
ｴｻ,kana,muni,15148,1,0,0
ｴｻ,kana,muni,222232,22,0,0
ｴｼ,kana,muni,62065,6,0,0
ｴｼ,kana,muni,112011,11,0,0
ｴｼ,kana,muni,132195,13,0,0
ｴｼ,kana,muni,182079,18,0,0
ｴｼ,kana,muni,322016,32,0,0
ｴｼ,kana,muni,472085,47,0,0
ｴｾ,kana,muni,473626,47,0,0
ｴｿ,kana,muni,473154,47,0,0
ｴﾀ,kana,muni,202037,20,0,0
ｴﾀ,kana,muni,222143,22,0,0
ｴﾀ,kana,muni,342157,34,0,0
ｴﾀ,kana,muni,406023,40,0,0
ｴﾁ,kana,muni,13315,1,0,0
ｴﾁ,kana,muni,13374,1,0,0
ｴﾁ,kana,muni,14249,1,0,0
ｴﾁ,kana,muni,14834,1,0,0
ｴﾁ,kana,muni,15601,1,0,0
ｴﾁ,kana,muni,182095,18,0,0
ｴﾁ,kana,muni,184047,18,0,0
ｴﾁ,kana,muni,184233,18,0,0
ｴﾁ,kana,muni,234257,23,0,0
ｴﾁ,kana,muni,243442,24,0,0
ｴﾂ,kana,muni,152226,15,0,0
ｴﾂ,kana,muni,313840,31,0,0
ｴﾄ,kana,muni,131237,13,0,0
ｴﾅ,kana,muni,14044,1,0,0
ｴﾅ,kana,muni,212105,21,0,0
ｴﾆ,kana,muni,12319,1,0,0
ｴﾉ,kana,muni,103667,10,0,0
ｴﾉ,kana,muni,192121,19,0,0
ｴﾊ,kana,muni,102016,10,0,0
ｴﾊ,kana,muni,473502,47,0,0
ｴﾋ,name,muni,452092,45,0,0
ｴﾋ,kana,muni,142158,14,0,0
ｴﾋ,kana,pref,380008,38,0,0
ｴﾋ,kana,muni,452092,45,0,0
ｴﾌ,kana,muni,192112,19,0,0
ｴﾍ,kana,muni,12173,1,0,0
ｴﾏ,kana,muni,63240,6,0,0
ｴﾏ,kana,muni,73644,7,0,0
ｴﾏ,kana,muni,75477,7,0,0
ｴﾏ,kana,muni,123293,12,0,0
ｴﾏ,kana,muni,403440,40,0,0
ｴﾏ,kana,muni,435066,43,0,0
ｴﾏ,kana,muni,444618,44,0,0
ｴﾑ,kana,muni,206024,20,0,0
ｴﾑ,kana,muni,293229,29,0,0
ｴﾑ,kana,muni,293865,29,0,0
ｴﾑ,kana,muni,435121,43,0,0
ｴﾘ,name,muni,16098,1,0,0
ｴﾘ,kana,muni,16098,1,0,0
ｴﾝ,kana,muni,14869,1,0,0
ｴﾝ,kana,muni,15555,1,0,0
ｵｱ,kana,muni,83097,8,0,0
ｵｱ,kana,muni,122394,12,0,0
ｵｲ,name,muni,24121,2,0,0
ｵｲ,name,muni,184837,18,0,0
ｵｲ,kana,muni,15784,1,0,0
ｵｲ,kana,muni,16349,1,0,0
ｵｲ,kana,muni,24121,2,0,0
ｵｲ,kana,muni,63410,6,0,0
ｵｲ,kana,muni,105244,10,0,0
ｵｲ,kana,muni,143413,14,0,0
ｵｲ,kana,muni,143626,14,0,0
ｵｲ,kana,muni,184837,18,0,0
ｵｲ,kana,muni,221015,22,0,1
ｵｲ,kana,muni,282081,28,0,0
ｵｲ,kana,pref,440001,44,0,0
ｵｲ,kana,muni,442011,44,0,0
ｵｳ,kana,muni,11011,1,0,1
ｵｳ,kana,muni,15636,1,0,0
ｵｳ,kana,muni,32158,3,0,0
ｵｳ,kana,muni,43010,4,0,0
ｵｳ,kana,muni,105252,10,0,0
ｵｳ,kana,muni,111058,11,0,1
ｵｳ,kana,muni,121011,12,0,1
ｵｳ,kana,muni,131024,13,0,0
ｵｳ,kana,muni,132012,13,0,0
ｵｳ,kana,muni,132055,13,0,0
ｵｳ,kana,muni,141526,14,0,1
ｵｳ,kana,muni,151033,15,0,1
ｵｳ,kana,muni,192147,19,0,0
ｵｳ,kana,muni,204293,20,0,0
ｵｳ,kana,muni,221384,22,0,1
ｵｳ,kana,muni,252042,25,0,0
ｵｳ,kana,muni,252131,25,0,0
ｵｳ,kana,muni,253847,25,0,0
ｵｳ,kana,muni,271284,27,0,1
ｵｳ,kana,muni,281107,28,0,1
ｵｳ,kana,muni,294250,29,0,0
ｵｳ,kana,muni,336220,33,0,0
ｵｳ,kana,muni,336815,33,0,0
ｵｳ,kana,muni,353051,35,0,0
ｵｳ,kana,muni,382132,38,0,0
ｵｳ,kana,muni,401331,40,0,1
ｵｳ,kana,muni,431010,43,0,1
ｵｴ,kana,muni,63240,6,0,0
ｵｵ,name,muni,184837,18,0,0
ｵｵ,kana,muni,15644,1,0,0
ｵｵ,kana,muni,23621,2,0,0
ｵｵ,kana,muni,24236,2,0,0
ｵｵ,kana,muni,32034,3,0,0
ｵｵ,kana,muni,34614,3,0,0
ｵｵ,kana,muni,42153,4,0,0
ｵｵ,kana,muni,43214,4,0,0
ｵｵ,kana,muni,44229,4,0,0
ｵｵ,kana,muni,44245,4,0,0
ｵｵ,kana,muni,52043,5,0,0
ｵｵ,kana,muni,53686,5,0,0
ｵｵ,kana,muni,63240,6,0,0
ｵｵ,kana,muni,63410,6,0,0
ｵｵ,kana,muni,63657,6,0,0
ｵｵ,kana,muni,73229,7,0,0
ｵｵ,kana,muni,75451,7,0,0
ｵｵ,kana,muni,82121,8,0,0
ｵｵ,kana,muni,82252,8,0,0
ｵｵ,kana,muni,83097,8,0,0
ｵｵ,kana,muni,92100,9,0,0
ｵｵ,kana,muni,102059,10,0,0
ｵｵ,kana,muni,105244,10,0,0
ｵｵ,kana,muni,111031,11,0,1
ｵｵ,kana,muni,122394,12,0,0
ｵｵ,kana,muni,124419,12,0,0
ｵｵ,kana,muni,131113,13,0,0
ｵｵ,kana,muni,133612,13,0,0
ｵｵ,kana,muni,143413,14,0,0
ｵｵ,kana,muni,143626,14,0,0
ｵｵ,kana,muni,182052,18,0,0
ｵｵ,kana,muni,184837,18,0,0
ｵｵ,kana,muni,192066,19,0,0
ｵｵ,kana,muni,202126,20,0,0
ｵｵ,kana,muni,204170,20,0,0
ｵｵ,kana,muni,204307,20,0,0
ｵｵ,kana,muni,212024,21,0,0
ｵｵ,kana,muni,214035,21,0,0
ｵｵ,kana,muni,232238,23,0,0
ｵｵ,kana,muni,233617,23,0,0
ｵｵ,kana,muni,234249,23,0,0
ｵｵ,kana,muni,244431,24,0,0
ｵｵ,kana,muni,252018,25,0,0
ｵｵ,kana,muni,263036,26,0,0
ｵｵ,kana,pref,270008,27,0,0
ｵｵ,kana,muni,271004,27,1,0
ｵｵ,kana,muni,271021,27,0,1
ｵｵ,kana,muni,271039,27,0,1
ｵｵ,kana,muni,271047,27,0,1
ｵｵ,kana,muni,271063,27,0,1
ｵｵ,kana,muni,271071,27,0,1
ｵｵ,kana,muni,271080,27,0,1
ｵｵ,kana,muni,271098,27,0,1
ｵｵ,kana,muni,271110,27,0,1
ｵｵ,kana,muni,271136,27,0,1
ｵｵ,kana,muni,271144,27,0,1
ｵｵ,kana,muni,271152,27,0,1
ｵｵ,kana,muni,271161,27,0,1
ｵｵ,kana,muni,271179,27,0,1
ｵｵ,kana,muni,271187,27,0,1
ｵｵ,kana,muni,271195,27,0,1
ｵｵ,kana,muni,271209,27,0,1
ｵｵ,kana,muni,271217,27,0,1
ｵｵ,kana,muni,271225,27,0,1
ｵｵ,kana,muni,271233,27,0,1
ｵｵ,kana,muni,271241,27,0,1
ｵｵ,kana,muni,271250,27,0,1
ｵｵ,kana,muni,271268,27,0,1
ｵｵ,kana,muni,271276,27,0,1
ｵｵ,kana,muni,271284,27,0,1
ｵｵ,kana,muni,272060,27,0,0
ｵｵ,kana,muni,272272,27,0,0
ｵｵ,kana,muni,272311,27,0,0
ｵｵ,kana,muni,294420,29,0,0
ｵｵ,kana,muni,322059,32,0,0
ｵｵ,kana,muni,324493,32,0,0
ｵｵ,kana,muni,342114,34,0,0
ｵｵ,kana,muni,343684,34,0,0
ｵｵ,kana,muni,344311,34,0,0
ｵｵ,kana,muni,353051,35,0,0
ｵｵ,kana,muni,382078,38,0,0
ｵｵ,kana,muni,393444,39,0,0
ｵｵ,kana,muni,393649,39,0,0
ｵｵ,kana,muni,394246,39,0,0
ｵｵ,kana,muni,402028,40,0,0
ｵｵ,kana,muni,402125,40,0,0
ｵｵ,kana,muni,402192,40,0,0
ｵｵ,kana,muni,405221,40,0,0
ｵｵ,kana,muni,406082,40,0,0
ｵｵ,kana,muni,414239,41,0,0
ｵｵ,kana,muni,422053,42,0,0
ｵｵ,kana,muni,434035,43,0,0
ｵｵ,kana,pref,440001,44,0,0
ｵｵ,kana,muni,442011,44,0,0
ｵｵ,kana,muni,442127,44,0,0
ｵｵ,kana,muni,464686,46,0,0
ｵｵ,kana,muni,464911,46,0,0
ｵｵ,kana,muni,473022,47,0,0
ｵｶ,kana,muni,32018,3,0,0
ｵｶ,kana,muni,42030,4,0,0
ｵｶ,kana,muni,43214,4,0,0
ｵｶ,kana,muni,52060,5,0,0
ｵｶ,kana,muni,53686,5,0,0
ｵｶ,kana,muni,62031,6,0,0
ｵｶ,kana,muni,75434,7,0,0
ｵｶ,kana,muni,82058,8,0,0
ｵｶ,kana,muni,92096,9,0,0
ｵｶ,kana,muni,102091,10,0,0
ｵｶ,kana,muni,102105,10,0,0
ｵｶ,kana,muni,103454,10,0,0
ｵｶ,kana,muni,112461,11,0,0
ｵｶ,kana,muni,113433,11,0,0
ｵｶ,kana,muni,113654,11,0,0
ｵｶ,kana,muni,134023,13,0,0
ｵｶ,kana,muni,134210,13,0,0
ｵｶ,kana,muni,152021,15,0,0
ｵｶ,kana,muni,152102,15,0,0
ｵｶ,kana,muni,162027,16,0,0
ｵｶ,kana,muni,202045,20,0,0
ｵｶ,kana,muni,204145,20,0,0
ｵｶ,kana,muni,204161,20,0,0
ｵｶ,kana,muni,205885,20,0,0
ｵｶ,kana,muni,212024,21,0,0
ｵｶ,kana,pref,220001,22,0,0
ｵｶ,kana,muni,221007,22,1,0
ｵｶ,kana,muni,221015,22,0,1
ｵｶ,kana,muni,221023,22,0,1
ｵｶ,kana,muni,221031,22,0,1
ｵｶ,kana,muni,232025,23,0,0
ｵｶ,kana,muni,262064,26,0,0
ｵｶ,kana,muni,262099,26,0,0
ｵｶ,kana,muni,273414,27,0,0
ｵｶ,kana,muni,282090,28,0,0
ｵｶ,kana,pref,330001,33,0,0
ｵｶ,kana,muni,331007,33,1,0
ｵｶ,kana,muni,331015,33,0,1
ｵｶ,kana,muni,331023,33,0,1
ｵｶ,kana,muni,331031,33,0,1
ｵｶ,kana,muni,331040,33,0,1
ｵｶ,kana,muni,332054,33,0,0
ｵｶ,kana,muni,393649,39,0,0
ｵｶ,kana,pref,400009,40,0,0
ｵｶ,kana,muni,401307,40,1,0
ｵｶ,kana,muni,401315,40,0,1
ｵｶ,kana,muni,401323,40,0,1
ｵｶ,kana,muni,401331,40,0,1
ｵｶ,kana,muni,401340,40,0,1
ｵｶ,kana,muni,401358,40,0,1
ｵｶ,kana,muni,401366,40,0,1
ｵｶ,kana,muni,401374,40,0,1
ｵｶ,kana,muni,402044,40,0,0
ｵｶ,kana,muni,402125,40,0,0
ｵｶ,kana,muni,403831,40,0,0
ｵｶ,kana,muni,452033,45,0,0
ｵｷ,kana,muni,203491,20,0,0
ｵｷ,kana,muni,325287,32,0,0
ｵｷ,kana,muni,405221,40,0,0
ｵｷ,kana,muni,412082,41,0,0
ｵｷ,kana,muni,462161,46,0,0
ｵｷ,kana,pref,470007,47,0,0
ｵｷ,kana,muni,472115,47,0,0
ｵｷ,kana,muni,473022,47,0,0
ｵｸ,kana,muni,13676,1,0,0
ｵｸ,kana,muni,63657,6,0,0
ｵｸ,kana,muni,64017,6,0,0
ｵｸ,kana,muni,75451,7,0,0
ｵｸ,kana,muni,133086,13,0,0
ｵｸ,kana,muni,141372,14,0,1
ｵｸ,kana,muni,204307,20,0,0
ｵｸ,kana,muni,233617,23,0,0
ｵｸ,kana,muni,323438,32,0,0
ｵｸ,kana,muni,434230,43,0,0
ｵｸ,kana,muni,434248,43,0,0
ｵｹ,kana,muni,15504,1,0,0
ｵｹ,kana,muni,112313,11,0,0
ｵｺ,kana,muni,15610,1,0,0
ｵｺ,kana,muni,15628,1,0,0
ｵｺ,kana,muni,113271,11,0,0
ｵｺ,kana,muni,402168,40,0,0
ｵｻ,kana,muni,42153,4,0,0
ｵｻ,kana,muni,44229,4,0,0
ｵｻ,kana,pref,270008,27,0,0
ｵｻ,kana,muni,271004,27,1,0
ｵｻ,kana,muni,271021,27,0,1
ｵｻ,kana,muni,271039,27,0,1
ｵｻ,kana,muni,271047,27,0,1
ｵｻ,kana,muni,271063,27,0,1
ｵｻ,kana,muni,271071,27,0,1
ｵｻ,kana,muni,271080,27,0,1
ｵｻ,kana,muni,271098,27,0,1
ｵｻ,kana,muni,271110,27,0,1
ｵｻ,kana,muni,271136,27,0,1
ｵｻ,kana,muni,271144,27,0,1
ｵｻ,kana,muni,271152,27,0,1
ｵｻ,kana,muni,271161,27,0,1
ｵｻ,kana,muni,271179,27,0,1
ｵｻ,kana,muni,271187,27,0,1
ｵｻ,kana,muni,271195,27,0,1
ｵｻ,kana,muni,271209,27,0,1
ｵｻ,kana,muni,271217,27,0,1
ｵｻ,kana,muni,271225,27,0,1
ｵｻ,kana,muni,271233,27,0,1
ｵｻ,kana,muni,271241,27,0,1
ｵｻ,kana,muni,271250,27,0,1
ｵｻ,kana,muni,271268,27,0,1
ｵｻ,kana,muni,271276,27,0,1
ｵｻ,kana,muni,271284,27,0,1
ｵｻ,kana,muni,272272,27,0,0
ｵｻ,kana,muni,272311,27,0,0
ｵｻ,kana,muni,344311,34,0,0
ｵｻ,kana,muni,464686,46,0,0
ｵｼ,kana,muni,13471,1,0,0
ｵｼ,kana,muni,112194,11,0,0
ｵｼ,kana,muni,112348,11,0,0
ｵｼ,kana,muni,133612,13,0,0
ｵｼ,kana,muni,172022,17,0,0
ｵｼ,kana,muni,194247,19,0,0
ｵｼ,kana,muni,202151,20,0,0
ｵｼ,kana,muni,204170,20,0,0
ｵｼ,kana,muni,232131,23,0,0
ｵｼ,kana,muni,272124,27,0,0
ｵｼ,kana,muni,272205,27,0,0
ｵｼ,kana,muni,353051,35,0,0
ｵｼ,kana,muni,373648,37,0,0
ｵｼ,kana,muni,412066,41,0,0
ｵｼ,kana,muni,432041,43,0,0
ｵｼ,kana,muni,462179,46,0,0
ｵｽ,kana,muni,382078,38,0,0
ｵｽ,kana,muni,464911,46,0,0
ｵｿ,kana,muni,15644,1,0,0
ｵﾀ,kana,muni,12033,1,0,0
ｵﾀ,kana,muni,52043,5,0,0
ｵﾀ,kana,muni,73229,7,0,0
ｵﾀ,kana,muni,82121,8,0,0
ｵﾀ,kana,muni,92100,9,0,0
ｵﾀ,kana,muni,102059,10,0,0
ｵﾀ,kana,muni,124419,12,0,0
ｵﾀ,kana,muni,131113,13,0,0
ｵﾀ,kana,muni,142069,14,0,0
ｵﾀ,kana,muni,204862,20,0,0
ｵﾀ,kana,muni,244431,24,0,0
ｵﾀ,kana,muni,322059,32,0,0
ｵﾀ,kana,muni,342114,34,0,0
ｵﾀ,kana,muni,343684,34,0,0
ｵﾁ,kana,muni,14877,1,0,0
ｵﾁ,kana,muni,16420,1,0,0
ｵﾁ,kana,muni,152081,15,0,0
ｵﾁ,kana,muni,353442,35,0,0
ｵﾁ,kana,muni,394033,39,0,0
ｵﾁ,kana,muni,394289,39,0,0
ｵﾁ,kana,muni,423831,42,0,0
ｵﾂ,kana,muni,34614,3,0,0
ｵﾂ,kana,muni,162043,16,0,0
ｵﾂ,kana,muni,192066,19,0,0
ｵﾂ,kana,muni,215058,21,0,0
ｵﾂ,kana,muni,252018,25,0,0
ｵﾂ,kana,muni,272060,27,0,0
ｵﾂ,kana,muni,394246,39,0,0
ｵﾂ,kana,muni,434035,43,0,0
ｵﾄ,kana,muni,13641,1,0,0
ｵﾄ,kana,muni,14702,1,0,0
ｵﾄ,kana,muni,16314,1,0,0
ｵﾄ,kana,muni,393444,39,0,0
ｵﾄ,kana,muni,406082,40,0,0
ｵﾅ,kana,muni,45811,4,0,0
ｵﾅ,kana,muni,324493,32,0,0
ｵﾇ,kana,muni,152251,15,0,0
ｵﾇ,kana,muni,152269,15,0,0
ｵﾉ,kana,muni,32085,3,0,0
ｵﾉ,kana,muni,75221,7,0,0
ｵﾉ,kana,muni,182052,18,0,0
ｵﾉ,kana,muni,214035,21,0,0
ｵﾉ,kana,muni,282189,28,0,0
ｵﾉ,kana,muni,342050,34,0,0
ｵﾉ,kana,muni,352161,35,0,0
ｵﾉ,kana,muni,402192,40,0,0
ｵﾉ,kana,muni,442127,44,0,0
ｵﾊ,kana,muni,41017,4,0,1
ｵﾊ,kana,muni,62120,6,0,0
ｵﾊ,kana,muni,74021,7,0,0
ｵﾊ,kana,muni,92134,9,0,0
ｵﾊ,kana,muni,141178,14,0,1
ｵﾊ,kana,muni,182044,18,0,0
ｵﾊ,kana,muni,234249,23,0,0
ｵﾋ,kana,muni,12076,1,0,0
ｵﾋ,kana,muni,14826,1,0,0
ｵﾋ,kana,muni,44245,4,0,0
ｵﾌ,kana,muni,32034,3,0,0
ｵﾌ,kana,muni,205419,20,0,0
ｵﾌ,kana,muni,232238,23,0,0
ｵﾏ,kana,muni,24236,2,0,0
ｵﾏ,kana,muni,202126,20,0,0
ｵﾏ,kana,muni,222232,22,0,0
ｵﾏ,kana,muni,414239,41,0,0
ｵﾐ,kana,muni,82252,8,0,0
ｵﾐ,kana,muni,82368,8,0,0
ｵﾐ,kana,muni,111031,11,0,1
ｵﾐ,kana,muni,204463,20,0,0
ｵﾑ,kana,muni,75485,7,0,0
ｵﾑ,kana,muni,402028,40,0,0
ｵﾑ,kana,muni,422053,42,0,0
ｵﾓ,kana,pref,20001,2,0,0
ｵﾓ,kana,muni,22012,2,0,0
ｵﾓ,kana,muni,462136,46,0,0
ｵﾔ,kana,muni,92088,9,0,0
ｵﾔ,kana,muni,93840,9,0,0
ｵﾔ,kana,muni,162094,16,0,0
ｵﾔ,kana,muni,223441,22,0,0
ｵﾔ,kana,muni,263036,26,0,0
ｵﾖ,kana,muni,294420,29,0,0
ｵﾘ,kana,muni,24244,2,0,0
ｵﾘ,kana,muni,72036,7,0,0
ｵﾘ,kana,muni,73016,7,0,0
ｵﾘ,kana,muni,232149,23,0,0
ｵﾘ,kana,muni,284815,28,0,0
ｵﾘ,kana,muni,292036,29,0,0
ｵﾘ,kana,muni,402168,40,0,0
ｵﾜ,kana,muni,23621,2,0,0
ｵﾜ,kana,muni,232262,23,0,0
ｵﾜ,kana,muni,242098,24,0,0
ｵﾝ,kana,muni,124435,12,0,0
ｵﾝ,kana,muni,205630,20,0,0
ｵﾝ,kana,muni,285862,28,0,0
ｵﾝ,kana,muni,372056,37,0,0
ｵﾝ,kana,muni,382159,38,0,0
ｵﾝ,kana,muni,403849,40,0,0
ｵﾝ,kana,muni,473111,47,0,0
ｶ市,name,muni,82210,8,0,0
ｶ町,name,muni,16101,1,0,0
ｶｯ,kana,muni,14630,1,0,0
ｶｯ,kana,muni,16047,1,0,0
ｶｲ,kana,pref,10006,1,0,0
ｶｲ,kana,muni,14095,1,0,0
ｶｲ,kana,muni,16918,1,0,0
ｶｲ,kana,muni,83411,8,0,0
ｶｲ,kana,muni,85464,8,0,0
ｶｲ,kana,muni,93441,9,0,0
ｶｲ,kana,muni,122289,12,0,0
ｶｲ,kana,muni,143618,14,0,0
ｶｲ,kana,muni,143669,14,0,0
ｶｲ,kana,muni,182109,18,0,0
ｶｲ,kana,muni,192104,19,0,0
ｶｲ,kana,muni,212211,21,0,0
ｶｲ,kana,muni,232220,23,0,0
ｶｲ,kana,muni,242021,24,0,0
ｶｲ,kana,muni,271403,27,1,0
ｶｲ,kana,muni,271411,27,0,1
ｶｲ,kana,muni,271420,27,0,1
ｶｲ,kana,muni,271438,27,0,1
ｶｲ,kana,muni,271446,27,0,1
ｶｲ,kana,muni,271454,27,0,1
ｶｲ,kana,muni,271462,27,0,1
ｶｲ,kana,muni,271471,27,0,1
ｶｲ,kana,muni,272086,27,0,0
ｶｲ,kana,muni,272256,27,0,0
ｶｲ,kana,muni,302023,30,0,0
ｶｲ,kana,muni,312045,31,0,0
ｶｲ,kana,muni,332135,33,0,0
ｶｲ,kana,muni,342131,34,0,0
ｶｲ,kana,muni,343048,34,0,0
ｶｲ,kana,muni,363880,36,0,0
ｶｲ,kana,muni,372030,37,0,0
ｶｲ,kana,muni,413879,41,0,0
ｶｲ,kana,muni,422126,42,0,0
ｶｲ,kana,muni,465291,46,0,0
ｶｳ,kana,muni,23230,2,0,0
ｶｴ,kana,muni,123293,12,0,0
ｶｴ,kana,muni,141151,14,0,1
ｶｴ,kana,muni,206024,20,0,0
ｶｵ,kana,muni,16349,1,0,0
ｶｵ,kana,muni,162027,16,0,0
ｶｶ,name,muni,372072,37,0,0
ｶｶ,kana,muni,12289,1,0,0
ｶｶ,kana,muni,14711,1,0,0
ｶｶ,kana,muni,16659,1,0,0
ｶｶ,kana,muni,72079,7,0,0
ｶｶ,kana,muni,73423,7,0,0
ｶｶ,kana,muni,92029,9,0,0
ｶｶ,kana,muni,94111,9,0,0
ｶｶ,kana,muni,172065,17,0,0
ｶｶ,kana,muni,203866,20,0,0
ｶｶ,kana,muni,212130,21,0,0
ｶｶ,kana,muni,231100,23,0,1
ｶｶ,kana,muni,303925,30,0,0
ｶｶ,kana,muni,336068,33,0,0
ｶｶ,kana,pref,370002,37,0,0
ｶｶ,kana,muni,372072,37,0,0
ｶｶ,kana,muni,402311,40,0,0
ｶｶ,kana,muni,403831,40,0,0
ｶｷ,kana,muni,204153,20,0,0
ｶｷ,kana,muni,205214,20,0,0
ｶｷ,kana,muni,261041,26,0,1
ｶｷ,kana,muni,262099,26,0,0
ｶｸ,kana,muni,14532,1,0,0
ｶｸ,kana,muni,42081,4,0,0
ｶｸ,kana,muni,131229,13,0,0
ｶｸ,kana,muni,141046,14,0,1
ｶｸ,kana,muni,141101,14,0,1
ｶｸ,kana,muni,231061,23,0,1
ｶｸ,kana,muni,271420,27,0,1
ｶｸ,kana,muni,331023,33,0,1
ｶｸ,kana,muni,341011,34,0,1
ｶｸ,kana,muni,473278,47,0,0
ｶｸ,kana,muni,473286,47,0,0
ｶｹ,kana,pref,220001,22,0,0
ｶｹ,kana,muni,222135,22,0,0
ｶｹ,kana,muni,334618,33,0,0
ｶｹ,kana,pref,400009,40,0,0
ｶｹ,kana,muni,454427,45,0,0
ｶｺ,kana,muni,194255,19,0,0
ｶｺ,kana,muni,282103,28,0,0
ｶｺ,kana,pref,460001,46,0,0
ｶｺ,kana,muni,462012,46,0,0
ｶｻ,kana,muni,12220,1,0,0
ｶｻ,kana,muni,16381,1,0,0
ｶｻ,kana,muni,24252,2,0,0
ｶｻ,kana,muni,82163,8,0,0
ｶｻ,kana,muni,102024,10,0,0
ｶｻ,kana,muni,185019,18,0,0
ｶｻ,kana,muni,213039,21,0,0
ｶｻ,kana,muni,232025,23,0,0
ｶｻ,kana,muni,263648,26,0,0
ｶｻ,kana,muni,272311,27,0,0
ｶｻ,kana,muni,273830,27,0,0
ｶｻ,kana,muni,282162,28,0,0
ｶｻ,kana,muni,282201,28,0,0
ｶｻ,kana,muni,313254,31,0,0
ｶｻ,kana,muni,332054,33,0,0
ｶｼ,kana,muni,16926,1,0,0
ｶｼ,kana,muni,24112,2,0,0
ｶｼ,kana,muni,32018,3,0,0
ｶｼ,kana,muni,43028,4,0,0
ｶｼ,kana,muni,62031,6,0,0
ｶｼ,kana,muni,74659,7,0,0
ｶｼ,kana,muni,82058,8,0,0
ｶｼ,kana,muni,82210,8,0,0
ｶｼ,kana,muni,82228,8,0,0
ｶｼ,kana,muni,82261,8,0,0
ｶｼ,kana,muni,92096,9,0,0
ｶｼ,kana,muni,102091,10,0,0
ｶｼ,kana,muni,102105,10,0,0
ｶｼ,kana,muni,102113,10,0,0
ｶｼ,kana,muni,112216,11,0,0
ｶｼ,kana,muni,112275,11,0,0
ｶｼ,kana,muni,112429,11,0,0
ｶｼ,kana,muni,112461,11,0,0
ｶｼ,kana,muni,122173,12,0,0
ｶｼ,kana,muni,132047,13,0,0
ｶｼ,kana,muni,142018,14,0,0
ｶｼ,kana,muni,142034,14,0,0
ｶｼ,kana,muni,152021,15,0,0
ｶｼ,kana,muni,152056,15,0,0
ｶｼ,kana,muni,162027,16,0,0
ｶｼ,kana,muni,202070,20,0,0
ｶｼ,kana,muni,221007,22,1,0
ｶｼ,kana,muni,221015,22,0,1
ｶｼ,kana,muni,221023,22,0,1
ｶｼ,kana,muni,221031,22,0,1
ｶｼ,kana,muni,242047,24,0,0
ｶｼ,kana,muni,242071,24,0,0
ｶｼ,kana,muni,252093,25,0,0
ｶｼ,kana,muni,252123,25,0,0
ｶｼ,kana,muni,262064,26,0,0
ｶｼ,kana,muni,271004,27,1,0
ｶｼ,kana,muni,271021,27,0,1
ｶｼ,kana,muni,271039,27,0,1
ｶｼ,kana,muni,271047,27,0,1
ｶｼ,kana,muni,271063,27,0,1
ｶｼ,kana,muni,271071,27,0,1
ｶｼ,kana,muni,271080,27,0,1
ｶｼ,kana,muni,271098,27,0,1
ｶｼ,kana,muni,271110,27,0,1
ｶｼ,kana,muni,271136,27,0,1
ｶｼ,kana,muni,271144,27,0,1
ｶｼ,kana,muni,271152,27,0,1
ｶｼ,kana,muni,271161,27,0,1
ｶｼ,kana,muni,271179,27,0,1
ｶｼ,kana,muni,271187,27,0,1
ｶｼ,kana,muni,271195,27,0,1
ｶｼ,kana,muni,271209,27,0,1
ｶｼ,kana,muni,271217,27,0,1
ｶｼ,kana,muni,271225,27,0,1
ｶｼ,kana,muni,271233,27,0,1
ｶｼ,kana,muni,271241,27,0,1
ｶｼ,kana,muni,271250,27,0,1
ｶｼ,kana,muni,271268,27,0,1
ｶｼ,kana,muni,271276,27,0,1
ｶｼ,kana,muni,271284,27,0,1
ｶｼ,kana,muni,272035,27,0,0
ｶｼ,kana,muni,272086,27,0,0
ｶｼ,kana,muni,272213,27,0,0
ｶｼ,kana,muni,272272,27,0,0
ｶｼ,kana,muni,282031,28,0,0
ｶｼ,kana,muni,282090,28,0,0
ｶｼ,kana,muni,282146,28,0,0
ｶｼ,kana,muni,292052,29,0,0
ｶｼ,kana,muni,292109,29,0,0
ｶｼ,kana,muni,332054,33,0,0
ｶｼ,kana,muni,332151,33,0,0
ｶｼ,kana,muni,401307,40,1,0
ｶｼ,kana,muni,401315,40,0,1
ｶｼ,kana,muni,401323,40,0,1
ｶｼ,kana,muni,401331,40,0,1
ｶｼ,kana,muni,401340,40,0,1
ｶｼ,kana,muni,401358,40,0,1
ｶｼ,kana,muni,401366,40,0,1
ｶｼ,kana,muni,401374,40,0,1
ｶｼ,kana,muni,402052,40,0,0
ｶｼ,kana,muni,402265,40,0,0
ｶｼ,kana,muni,412074,41,0,0
ｶｼ,kana,muni,434426,43,0,0
ｶｼ,kana,muni,452033,45,0,0
ｶｼ,kana,muni,473537,47,0,0
ｶｽ,name,muni,82309,8,0,0
ｶｽ,kana,muni,14524,1,0,0
ｶｽ,kana,muni,82309,8,0,0
ｶｽ,kana,muni,112143,11,0,0
ｶｽ,kana,muni,232068,23,0,0
ｶｽ,kana,muni,402184,40,0,0
ｶｽ,kana,muni,403491,40,0,0
ｶｾ,kana,muni,454435,45,0,0
ｶｿ,kana,muni,112101,11,0,0
ｶｿ,kana,muni,454290,45,0,0
ｶﾀ,kana,muni,23671,2,0,0
ｶﾀ,kana,muni,32107,3,0,0
ｶﾀ,kana,muni,52116,5,0,0
ｶﾀ,kana,muni,62049,6,0,0
ｶﾀ,kana,muni,72087,7,0,0
ｶﾀ,kana,muni,104434,10,0,0
ｶﾀ,kana,muni,272108,27,0,0
ｶﾀ,kana,muni,272302,27,0,0
ｶﾀ,kana,muni,292028,29,0,0
ｶﾀ,kana,muni,342149,34,0,0
ｶﾀ,kana,muni,384429,38,0,0
ｶﾀ,kana,muni,401323,40,0,1
ｶﾀ,kana,muni,402206,40,0,0
ｶﾀ,kana,muni,442097,44,0,0
ｶﾀ,kana,muni,465011,46,0,0
ｶﾁ,kana,muni,14699,1,0,0
ｶﾁ,kana,muni,16012,1,0,0
ｶﾁ,kana,muni,16101,1,0,0
ｶﾁ,kana,muni,16632,1,0,0
ｶﾁ,kana,muni,16683,1,0,0
ｶﾁ,kana,muni,215023,21,0,0
ｶﾁ,kana,muni,263656,26,0,0
ｶﾁ,kana,muni,263664,26,0,0
ｶﾁ,kana,muni,273414,27,0,0
ｶﾁ,kana,muni,283657,28,0,0
ｶﾁ,kana,muni,303828,30,0,0
ｶﾁ,kana,muni,325058,32,0,0
ｶﾁ,kana,muni,343099,34,0,0
ｶﾁ,kana,muni,363685,36,0,0
ｶﾁ,kana,muni,423831,42,0,0
ｶﾁ,kana,muni,454419,45,0,0
ｶﾂ,name,muni,303411,30,0,0
ｶﾂ,kana,muni,52094,5,0,0
ｶﾂ,kana,muni,75485,7,0,0
ｶﾂ,kana,muni,122181,12,0,0
ｶﾂ,kana,muni,131229,13,0,0
ｶﾂ,kana,muni,141348,14,0,1
ｶﾂ,kana,muni,182061,18,0,0
ｶﾂ,kana,muni,194239,19,0,0
ｶﾂ,kana,muni,212067,21,0,0
ｶﾂ,kana,muni,272078,27,0,0
ｶﾂ,kana,muni,292117,29,0,0
ｶﾂ,kana,muni,303411,30,0,0
ｶﾂ,kana,muni,304212,30,0,0
ｶﾂ,kana,muni,363014,36,0,0
ｶﾂ,kana,muni,363022,36,0,0
ｶﾂ,kana,muni,442038,44,0,0
ｶﾃ,kana,muni,473251,47,0,0
ｶﾄ,kana,muni,15130,1,0,0
ｶﾄ,kana,muni,23876,2,0,0
ｶﾄ,kana,muni,112399,11,0,0
ｶﾄ,kana,muni,122360,12,0,0
ｶﾄ,kana,muni,272230,27,0,0
ｶﾄ,kana,muni,282286,28,0,0
ｶﾄ,kana,muni,294012,29,0,0
ｶﾄ,kana,muni,394017,39,0,0
ｶﾄ,kana,muni,454214,45,0,0
ｶﾅ,kana,muni,12149,1,0,0
ｶﾅ,kana,muni,14729,1,0,0
ｶﾅ,kana,pref,140007,14,0,0
ｶﾅ,kana,muni,141020,14,0,1
ｶﾅ,kana,muni,141089,14,0,1
ｶﾅ,kana,muni,172014,17,0,0
ｶﾅ,kana,muni,273821,27,0,0
ｶﾅ,kana,muni,454010,45,0,0
ｶﾆ,kana,muni,212148,21,0,0
ｶﾆ,kana,muni,234257,23,0,0
ｶﾇ,kana,muni,92053,9,0,0
ｶﾈ,kana,muni,13706,1,0,0
ｶﾈ,kana,muni,33812,3,0,0
ｶﾈ,kana,muni,63614,6,0,0
ｶﾈ,kana,muni,74454,7,0,0
ｶﾈ,kana,muni,93866,9,0,0
ｶﾉ,kana,muni,104213,10,0,0
ｶﾉ,kana,muni,131148,13,0,0
ｶﾉ,kana,muni,174076,17,0,0
ｶﾉ,kana,muni,202118,20,0,0
ｶﾉ,kana,muni,462039,46,0,0
ｶﾊ,kana,muni,41033,4,0,1
ｶﾊ,kana,muni,63819,6,0,0
ｶﾊ,kana,muni,82147,8,0,0
ｶﾊ,kana,muni,121045,12,0,1
ｶﾊ,kana,muni,141330,14,0,1
ｶﾊ,kana,muni,184811,18,0,0
ｶﾊ,kana,muni,232271,23,0,0
ｶﾊ,kana,muni,332097,33,0,0
ｶﾊ,kana,muni,453617,45,0,0
ｶﾋ,kana,muni,12181,1,0,0
ｶﾌ,kana,muni,14613,1,0,0
ｶﾌ,kana,pref,270008,27,0,0
ｶﾍ,kana,muni,13439,1,0,0
ｶﾍ,kana,muni,112143,11,0,0
ｶﾎ,name,muni,52141,5,0,0
ｶﾎ,name,muni,172090,17,0,0
ｶﾎ,kana,muni,52141,5,0,0
ｶﾎ,kana,muni,63215,6,0,0
ｶﾎ,kana,muni,172090,17,0,0
ｶﾎ,kana,muni,215015,21,0,0
ｶﾏ,kana,muni,32115,3,0,0
ｶﾏ,kana,muni,44440,4,0,0
ｶﾏ,kana,muni,53031,5,0,0
ｶﾏ,kana,muni,64025,6,0,0
ｶﾏ,kana,muni,72028,7,0,0
ｶﾏ,kana,muni,75434,7,0,0
ｶﾏ,kana,muni,85421,8,0,0
ｶﾏ,kana,muni,103454,10,0,0
ｶﾏ,kana,muni,122246,12,0,0
ｶﾏ,kana,muni,142042,14,0,0
ｶﾏ,kana,muni,152102,15,0,0
ｶﾏ,kana,muni,173843,17,0,0
ｶﾏ,kana,muni,372013,37,0,0
ｶﾏ,kana,muni,401030,40,0,1
ｶﾏ,kana,muni,402150,40,0,0
ｶﾏ,kana,muni,402273,40,0,0
ｶﾐ,name,muni,104493,10,0,0
ｶﾐ,kana,muni,13625,1,0,0
ｶﾐ,kana,muni,14257,1,0,0
ｶﾐ,kana,muni,14575,1,0,0
ｶﾐ,kana,muni,14605,1,0,0
ｶﾐ,kana,muni,16331,1,0,0
ｶﾐ,kana,muni,24465,2,0,0
ｶﾐ,kana,muni,32069,3,0,0
ｶﾐ,kana,muni,44458,4,0,0
ｶﾐ,kana,muni,53279,5,0,0
ｶﾐ,kana,muni,62073,6,0,0
ｶﾐ,kana,muni,82325,8,0,0
ｶﾐ,kana,muni,93017,9,0,0
ｶﾐ,kana,muni,104493,10,0,0
ｶﾐ,kana,muni,113832,11,0,0
ｶﾐ,kana,muni,113859,11,0,0
ｶﾐ,kana,muni,152129,15,0,0
ｶﾐ,kana,muni,163228,16,0,0
ｶﾐ,kana,muni,203041,20,0,0
ｶﾐ,kana,muni,212130,21,0,0
ｶﾐ,kana,muni,261025,26,0,1
ｶﾐ,kana,muni,284467,28,0,0
ｶﾐ,kana,muni,284815,28,0,0
ｶﾐ,kana,muni,285854,28,0,0
ｶﾐ,kana,muni,294519,29,0,0
ｶﾐ,kana,muni,294527,29,0,0
ｶﾐ,kana,muni,304042,30,0,0
ｶﾐ,kana,muni,344311,34,0,0
ｶﾐ,kana,muni,353418,35,0,0
ｶﾐ,kana,muni,363022,36,0,0
ｶﾐ,kana,muni,363421,36,0,0
ｶﾐ,kana,muni,364053,36,0,0
ｶﾐ,kana,muni,383562,38,0,0
ｶﾐ,kana,muni,392120,39,0,0
ｶﾐ,kana,muni,413453,41,0,0
ｶﾐ,kana,muni,424111,42,0,0
ｶﾐ,kana,muni,432121,43,0,0
ｶﾐ,kana,muni,435074,43,0,0
ｶﾑ,kana,muni,204145,20,0,0
ｶﾑ,kana,muni,204161,20,0,0
ｶﾑ,kana,muni,204170,20,0,0
ｶﾑ,kana,muni,204480,20,0,0
ｶﾑ,kana,muni,231053,23,0,1
ｶﾑ,kana,muni,273830,27,0,0
ｶﾑ,kana,muni,294021,29,0,0
ｶﾑ,kana,muni,394106,39,0,0
ｶﾑ,kana,muni,406091,40,0,0
ｶﾒ,kana,muni,242101,24,0,0
ｶﾒ,kana,muni,262064,26,0,0
ｶﾓ,kana,muni,14044,1,0,0
ｶﾓ,kana,muni,122238,12,0,0
ｶﾓ,kana,muni,152099,15,0,0
ｶﾓ,kana,muni,204030,20,0,0
ｶﾓ,kana,muni,212113,21,0,0
ｶﾓ,kana,muni,434281,43,0,0
ｶﾔ,kana,muni,63029,6,0,0
ｶﾔ,kana,muni,104281,10,0,0
ｶﾔ,kana,muni,112186,11,0,0
ｶﾔ,kana,muni,202045,20,0,0
ｶﾔ,kana,muni,205435,20,0,0
ｶﾔ,kana,muni,212032,21,0,0
ｶﾔ,kana,pref,300004,30,0,0
ｶﾔ,kana,muni,302015,30,0,0
ｶﾔ,kana,pref,330001,33,0,0
ｶﾔ,kana,muni,331007,33,1,0
ｶﾔ,kana,muni,331015,33,0,1
ｶﾔ,kana,muni,331023,33,0,1
ｶﾔ,kana,muni,331031,33,0,1
ｶﾔ,kana,muni,331040,33,0,1
ｶﾗ,kana,muni,92151,9,0,0
ｶﾗ,kana,muni,282146,28,0,0
ｶﾗ,kana,muni,412023,41,0,0
ｶﾘ,kana,muni,12351,1,0,0
ｶﾘ,kana,muni,13960,1,0,0
ｶﾘ,kana,muni,124109,12,0,0
ｶﾘ,kana,muni,155047,15,0,0
ｶﾘ,kana,muni,232106,23,0,0
ｶﾘ,kana,muni,352101,35,0,0
ｶﾙ,kana,muni,35017,3,0,0
ｶﾙ,kana,muni,203211,20,0,0
ｶﾙ,kana,muni,293440,29,0,0
ｶﾜ,name,muni,15865,1,0,0
ｶﾜ,kana,muni,12041,1,0,0
ｶﾜ,kana,muni,12254,1,0,0
ｶﾜ,kana,muni,14320,1,0,0
ｶﾜ,kana,muni,14575,1,0,0
ｶﾜ,kana,muni,14583,1,0,0
ｶﾜ,kana,muni,14681,1,0,0
ｶﾜ,kana,muni,15865,1,0,0
ｶﾜ,kana,muni,16071,1,0,0
ｶﾜ,kana,muni,22101,2,0,0
ｶﾜ,kana,muni,43249,4,0,0
ｶﾜ,kana,muni,53660,5,0,0
ｶﾜ,kana,muni,63223,6,0,0
ｶﾜ,kana,muni,63827,6,0,0
ｶﾜ,kana,muni,64262,6,0,0
ｶﾜ,kana,muni,72052,7,0,0
ｶﾜ,kana,muni,73083,7,0,0
ｶﾜ,kana,muni,75019,7,0,0
ｶﾜ,kana,muni,75027,7,0,0
ｶﾜ,kana,muni,75043,7,0,0
ｶﾜ,kana,muni,75442,7,0,0
ｶﾜ,kana,muni,84476,8,0,0
ｶﾜ,kana,muni,93017,9,0,0
ｶﾜ,kana,muni,102083,10,0,0
ｶﾜ,kana,muni,104442,10,0,0
ｶﾜ,kana,muni,112011,11,0,0
ｶﾜ,kana,muni,112038,11,0,0
ｶﾜ,kana,muni,112437,11,0,0
ｶﾜ,kana,muni,113468,11,0,0
ｶﾜ,kana,muni,113832,11,0,0
ｶﾜ,kana,muni,122033,12,0,0
ｶﾜ,kana,muni,131181,13,0,0
ｶﾜ,kana,muni,132021,13,0,0
ｶﾜ,kana,muni,141305,14,1,0
ｶﾜ,kana,muni,141313,14,0,1
ｶﾜ,kana,muni,141321,14,0,1
ｶﾜ,kana,muni,141330,14,0,1
ｶﾜ,kana,muni,141348,14,0,1
ｶﾜ,kana,muni,141356,14,0,1
ｶﾜ,kana,muni,141364,14,0,1
ｶﾜ,kana,muni,141372,14,0,1
ｶﾜ,kana,muni,143219,14,0,0
ｶﾜ,kana,muni,144011,14,0,0
ｶﾜ,kana,muni,144029,14,0,0
ｶﾜ,kana,muni,155811,15,0,0
ｶﾜ,kana,muni,162060,16,0,0
ｶﾜ,kana,pref,170003,17,0,0
ｶﾜ,kana,muni,173240,17,0,0
ｶﾜ,kana,muni,193461,19,0,0
ｶﾜ,kana,muni,193640,19,0,0
ｶﾜ,kana,muni,193682,19,0,0
ｶﾜ,kana,muni,194301,19,0,0
ｶﾜ,kana,muni,203041,20,0,0
ｶﾜ,kana,muni,204021,20,0,0
ｶﾜ,kana,muni,204820,20,0,0
ｶﾜ,kana,muni,215031,21,0,0
ｶﾜ,kana,muni,215066,21,0,0
ｶﾜ,kana,muni,215074,21,0,0
ｶﾜ,kana,muni,216046,21,0,0
ｶﾜ,kana,muni,223026,22,0,0
ｶﾜ,kana,muni,224294,22,0,0
ｶﾜ,kana,muni,232076,23,0,0
ｶﾜ,kana,muni,243442,24,0,0
ｶﾜ,kana,muni,272167,27,0,0
ｶﾜ,kana,muni,282171,28,0,0
ｶﾜ,kana,muni,284424,28,0,0
ｶﾜ,kana,muni,284467,28,0,0
ｶﾜ,kana,muni,293610,29,0,0
ｶﾜ,kana,muni,294276,29,0,0
ｶﾜ,kana,muni,294462,29,0,0
ｶﾜ,kana,muni,294497,29,0,0
ｶﾜ,kana,muni,294527,29,0,0
ｶﾜ,kana,muni,302082,30,0,0
ｶﾜ,kana,muni,324418,32,0,0
ｶﾜ,kana,muni,393649,39,0,0
ｶﾜ,kana,muni,394025,39,0,0
ｶﾜ,kana,muni,402125,40,0,0
ｶﾜ,kana,muni,405442,40,0,0
ｶﾜ,kana,muni,406015,40,0,0
ｶﾜ,kana,muni,406058,40,0,0
ｶﾜ,kana,muni,423220,42,0,0
ｶﾜ,kana,muni,434680,43,0,0
ｶﾜ,kana,muni,454052,45,0,0
ｶﾝ,kana,muni,103675,10,0,0
ｶﾝ,kana,muni,103845,10,0,0
ｶﾝ,kana,muni,151084,15,0,1
ｶﾝ,kana,muni,223255,22,0,0
ｶﾝ,kana,muni,294241,29,0,0
ｶﾝ,kana,muni,372056,37,0,0
ｶﾝ,kana,muni,406210,40,0,0
ｶﾝ,kana,muni,412104,41,0,0
ｶﾝ,kana,muni,433675,43,0,0
ｶﾞ,name,muni,22098,2,0,0
ｶﾞ,name,muni,82309,8,0,0
ｶﾞ,name,muni,113492,11,0,0
ｶﾞ,name,muni,372072,37,0,0
ｶﾞ,kana,muni,11037,1,0,1
ｶﾞ,kana,muni,12262,1,0,0
ｶﾞ,kana,muni,12289,1,0,0
ｶﾞ,kana,muni,14095,1,0,0
ｶﾞ,kana,muni,14257,1,0,0
ｶﾞ,kana,muni,14281,1,0,0
ｶﾞ,kana,muni,14303,1,0,0
ｶﾞ,kana,muni,14532,1,0,0
ｶﾞ,kana,muni,14583,1,0,0
ｶﾞ,kana,muni,14711,1,0,0
ｶﾞ,kana,muni,15555,1,0,0
ｶﾞ,kana,muni,16659,1,0,0
ｶﾞ,kana,muni,22055,2,0,0
ｶﾞ,kana,muni,22098,2,0,0
ｶﾞ,kana,muni,23078,2,0,0
ｶﾞ,kana,muni,23213,2,0,0
ｶﾞ,kana,muni,24244,2,0,0
ｶﾞ,kana,muni,33669,3,0,0
ｶﾞ,kana,muni,33812,3,0,0
ｶﾞ,kana,muni,42030,4,0,0
ｶﾞ,kana,muni,42099,4,0,0
ｶﾞ,kana,muni,42145,4,0,0
ｶﾞ,kana,muni,43214,4,0,0
ｶﾞ,kana,muni,44041,4,0,0
ｶﾞ,kana,muni,45811,4,0,0
ｶﾞ,kana,muni,52060,5,0,0
ｶﾞ,kana,muni,52116,5,0,0
ｶﾞ,kana,muni,53635,5,0,0
ｶﾞ,kana,muni,53686,5,0,0
ｶﾞ,kana,muni,54640,5,0,0
ｶﾞ,kana,pref,60003,6,0,0
ｶﾞ,kana,muni,62014,6,0,0
ｶﾞ,kana,muni,62065,6,0,0
ｶﾞ,kana,muni,62090,6,0,0
ｶﾞ,kana,muni,62111,6,0,0
ｶﾞ,kana,muni,63622,6,0,0
ｶﾞ,kana,muni,63631,6,0,0
ｶﾞ,kana,muni,63649,6,0,0
ｶﾞ,kana,muni,63665,6,0,0
ｶﾞ,kana,muni,72079,7,0,0
ｶﾞ,kana,muni,73423,7,0,0
ｶﾞ,kana,muni,74225,7,0,0
ｶﾞ,kana,muni,74845,7,0,0
ｶﾞ,kana,muni,82040,8,0,0
ｶﾞ,kana,muni,82082,8,0,0
ｶﾞ,kana,muni,82309,8,0,0
ｶﾞ,kana,muni,82317,8,0,0
ｶﾞ,kana,muni,82333,8,0,0
ｶﾞ,kana,muni,92029,9,0,0
ｶﾞ,kana,muni,93459,9,0,0
ｶﾞ,kana,muni,94111,9,0,0
ｶﾞ,kana,muni,104248,10,0,0
ｶﾞ,kana,muni,104299,10,0,0
ｶﾞ,kana,muni,112020,11,0,0
ｶﾞ,kana,muni,112127,11,0,0
ｶﾞ,kana,muni,112224,11,0,0
ｶﾞ,kana,muni,112313,11,0,0
ｶﾞ,kana,muni,112411,11,0,0
ｶﾞ,kana,muni,113417,11,0,0
ｶﾞ,kana,muni,113433,11,0,0
ｶﾞ,kana,muni,113492,11,0,0
ｶﾞ,kana,muni,113638,11,0,0
ｶﾞ,kana,muni,113654,11,0,0
ｶﾞ,kana,muni,113697,11,0,0
ｶﾞ,kana,muni,121029,12,0,1
ｶﾞ,kana,muni,122131,12,0,0
ｶﾞ,kana,muni,122203,12,0,0
ｶﾞ,kana,muni,122238,12,0,0
ｶﾞ,kana,muni,122246,12,0,0
ｶﾞ,kana,muni,122297,12,0,0
ｶﾞ,kana,muni,124265,12,0,0
ｶﾞ,kana,muni,131091,13,0,0
ｶﾞ,kana,muni,131121,13,0,0
ｶﾞ,kana,muni,131237,13,0,0
ｶﾞ,kana,muni,132101,13,0,0
ｶﾞ,kana,muni,132136,13,0,0
ｶﾞ,kana,muni,132209,13,0,0
ｶﾞ,kana,muni,132225,13,0,0
ｶﾞ,kana,muni,134023,13,0,0
ｶﾞ,kana,muni,134210,13,0,0
ｶﾞ,kana,pref,140007,14,0,0
ｶﾞ,kana,muni,141020,14,0,1
ｶﾞ,kana,muni,141062,14,0,1
ｶﾞ,kana,muni,141500,14,1,0
ｶﾞ,kana,muni,141518,14,0,1
ｶﾞ,kana,muni,141526,14,0,1
ｶﾞ,kana,muni,141534,14,0,1
ｶﾞ,kana,muni,142077,14,0,0
ｶﾞ,kana,muni,142174,14,0,0
ｶﾞ,kana,muni,143847,14,0,0
ｶﾞ,kana,pref,150002,15,0,0
ｶﾞ,kana,muni,151009,15,1,0
ｶﾞ,kana,muni,151017,15,0,1
ｶﾞ,kana,muni,151025,15,0,1
ｶﾞ,kana,muni,151033,15,0,1
ｶﾞ,kana,muni,151041,15,0,1
ｶﾞ,kana,muni,151050,15,0,1
ｶﾞ,kana,muni,151068,15,0,1
ｶﾞ,kana,muni,151076,15,0,1
ｶﾞ,kana,muni,151084,15,0,1
ｶﾞ,kana,muni,152021,15,0,0
ｶﾞ,kana,muni,152161,15,0,0
ｶﾞ,kana,muni,152234,15,0,0
ｶﾞ,kana,muni,153613,15,0,0
ｶﾞ,kana,muni,153851,15,0,0
ｶﾞ,kana,muni,172065,17,0,0
ｶﾞ,kana,muni,182028,18,0,0
ｶﾞ,kana,pref,200000,20,0,0
ｶﾞ,kana,muni,202011,20,0,0
ｶﾞ,kana,muni,202100,20,0,0
ｶﾞ,kana,muni,203505,20,0,0
ｶﾞ,kana,muni,203866,20,0,0
ｶﾞ,kana,muni,204501,20,0,0
ｶﾞ,kana,muni,205885,20,0,0
ｶﾞ,kana,muni,212024,21,0,0
ｶﾞ,kana,muni,212067,21,0,0
ｶﾞ,kana,muni,212130,21,0,0
ｶﾞ,kana,muni,212156,21,0,0
ｶﾞ,kana,muni,213624,21,0,0
ｶﾞ,kana,muni,214019,21,0,0
ｶﾞ,kana,muni,214213,21,0,0
ｶﾞ,kana,muni,215074,21,0,0
ｶﾞ,kana,muni,221023,22,0,1
ｶﾞ,kana,muni,222135,22,0,0
ｶﾞ,kana,muni,222241,22,0,0
ｶﾞ,kana,muni,223018,22,0,0
ｶﾞ,kana,muni,223425,22,0,0
ｶﾞ,kana,muni,231029,23,0,1
ｶﾞ,kana,muni,231100,23,0,1
ｶﾞ,kana,muni,232068,23,0,0
ｶﾞ,kana,muni,232149,23,0,0
ｶﾞ,kana,muni,232386,23,0,0
ｶﾞ,kana,muni,234427,23,0,0
ｶﾞ,kana,muni,242161,24,0,0
ｶﾞ,kana,pref,250007,25,0,0
ｶﾞ,kana,muni,252034,25,0,0
ｶﾞ,kana,muni,252131,25,0,0
ｶﾞ,kana,muni,254436,25,0,0
ｶﾞ,kana,muni,261050,26,0,1
ｶﾞ,kana,muni,262099,26,0,0
ｶﾞ,kana,muni,262145,26,0,0
ｶﾞ,kana,muni,271136,27,0,1
ｶﾞ,kana,muni,271144,27,0,1
ｶﾞ,kana,muni,271152,27,0,1
ｶﾞ,kana,muni,271217,27,0,1
ｶﾞ,kana,muni,271233,27,0,1
ｶﾞ,kana,muni,271438,27,0,1
ｶﾞ,kana,muni,272159,27,0,0
ｶﾞ,kana,muni,272167,27,0,0
ｶﾞ,kana,muni,272272,27,0,0
ｶﾞ,kana,muni,281018,28,0,1
ｶﾞ,kana,muni,281069,28,0,1
ｶﾞ,kana,muni,282022,28,0,0
ｶﾞ,kana,muni,282103,28,0,0
ｶﾞ,kana,muni,283011,28,0,0
ｶﾞ,kana,muni,293440,29,0,0
ｶﾞ,kana,muni,294471,29,0,0
ｶﾞ,kana,muni,294535,29,0,0
ｶﾞ,kana,muni,303623,30,0,0
ｶﾞ,kana,muni,303666,30,0,0
ｶﾞ,kana,muni,303925,30,0,0
ｶﾞ,kana,muni,304247,30,0,0
ｶﾞ,kana,muni,331031,33,0,1
ｶﾞ,kana,muni,336068,33,0,0
ｶﾞ,kana,muni,341029,34,0,1
ｶﾞ,kana,muni,342122,34,0,0
ｶﾞ,kana,muni,352110,35,0,0
ｶﾞ,kana,muni,362051,36,0,0
ｶﾞ,kana,muni,364894,36,0,0
ｶﾞ,kana,pref,370002,37,0,0
ｶﾞ,kana,muni,372021,37,0,0
ｶﾞ,kana,muni,372072,37,0,0
ｶﾞ,kana,muni,373877,37,0,0
ｶﾞ,kana,muni,393053,39,0,0
ｶﾞ,kana,muni,393878,39,0,0
ｶﾞ,kana,muni,401081,40,0,1
ｶﾞ,kana,muni,401315,40,0,1
ｶﾞ,kana,muni,402044,40,0,0
ｶﾞ,kana,muni,402061,40,0,0
ｶﾞ,kana,muni,402079,40,0,0
ｶﾞ,kana,muni,402184,40,0,0
ｶﾞ,kana,muni,402231,40,0,0
ｶﾞ,kana,muni,402311,40,0,0
ｶﾞ,kana,muni,403831,40,0,0
ｶﾞ,kana,muni,403849,40,0,0
ｶﾞ,kana,pref,410004,41,0,0
ｶﾞ,kana,muni,412015,41,0,0
ｶﾞ,kana,muni,413275,41,0,0
ｶﾞ,kana,pref,420000,42,0,0
ｶﾞ,kana,muni,422011,42,0,0
ｶﾞ,kana,muni,423076,42,0,0
ｶﾞ,kana,muni,423211,42,0,0
ｶﾞ,kana,muni,431028,43,0,1
ｶﾞ,kana,muni,432083,43,0,0
ｶﾞ,kana,muni,433683,43,0,0
ｶﾞ,kana,muni,435104,43,0,0
ｶﾞ,kana,muni,452068,45,0,0
ｶﾞ,kana,muni,454214,45,0,0
ｶﾞ,kana,muni,464040,46,0,0
ｶﾞ,kana,muni,464821,46,0,0
ｶﾞ,kana,muni,472077,47,0,0
ｶﾞ,kana,muni,473014,47,0,0
ｶﾞ,kana,muni,473031,47,0,0
ｷ串,name,muni,462195,46,0,0
ｷ市,name,muni,72044,7,0,0
ｷ市,name,muni,372064,37,0,0
ｷ町,name,muni,413461,41,0,0
ｷｭ,kana,muni,401005,40,1,0
ｷｭ,kana,muni,401013,40,0,1
ｷｭ,kana,muni,401030,40,0,1
ｷｭ,kana,muni,401056,40,0,1
ｷｭ,kana,muni,401064,40,0,1
ｷｭ,kana,muni,401072,40,0,1
ｷｭ,kana,muni,401081,40,0,1
ｷｭ,kana,muni,401099,40,0,1
ｷｭ,kana,muni,462233,46,0,0
ｷｮ,kana,muni,13994,1,0,0
ｷｮ,kana,muni,14010,1,0,0
ｷｮ,kana,pref,130001,13,0,0
ｷｮ,kana,muni,131059,13,0,0
ｷｮ,kana,muni,132292,13,0,0
ｷｮ,kana,pref,260002,26,0,0
ｷｮ,kana,muni,261009,26,1,0
ｷｮ,kana,muni,261017,26,0,1
ｷｮ,kana,muni,261025,26,0,1
ｷｮ,kana,muni,261033,26,0,1
ｷｮ,kana,muni,261041,26,0,1
ｷｮ,kana,muni,261050,26,0,1
ｷｮ,kana,muni,261068,26,0,1
ｷｮ,kana,muni,261076,26,0,1
ｷｮ,kana,muni,261084,26,0,1
ｷｮ,kana,muni,261092,26,0,1
ｷｮ,kana,muni,261106,26,0,1
ｷｮ,kana,muni,261114,26,0,1
ｷｮ,kana,muni,262099,26,0,0
ｷｮ,kana,muni,262111,26,0,0
ｷｮ,kana,muni,262129,26,0,0
ｷｮ,kana,muni,264075,26,0,0
ｷｵ,kana,muni,343684,34,0,0
ｷｶ,name,muni,113492,11,0,0
ｷｶ,kana,muni,12254,1,0,0
ｷｶ,kana,muni,14303,1,0,0
ｷｶ,kana,muni,113492,11,0,0
ｷｶ,kana,muni,155811,15,0,0
ｷｶ,kana,muni,213624,21,0,0
ｷｶ,kana,muni,344311,34,0,0
ｷｶ,kana,muni,465291,46,0,0
ｷｸ,kana,muni,111104,11,0,1
ｷｸ,kana,muni,141186,14,0,1
ｷｸ,kana,muni,141313,14,0,1
ｷｸ,kana,muni,222241,22,0,0
ｷｸ,kana,muni,341070,34,0,1
ｷｸ,kana,muni,341088,34,0,1
ｷｸ,kana,muni,432105,43,0,0
ｷｸ,kana,muni,434043,43,0,0
ｷｸ,kana,muni,462195,46,0,0
ｷｹ,kana,pref,80004,8,0,0
ｷｹ,kana,pref,420000,42,0,0
ｷｹ,kana,pref,450006,45,0,0
ｷｺ,kana,muni,13340,1,0,0
ｷｺ,kana,muni,345458,34,0,0
ｷｻ,kana,muni,32166,3,0,0
ｷｻ,kana,muni,122068,12,0,0
ｷｼ,kana,muni,22021,2,0,0
ｷｼ,kana,muni,32051,3,0,0
ｷｼ,kana,muni,32093,3,0,0
ｷｼ,kana,muni,42021,4,0,0
ｷｼ,kana,muni,42153,4,0,0
ｷｼ,kana,muni,72044,7,0,0
ｷｼ,kana,muni,82074,8,0,0
ｷｼ,kana,muni,82082,8,0,0
ｷｼ,kana,muni,82155,8,0,0
ｷｼ,kana,muni,82295,8,0,0
ｷｼ,kana,muni,102024,10,0,0
ｷｼ,kana,muni,102041,10,0,0
ｷｼ,kana,muni,112283,11,0,0
ｷｼ,kana,muni,112321,11,0,0
ｷｼ,kana,muni,132071,13,0,0
ｷｼ,kana,muni,141305,14,1,0
ｷｼ,kana,muni,141313,14,0,1
ｷｼ,kana,muni,141321,14,0,1
ｷｼ,kana,muni,141330,14,0,1
ｷｼ,kana,muni,141348,14,0,1
ｷｼ,kana,muni,141356,14,0,1
ｷｼ,kana,muni,141364,14,0,1
ｷｼ,kana,muni,141372,14,0,1
ｷｼ,kana,muni,142077,14,0,0
ｷｼ,kana,muni,152056,15,0,0
ｷｼ,kana,muni,192066,19,0,0
ｷｼ,kana,muni,192074,19,0,0
ｷｼ,kana,muni,192112,19,0,0
ｷｼ,kana,muni,205621,20,0,0
ｷｼ,kana,muni,212024,21,0,0
ｷｼ,kana,muni,212059,21,0,0
ｷｼ,kana,muni,212121,21,0,0
ｷｼ,kana,muni,222232,22,0,0
ｷｼ,kana,muni,232025,23,0,0
ｷｼ,kana,muni,232190,23,0,0
ｷｼ,kana,muni,272027,27,0,0
ｷｼ,kana,muni,272078,27,0,0
ｷｼ,kana,muni,272116,27,0,0
ｷｼ,kana,muni,282022,28,0,0
ｷｼ,kana,muni,282138,28,0,0
ｷｼ,kana,muni,282154,28,0,0
ｷｼ,kana,muni,332020,33,0,0
ｷｼ,kana,muni,352012,35,0,0
ｷｼ,kana,muni,372064,37,0,0
ｷｼ,kana,muni,392031,39,0,0
ｷｼ,kana,muni,392065,39,0,0
ｷｼ,kana,muni,412104,41,0,0
ｷｼ,kana,muni,422011,42,0,0
ｷｼ,kana,muni,422100,42,0,0
ｷｼ,kana,muni,432130,43,0,0
ｷｼ,kana,muni,442054,44,0,0
ｷｼ,kana,muni,442062,44,0,0
ｷｼ,kana,muni,442101,44,0,0
ｷｼ,kana,muni,442143,44,0,0
ｷｼ,kana,muni,452017,45,0,0
ｷｼ,kana,muni,454044,45,0,0
ｷｼ,kana,muni,462047,46,0,0
ｷｼ,kana,muni,462101,46,0,0
ｷｼ,kana,muni,462161,46,0,0
ｷｼ,kana,muni,472077,47,0,0
ｷｼ,kana,muni,473065,47,0,0
ｷｿ,kana,muni,204251,20,0,0
ｷｿ,kana,muni,204323,20,0,0
ｷｿ,kana,muni,243035,24,0,0
ｷｿ,kana,muni,473537,47,0,0
ｷｿ,kana,muni,473561,47,0,0
ｷﾀ,kana,muni,11029,1,0,1
ｷﾀ,kana,muni,12084,1,0,0
ｷﾀ,kana,muni,12343,1,0,0
ｷﾀ,kana,muni,32069,3,0,0
ｷﾀ,kana,pref,50008,5,0,0
ｷﾀ,kana,muni,52019,5,0,0
ｷﾀ,kana,muni,52132,5,0,0
ｷﾀ,kana,muni,72087,7,0,0
ｷﾀ,kana,muni,74021,7,0,0
ｷﾀ,kana,muni,82155,8,0,0
ｷﾀ,kana,muni,111023,11,0,1
ｷﾀ,kana,muni,112330,11,0,0
ｷﾀ,kana,muni,131172,13,0,0
ｷﾀ,kana,muni,143642,14,0,0
ｷﾀ,kana,muni,151017,15,0,1
ｷﾀ,kana,muni,173240,17,0,0
ｷﾀ,kana,muni,203076,20,0,0
ｷﾀ,kana,muni,214213,21,0,0
ｷﾀ,kana,muni,231037,23,0,1
ｷﾀ,kana,muni,232343,23,0,0
ｷﾀ,kana,muni,261017,26,0,1
ｷﾀ,kana,muni,271276,27,0,1
ｷﾀ,kana,muni,271462,27,0,1
ｷﾀ,kana,muni,281093,28,0,1
ｷﾀ,kana,muni,294501,29,0,0
ｷﾀ,kana,muni,294519,29,0,0
ｷﾀ,kana,muni,304271,30,0,0
ｷﾀ,kana,muni,331015,33,0,1
ｷﾀ,kana,muni,341061,34,0,1
ｷﾀ,kana,muni,342149,34,0,0
ｷﾀ,kana,muni,343692,34,0,0
ｷﾀ,kana,muni,364029,36,0,0
ｷﾀ,kana,muni,393053,39,0,0
ｷﾀ,kana,muni,401005,40,1,0
ｷﾀ,kana,muni,401013,40,0,1
ｷﾀ,kana,muni,401030,40,0,1
ｷﾀ,kana,muni,401056,40,0,1
ｷﾀ,kana,muni,401064,40,0,1
ｷﾀ,kana,muni,401072,40,0,1
ｷﾀ,kana,muni,401081,40,0,1
ｷﾀ,kana,muni,401099,40,0,1
ｷﾀ,kana,muni,431052,43,0,1
ｷﾀ,kana,muni,434825,43,0,0
ｷﾀ,kana,muni,473278,47,0,0
ｷﾀ,kana,muni,473588,47,0,0
ｷﾁ,kana,muni,14079,1,0,0
ｷﾁ,kana,muni,16411,1,0,0
ｷﾁ,kana,muni,33812,3,0,0
ｷﾁ,kana,muni,223051,22,0,0
ｷﾁ,kana,muni,243035,24,0,0
ｷﾁ,kana,muni,244414,24,0,0
ｷﾁ,kana,muni,244619,24,0,0
ｷﾁ,kana,muni,244716,24,0,0
ｷﾁ,kana,muni,263036,26,0,0
ｷﾁ,kana,muni,273660,27,0,0
ｷﾁ,kana,muni,284432,28,0,0
ｷﾁ,kana,muni,294241,29,0,0
ｷﾁ,kana,muni,313904,31,0,0
ｷﾁ,kana,muni,336661,33,0,0
ｷﾁ,kana,muni,353213,35,0,0
ｷﾁ,kana,muni,353418,35,0,0
ｷﾁ,kana,muni,373419,37,0,0
ｷﾁ,kana,muni,384011,38,0,0
ｷﾁ,kana,muni,394246,39,0,0
ｷﾁ,kana,muni,413461,41,0,0
ｷﾁ,kana,muni,464686,46,0,0
ｷﾁ,kana,muni,464929,46,0,0
ｷﾂ,kana,muni,262145,26,0,0
ｷﾂ,kana,muni,442101,44,0,0
ｷﾅ,kana,muni,232092,23,0,0
ｷﾅ,kana,pref,470007,47,0,0
ｷﾅ,kana,muni,472115,47,0,0
ｷﾉ,kana,muni,15601,1,0,0
ｷﾉ,kana,muni,222267,22,0,0
ｷﾉ,kana,muni,272221,27,0,0
ｷﾉ,kana,muni,302082,30,0,0
ｷﾉ,kana,muni,325287,32,0,0
ｷﾉ,kana,muni,462195,46,0,0
ｷﾊ,name,muni,402257,40,0,0
ｷﾊ,kana,muni,151050,15,0,1
ｷﾊ,kana,muni,402257,40,0,0
ｷﾋ,kana,muni,336815,33,0,0
ｷﾎ,kana,muni,245437,24,0,0
ｷﾎ,kana,muni,245623,24,0,0
ｷﾎ,kana,muni,384887,38,0,0
ｷﾏ,kana,muni,23612,2,0,0
ｷﾏ,kana,muni,33022,3,0,0
ｷﾏ,kana,muni,43249,4,0,0
ｷﾏ,kana,muni,74667,7,0,0
ｷﾏ,kana,muni,83020,8,0,0
ｷﾏ,kana,muni,123421,12,0,0
ｷﾏ,kana,muni,124419,12,0,0
ｷﾏ,kana,muni,154059,15,0,0
ｷﾏ,kana,muni,205214,20,0,0
ｷﾏ,kana,muni,403822,40,0,0
ｷﾏ,kana,muni,403831,40,0,0
ｷﾏ,kana,muni,405221,40,0,0
ｷﾏ,kana,muni,406058,40,0,0
ｷﾏ,kana,muni,434434,43,0,0
ｷﾏ,kana,muni,435015,43,0,0
ｷﾐ,kana,muni,122254,12,0,0
ｷﾐ,kana,muni,303046,30,0,0
ｷﾑ,kana,muni,13919,1,0,0
ｷﾑ,kana,muni,74641,7,0,0
ｷﾑ,kana,muni,203050,20,0,0
ｷﾑ,kana,muni,203068,20,0,0
ｷﾑ,kana,muni,203076,20,0,0
ｷﾑ,kana,muni,203491,20,0,0
ｷﾑ,kana,muni,204293,20,0,0
ｷﾑ,kana,muni,294446,29,0,0
ｷﾑ,kana,muni,435112,43,0,0
ｷﾓ,kana,muni,13986,1,0,0
ｷﾓ,kana,muni,464929,46,0,0
ｷﾔ,kana,muni,413411,41,0,0
ｷﾖ,kana,muni,11100,1,0,1
ｷﾖ,kana,muni,15466,1,0,0
ｷﾖ,kana,muni,124630,12,0,0
ｷﾖ,kana,muni,132217,13,0,0
ｷﾖ,kana,muni,144029,14,0,0
ｷﾖ,kana,muni,232335,23,0,0
ｷﾘ,kana,muni,102032,10,0,0
ｷﾘ,kana,muni,462187,46,0,0
ｷﾙ,name,muni,132284,13,0,0
ｷﾙ,kana,muni,132284,13,0,0
ｷﾝ,kana,muni,464902,46,0,0
ｷﾝ,kana,muni,473146,47,0,0
ｷﾞ,name,muni,303411,30,0,0
ｷﾞ,name,muni,364681,36,0,0
ｷﾞ,name,muni,435147,43,0,0
ｷﾞ,kana,muni,23043,2,0,0
ｷﾞ,kana,muni,23817,2,0,0
ｷﾞ,kana,pref,40002,4,0,0
ｷﾞ,kana,muni,41025,4,0,1
ｷﾞ,kana,muni,82147,8,0,0
ｷﾞ,kana,pref,90000,9,0,0
ｷﾞ,kana,muni,92037,9,0,0
ｷﾞ,kana,muni,93432,9,0,0
ｷﾞ,kana,muni,93645,9,0,0
ｷﾞ,kana,muni,112062,11,0,0
ｷﾞ,kana,muni,114642,11,0,0
ｷﾞ,kana,muni,131156,13,0,0
ｷﾞ,kana,muni,132250,13,0,0
ｷﾞ,kana,muni,142123,14,0,0
ｷﾞ,kana,muni,204129,20,0,0
ｷﾞ,kana,muni,204153,20,0,0
ｷﾞ,kana,muni,204234,20,0,0
ｷﾞ,kana,pref,210005,21,0,0
ｷﾞ,kana,muni,212016,21,0,0
ｷﾞ,kana,muni,213021,21,0,0
ｷﾞ,kana,muni,215015,21,0,0
ｷﾞ,kana,muni,261025,26,0,1
ｷﾞ,kana,muni,261041,26,0,1
ｷﾞ,kana,muni,261068,26,0,1
ｷﾞ,kana,muni,263648,26,0,0
ｷﾞ,kana,muni,292117,29,0,0
ｷﾞ,kana,muni,303411,30,0,0
ｷﾞ,kana,muni,322067,32,0,0
ｷﾞ,kana,muni,336238,33,0,0
ｷﾞ,kana,muni,352047,35,0,0
ｷﾞ,kana,muni,363839,36,0,0
ｷﾞ,kana,muni,364681,36,0,0
ｷﾞ,kana,muni,412082,41,0,0
ｷﾞ,kana,muni,423084,42,0,0
ｷﾞ,kana,muni,423211,42,0,0
ｷﾞ,kana,muni,433641,43,0,0
ｷﾞ,kana,muni,434841,43,0,0
ｷﾞ,kana,muni,435058,43,0,0
ｷﾞ,kana,muni,435147,43,0,0
ｷﾞ,kana,muni,465313,46,0,0
ｷﾞ,kana,muni,472051,47,0,0
ｷﾞ,kana,muni,473022,47,0,0
ｷﾞ,kana,muni,473138,47,0,0
ｸ市,name,muni,172090,17,0,0
ｸｯ,kana,muni,14001,1,0,0
ｸｲ,kana,muni,33014,3,0,0
ｸｲ,kana,muni,172073,17,0,0
ｸｲ,kana,pref,180009,18,0,0
ｸｲ,kana,muni,182010,18,0,0
ｸｲ,kana,muni,323438,32,0,0
ｸｴ,kana,muni,313726,31,0,0
ｸｵ,kana,pref,400009,40,0,0
ｸｵ,kana,muni,401307,40,1,0
ｸｵ,kana,muni,401315,40,0,1
ｸｵ,kana,muni,401323,40,0,1
ｸｵ,kana,muni,401331,40,0,1
ｸｵ,kana,muni,401340,40,0,1
ｸｵ,kana,muni,401358,40,0,1
ｸｵ,kana,muni,401366,40,0,1
ｸｵ,kana,muni,401374,40,0,1
ｸｶ,kana,muni,222241,22,0,0
ｸｷ,kana,muni,112321,11,0,0
ｸｸ,kana,muni,41041,4,0,1
ｸｸ,kana,muni,131041,13,0,0
ｸｸ,kana,muni,141097,14,0,1
ｸｸ,kana,muni,231169,23,0,1
ｸｺ,kana,muni,402117,40,0,0
ｸｻ,kana,muni,104264,10,0,0
ｸｻ,kana,muni,172103,17,0,0
ｸｻ,kana,muni,204480,20,0,0
ｸｻ,kana,muni,231011,23,0,1
ｸｻ,kana,muni,252069,25,0,0
ｸｻ,kana,muni,284432,28,0,0
ｸｻ,kana,muni,432121,43,0,0
ｸｻ,kana,muni,432156,43,0,0
ｸｼ,kana,muni,12068,1,0,0
ｸｼ,kana,muni,13323,1,0,0
ｸｼ,kana,muni,13676,1,0,0
ｸｼ,kana,muni,16616,1,0,0
ｸｼ,kana,muni,32077,3,0,0
ｸｼ,kana,muni,52159,5,0,0
ｸｼ,kana,pref,70009,7,0,0
ｸｼ,kana,muni,72010,7,0,0
ｸｼ,kana,muni,82198,8,0,0
ｸｼ,kana,muni,124036,12,0,0
ｸｼ,kana,muni,172090,17,0,0
ｸｼ,kana,muni,202177,20,0,0
ｸｼ,kana,muni,271039,27,0,1
ｸｼ,kana,muni,304280,30,0,0
ｸｼ,kana,pref,360007,36,0,0
ｸｼ,kana,muni,362018,36,0,0
ｸｼ,kana,muni,392049,39,0,0
ｸｼ,kana,muni,402176,40,0,0
ｸｼ,kana,muni,406473,40,0,0
ｸｼ,kana,muni,412040,41,0,0
ｸｼ,kana,muni,452076,45,0,0
ｸｼ,kana,muni,462195,46,0,0
ｸｼ,kana,muni,464821,46,0,0
ｸｼ,kana,muni,465054,46,0,0
ｸｼ,kana,muni,472123,47,0,0
ｸｽ,kana,muni,33022,3,0,0
ｸｽ,kana,muni,444626,44,0,0
ｸｾ,kana,muni,32107,3,0,0
ｸｾ,kana,muni,82279,8,0,0
ｸｾ,kana,muni,404471,40,0,0
ｸｿ,kana,muni,473278,47,0,0
ｸｿ,kana,muni,473286,47,0,0
ｸﾀ,kana,muni,42081,4,0,0
ｸﾀ,kana,muni,133086,13,0,0
ｸﾀ,kana,muni,352071,35,0,0
ｸﾁ,kana,muni,13994,1,0,0
ｸﾁ,kana,muni,16357,1,0,0
ｸﾁ,kana,muni,46060,4,0,0
ｸﾁ,kana,muni,63215,6,0,0
ｸﾁ,kana,muni,245437,24,0,0
ｸﾁ,kana,muni,262013,26,0,0
ｸﾁ,kana,muni,332160,33,0,0
ｸﾁ,kana,muni,382132,38,0,0
ｸﾁ,kana,muni,384887,38,0,0
ｸﾁ,kana,muni,406104,40,0,0
ｸﾁ,kana,muni,432105,43,0,0
ｸﾂ,kana,muni,402249,40,0,0
ｸﾃ,kana,muni,232386,23,0,0
ｸﾄ,kana,muni,12360,1,0,0
ｸﾄ,kana,muni,192091,19,0,0
ｸﾄ,kana,muni,303437,30,0,0
ｸﾄ,kana,muni,433641,43,0,0
ｸﾆ,kana,muni,13625,1,0,0
ｸﾆ,kana,muni,73032,7,0,0
ｸﾆ,kana,muni,132152,13,0,0
ｸﾆ,kana,muni,222259,22,0,0
ｸﾆ,kana,muni,352080,35,0,0
ｸﾆ,kana,muni,442143,44,0,0
ｸﾆ,kana,muni,453820,45,0,0
ｸﾆ,kana,muni,473014,47,0,0
ｸﾈ,kana,muni,462063,46,0,0
ｸﾉ,kana,muni,24058,2,0,0
ｸﾉ,kana,muni,35068,3,0,0
ｸﾉ,kana,muni,271161,27,0,1
ｸﾉ,kana,muni,465305,46,0,0
ｸﾊ,name,muni,82201,8,0,0
ｸﾊ,name,muni,82350,8,0,0
ｸﾊ,kana,muni,82201,8,0,0
ｸﾊ,kana,muni,82350,8,0,0
ｸﾊ,kana,muni,204854,20,0,0
ｸﾊ,kana,muni,402133,40,0,0
ｸﾌ,kana,muni,132144,13,0,0
ｸﾍ,kana,muni,16438,1,0,0
ｸﾍ,kana,muni,16489,1,0,0
ｸﾎ,kana,muni,203092,20,0,0
ｸﾎ,kana,muni,204528,20,0,0
ｸﾏ,kana,muni,24082,2,0,0
ｸﾏ,kana,muni,43028,4,0,0
ｸﾏ,kana,muni,75451,7,0,0
ｸﾏ,kana,muni,112020,11,0,0
ｸﾏ,kana,muni,124435,12,0,0
ｸﾏ,kana,muni,202185,20,0,0
ｸﾏ,kana,muni,242128,24,0,0
ｸﾏ,kana,muni,273619,27,0,0
ｸﾏ,kana,muni,343072,34,0,0
ｸﾏ,kana,muni,383864,38,0,0
ｸﾏ,kana,muni,414247,41,0,0
ｸﾏ,kana,pref,430005,43,0,0
ｸﾏ,kana,muni,431001,43,1,0
ｸﾏ,kana,muni,431010,43,0,1
ｸﾏ,kana,muni,431028,43,0,1
ｸﾏ,kana,muni,431036,43,0,1
ｸﾏ,kana,muni,431044,43,0,1
ｸﾏ,kana,muni,431052,43,0,1
ｸﾏ,kana,muni,435139,43,0,0
ｸﾏ,kana,muni,435317,43,0,0
ｸﾐ,kana,muni,263222,26,0,0
ｸﾐ,kana,muni,442071,44,0,0
ｸﾑ,kana,muni,103837,10,0,0
ｸﾑ,kana,muni,204528,20,0,0
ｸﾒ,kana,muni,336637,33,0,0
ｸﾒ,kana,muni,473618,47,0,0
ｸﾓ,kana,muni,13463,1,0,0
ｸﾓ,kana,muni,392081,39,0,0
ｸﾔ,kana,muni,45012,4,0,0
ｸﾔ,kana,muni,342076,34,0,0
ｸﾖ,kana,muni,434043,43,0,0
ｸﾗ,name,muni,92142,9,0,0
ｸﾗ,kana,muni,63657,6,0,0
ｸﾗ,kana,muni,82317,8,0,0
ｸﾗ,kana,muni,92142,9,0,0
ｸﾗ,kana,muni,105210,10,0,0
ｸﾗ,kana,muni,111066,11,0,1
ｸﾗ,kana,muni,122122,12,0,0
ｸﾗ,kana,muni,133825,13,0,0
ｸﾗ,kana,muni,142042,14,0,0
ｸﾗ,kana,muni,232289,23,0,0
ｸﾗ,kana,muni,292061,29,0,0
ｸﾗ,kana,muni,312037,31,0,0
ｸﾗ,kana,muni,332020,33,0,0
ｸﾗ,kana,muni,336432,33,0,0
ｸﾗ,kana,muni,401064,40,0,1
ｸﾗ,kana,muni,401072,40,0,1
ｸﾗ,kana,muni,402281,40,0,0
ｸﾗ,kana,muni,404021,40,0,0
ｸﾗ,kana,muni,462047,46,0,0
ｸﾘ,kana,muni,14290,1,0,0
ｸﾘ,kana,muni,14371,1,0,0
ｸﾘ,kana,muni,42137,4,0,0
ｸﾘ,kana,muni,124036,12,0,0
ｸﾙ,kana,muni,132225,13,0,0
ｸﾙ,kana,muni,402036,40,0,0
ｸﾚ,kana,muni,342025,34,0,0
ｸﾛ,kana,muni,13935,1,0,0
ｸﾛ,kana,muni,22047,2,0,0
ｸﾛ,kana,muni,162078,16,0,0
ｸﾛ,kana,muni,222160,22,0,0
ｸﾛ,kana,muni,294446,29,0,0
ｸﾛ,kana,muni,394289,39,0,0
ｸﾜ,kana,muni,204307,20,0,0
ｸﾜ,kana,muni,242055,24,0,0
ｸﾝ,kana,muni,15491,1,0,0
ｸﾞ,kana,muni,14532,1,0,0
ｸﾞ,kana,muni,64017,6,0,0
ｸﾞ,kana,muni,74811,7,0,0
ｸﾞ,kana,pref,100005,10,0,0
ｸﾞ,kana,muni,112038,11,0,0
ｸﾞ,kana,muni,131105,13,0,0
ｸﾞ,kana,muni,194301,19,0,0
ｸﾞ,kana,muni,212199,21,0,0
ｸﾞ,kana,muni,233617,23,0,0
ｸﾞ,kana,muni,234419,23,0,0
ｸﾞ,kana,muni,272094,27,0,0
ｸﾞ,kana,muni,293423,29,0,0
ｸﾞ,kana,muni,302074,30,0,0
ｸﾞ,kana,pref,350001,35,0,0
ｸﾞ,kana,muni,352039,35,0,0
ｸﾞ,kana,muni,403423,40,0,0
ｸﾞ,kana,muni,403458,40,0,0
ｸﾞ,kana,muni,434230,43,0,0
ｸﾞ,kana,muni,434248,43,0,0
ｸﾞ,kana,muni,472123,47,0,0
ｸﾞ,kana,muni,473278,47,0,0
ｸﾞ,kana,muni,473286,47,0,0
ｸﾞ,kana,muni,473553,47,0,0
ｸﾞ,kana,muni,473821,47,0,0
ｹ原,name,muni,213624,21,0,0
ｹ崎,name,muni,33812,3,0,0
ｹ崎,name,muni,82082,8,0,0
ｹ浦,name,muni,122297,12,0,0
ｹ谷,name,muni,122246,12,0,0
ｹ谷,name,muni,141062,14,0,1
ｹｲ,kana,muni,404217,40,0,0
ｹｵ,kana,muni,412066,41,0,0
ｹｶ,kana,muni,63665,6,0,0
ｹｶ,kana,muni,112313,11,0,0
ｹｶ,kana,muni,222135,22,0,0
ｹｼ,kana,muni,16624,1,0,0
ｹｼ,kana,muni,92169,9,0,0
ｹｼ,kana,muni,152111,15,0,0
ｹｼ,kana,muni,232297,23,0,0
ｹｼ,kana,muni,342114,34,0,0
ｹｾ,kana,muni,42056,4,0,0
ｹﾀ,kana,muni,16446,1,0,0
ｹﾀ,kana,muni,183822,18,0,0
ｹﾀ,kana,muni,204811,20,0,0
ｹﾀ,kana,muni,214043,21,0,0
ｹﾀ,kana,muni,272043,27,0,0
ｹﾀ,kana,muni,442089,44,0,0
ｹﾁ,kana,muni,14818,1,0,0
ｹﾁ,kana,muni,16314,1,0,0
ｹﾁ,kana,muni,215210,21,0,0
ｹﾁ,kana,muni,293628,29,0,0
ｹﾁ,kana,muni,333468,33,0,0
ｹﾄ,kana,muni,15504,1,0,0
ｹﾄ,kana,muni,234478,23,0,0
ｹﾄ,kana,muni,473812,47,0,0
ｹﾊ,kana,muni,342033,34,0,0
ｹﾏ,kana,muni,404012,40,0,0
ｹﾑ,kana,muni,133817,13,0,0
ｹﾝ,kana,muni,14656,1,0,0
ｹﾝ,kana,pref,20001,2,0,0
ｹﾝ,kana,pref,30007,3,0,0
ｹﾝ,kana,pref,40002,4,0,0
ｹﾝ,kana,pref,50008,5,0,0
ｹﾝ,kana,pref,60003,6,0,0
ｹﾝ,kana,pref,70009,7,0,0
ｹﾝ,kana,pref,80004,8,0,0
ｹﾝ,kana,pref,90000,9,0,0
ｹﾝ,kana,pref,100005,10,0,0
ｹﾝ,kana,pref,110001,11,0,0
ｹﾝ,kana,pref,120006,12,0,0
ｹﾝ,kana,pref,140007,14,0,0
ｹﾝ,kana,pref,150002,15,0,0
ｹﾝ,kana,pref,160008,16,0,0
ｹﾝ,kana,pref,170003,17,0,0
ｹﾝ,kana,pref,180009,18,0,0
ｹﾝ,kana,pref,190004,19,0,0
ｹﾝ,kana,pref,200000,20,0,0
ｹﾝ,kana,pref,210005,21,0,0
ｹﾝ,kana,pref,220001,22,0,0
ｹﾝ,kana,pref,230006,23,0,0
ｹﾝ,kana,pref,240001,24,0,0
ｹﾝ,kana,pref,250007,25,0,0
ｹﾝ,kana,pref,280003,28,0,0
ｹﾝ,kana,pref,290009,29,0,0
ｹﾝ,kana,pref,300004,30,0,0
ｹﾝ,kana,pref,310000,31,0,0
ｹﾝ,kana,pref,320005,32,0,0
ｹﾝ,kana,pref,330001,33,0,0
ｹﾝ,kana,pref,340006,34,0,0
ｹﾝ,kana,pref,350001,35,0,0
ｹﾝ,kana,pref,360007,36,0,0
ｹﾝ,kana,pref,370002,37,0,0
ｹﾝ,kana,pref,380008,38,0,0
ｹﾝ,kana,pref,390003,39,0,0
ｹﾝ,kana,pref,400009,40,0,0
ｹﾝ,kana,pref,410004,41,0,0
ｹﾝ,kana,pref,420000,42,0,0
ｹﾝ,kana,pref,430005,43,0,0
ｹﾝ,kana,pref,440001,44,0,0
ｹﾝ,kana,pref,450006,45,0,0
ｹﾝ,kana,pref,460001,46,0,0
ｹﾝ,kana,muni,465241,46,0,0
ｹﾝ,kana,pref,470007,47,0,0
ｹﾞ,kana,muni,74217,7,0,0
ｹﾞ,kana,muni,112194,11,0,0
ｹﾞ,kana,muni,121037,12,0,1
ｹﾞ,kana,muni,194425,19,0,0
ｹﾞ,kana,muni,204226,20,0,0
ｹﾞ,kana,muni,212202,21,0,0
ｹﾞ,kana,muni,334618,33,0,0
ｹﾞ,kana,muni,345458,34,0,0
ｹﾞ,kana,muni,364011,36,0,0
ｹﾞ,kana,muni,383864,38,0,0
ｹﾞ,kana,muni,393070,39,0,0
ｹﾞ,kana,muni,406465,40,0,0
ｹﾞ,kana,muni,413879,41,0,0
ｹﾞ,kana,muni,454427,45,0,0
ｺ町,name,muni,13951,1,0,0
ｺ町,name,muni,406252,40,0,0
ｺｯ,kana,muni,15610,1,0,0
ｺｯ,kana,muni,15628,1,0,0
ｺｱ,kana,muni,53279,5,0,0
ｺｳ,kana,muni,92061,9,0,0
ｺｳ,kana,muni,112178,11,0,0
ｺｳ,kana,muni,112291,11,0,0
ｺｳ,kana,muni,123421,12,0,0
ｺｳ,kana,muni,131083,13,0,0
ｺｳ,kana,muni,133647,13,0,0
ｺｳ,kana,muni,141097,14,0,1
ｺｳ,kana,muni,141119,14,0,1
ｺｳ,kana,muni,151041,15,0,1
ｺｳ,kana,muni,152170,15,0,0
ｺｳ,kana,muni,192015,19,0,0
ｺｳ,kana,muni,192139,19,0,0
ｺｳ,kana,muni,203033,20,0,0
ｺｳ,kana,muni,232173,23,0,0
ｺｳ,kana,muni,235016,23,0,0
ｺｳ,kana,muni,252093,25,0,0
ｺｳ,kana,muni,254428,25,0,0
ｺｳ,kana,muni,262081,26,0,0
ｺｳ,kana,muni,281000,28,1,0
ｺｳ,kana,muni,281018,28,0,1
ｺｳ,kana,muni,281026,28,0,1
ｺｳ,kana,muni,281051,28,0,1
ｺｳ,kana,muni,281069,28,0,1
ｺｳ,kana,muni,281077,28,0,1
ｺｳ,kana,muni,281085,28,0,1
ｺｳ,kana,muni,281093,28,0,1
ｺｳ,kana,muni,281107,28,0,1
ｺｳ,kana,muni,281115,28,0,1
ｺｳ,kana,muni,282120,28,0,0
ｺｳ,kana,muni,294268,29,0,0
ｺｳ,kana,muni,303445,30,0,0
ｺｳ,kana,muni,314030,31,0,0
ｺｳ,kana,muni,345458,34,0,0
ｺｳ,kana,muni,383864,38,0,0
ｺｳ,kana,pref,390003,39,0,0
ｺｳ,kana,muni,392014,39,0,0
ｺｳ,kana,muni,392111,39,0,0
ｺｳ,kana,muni,406465,40,0,0
ｺｳ,kana,muni,414247,41,0,0
ｺｳ,kana,muni,432164,43,0,0
ｺｳ,kana,muni,434442,43,0,0
ｺｳ,kana,muni,464902,46,0,0
ｺｵ,kana,muni,72036,7,0,0
ｺｵ,kana,muni,73016,7,0,0
ｺｵ,kana,muni,292036,29,0,0
ｺｶ,kana,muni,82040,8,0,0
ｺｶ,kana,muni,132101,13,0,0
ｺｶ,kana,muni,282103,28,0,0
ｺｶ,kana,muni,402231,40,0,0
ｺｸ,kana,muni,132144,13,0,0
ｺｸ,kana,muni,382132,38,0,0
ｺｸ,kana,muni,392049,39,0,0
ｺｸ,kana,muni,401064,40,0,1
ｺｸ,kana,muni,401072,40,0,1
ｺｺ,kana,muni,444618,44,0,0
ｺｻ,kana,muni,53031,5,0,0
ｺｻ,kana,muni,222216,22,0,0
ｺｻ,kana,muni,304247,30,0,0
ｺｼ,kana,muni,13943,1,0,0
ｺｼ,kana,muni,15474,1,0,0
ｺｼ,kana,muni,32026,3,0,0
ｺｼ,kana,muni,82236,8,0,0
ｺｼ,kana,muni,112224,11,0,0
ｺｼ,kana,muni,122220,12,0,0
ｺｼ,kana,muni,124109,12,0,0
ｺｼ,kana,muni,271021,27,0,1
ｺｼ,kana,muni,472140,47,0,0
ｺｽ,kana,muni,142018,14,0,0
ｺｽ,kana,muni,194425,19,0,0
ｺｾ,kana,muni,113611,11,0,0
ｺﾀ,kana,muni,12025,1,0,0
ｺﾀ,kana,muni,14052,1,0,0
ｺﾀ,kana,muni,16951,1,0,0
ｺﾀ,kana,muni,82341,8,0,0
ｺﾀ,kana,muni,132110,13,0,0
ｺﾀ,kana,muni,404012,40,0,0
ｺﾁ,kana,muni,13951,1,0,0
ｺﾁ,kana,muni,15849,1,0,0
ｺﾁ,kana,muni,384224,38,0,0
ｺﾃ,kana,muni,52035,5,0,0
ｺﾄ,kana,muni,313718,31,0,0
ｺﾄ,kana,muni,374032,37,0,0
ｺﾅ,kana,muni,13340,1,0,0
ｺﾅ,kana,muni,232165,23,0,0
ｺﾅ,kana,muni,252115,25,0,0
ｺﾈ,kana,muni,143821,14,0,0
ｺﾈ,kana,muni,252026,25,0,0
ｺﾉ,kana,muni,271047,27,0,1
ｺﾉ,kana,muni,444618,44,0,0
ｺﾉ,kana,muni,452025,45,0,0
ｺﾊ,kana,muni,24066,2,0,0
ｺﾊ,kana,muni,141003,14,1,0
ｺﾊ,kana,muni,141011,14,0,1
ｺﾊ,kana,muni,141020,14,0,1
ｺﾊ,kana,muni,141038,14,0,1
ｺﾊ,kana,muni,141046,14,0,1
ｺﾊ,kana,muni,141054,14,0,1
ｺﾊ,kana,muni,141062,14,0,1
ｺﾊ,kana,muni,141071,14,0,1
ｺﾊ,kana,muni,141089,14,0,1
ｺﾊ,kana,muni,141097,14,0,1
ｺﾊ,kana,muni,141101,14,0,1
ｺﾊ,kana,muni,141119,14,0,1
ｺﾊ,kana,muni,141127,14,0,1
ｺﾊ,kana,muni,141135,14,0,1
ｺﾊ,kana,muni,141143,14,0,1
ｺﾊ,kana,muni,141151,14,0,1
ｺﾊ,kana,muni,141160,14,0,1
ｺﾊ,kana,muni,141178,14,0,1
ｺﾊ,kana,muni,141186,14,0,1
ｺﾊ,kana,muni,452050,45,0,0
ｺﾏ,kana,muni,12131,1,0,0
ｺﾏ,kana,muni,24431,2,0,0
ｺﾏ,kana,muni,93424,9,0,0
ｺﾏ,kana,muni,123471,12,0,0
ｺﾏ,kana,muni,124249,12,0,0
ｺﾏ,kana,muni,132195,13,0,0
ｺﾏ,kana,muni,172031,17,0,0
ｺﾏ,kana,muni,194301,19,0,0
ｺﾏ,kana,muni,202100,20,0,0
ｺﾏ,kana,muni,232190,23,0,0
ｺﾏ,kana,muni,292095,29,0,0
ｺﾏ,kana,muni,362034,36,0,0
ｺﾏ,kana,muni,406252,40,0,0
ｺﾑ,kana,muni,153427,15,0,0
ｺﾑ,kana,muni,194255,19,0,0
ｺﾓ,kana,muni,202088,20,0,0
ｺﾓ,kana,muni,243418,24,0,0
ｺﾛ,kana,muni,16454,1,0,0
ｺﾛ,kana,muni,112089,11,0,0
ｺﾞ,kana,muni,13994,1,0,0
ｺﾞ,kana,muni,22055,2,0,0
ｺﾞ,kana,muni,24422,2,0,0
ｺﾞ,kana,muni,24503,2,0,0
ｺﾞ,kana,muni,53619,5,0,0
ｺﾞ,kana,muni,54631,5,0,0
ｺﾞ,kana,muni,73628,7,0,0
ｺﾞ,kana,muni,74616,7,0,0
ｺﾞ,kana,muni,83640,8,0,0
ｺﾞ,kana,muni,85421,8,0,0
ｺﾞ,kana,muni,104256,10,0,0
ｺﾞ,kana,muni,112011,11,0,0
ｺﾞ,kana,muni,113271,11,0,0
ｺﾞ,kana,muni,141071,14,0,1
ｺﾞ,kana,muni,152188,15,0,0
ｺﾞ,kana,muni,213811,21,0,0
ｺﾞ,kana,muni,222151,22,0,0
ｺﾞ,kana,muni,231002,23,1,0
ｺﾞ,kana,muni,231011,23,0,1
ｺﾞ,kana,muni,231029,23,0,1
ｺﾞ,kana,muni,231037,23,0,1
ｺﾞ,kana,muni,231045,23,0,1
ｺﾞ,kana,muni,231053,23,0,1
ｺﾞ,kana,muni,231061,23,0,1
ｺﾞ,kana,muni,231070,23,0,1
ｺﾞ,kana,muni,231088,23,0,1
ｺﾞ,kana,muni,231096,23,0,1
ｺﾞ,kana,muni,231100,23,0,1
ｺﾞ,kana,muni,231118,23,0,1
ｺﾞ,kana,muni,231126,23,0,1
ｺﾞ,kana,muni,231134,23,0,1
ｺﾞ,kana,muni,231142,23,0,1
ｺﾞ,kana,muni,231151,23,0,1
ｺﾞ,kana,muni,231169,23,0,1
ｺﾞ,kana,muni,232149,23,0,0
ｺﾞ,kana,muni,232343,23,0,0
ｺﾞ,kana,muni,233021,23,0,0
ｺﾞ,kana,muni,243442,24,0,0
ｺﾞ,kana,muni,262129,26,0,0
ｺﾞ,kana,pref,280003,28,0,0
ｺﾞ,kana,muni,281051,28,0,1
ｺﾞ,kana,muni,282162,28,0,0
ｺﾞ,kana,muni,282251,28,0,0
ｺﾞ,kana,muni,284815,28,0,0
ｺﾞ,kana,muni,292079,29,0,0
ｺﾞ,kana,muni,292087,29,0,0
ｺﾞ,kana,muni,293431,29,0,0
ｺﾞ,kana,muni,302058,30,0,0
ｺﾞ,kana,muni,312029,31,0,0
ｺﾞ,kana,muni,322075,32,0,0
ｺﾞ,kana,muni,363219,36,0,0
ｺﾞ,kana,muni,402117,40,0,0
ｺﾞ,kana,muni,402168,40,0,0
ｺﾞ,kana,muni,422118,42,0,0
ｺﾞ,kana,muni,424111,42,0,0
ｺﾞ,kana,muni,433691,43,0,0
ｺﾞ,kana,muni,442097,44,0,0
ｺﾞ,kana,muni,442127,44,0,0
ｺﾞ,kana,muni,454435,45,0,0
ｺﾞ,kana,pref,460001,46,0,0
ｺﾞ,kana,muni,462012,46,0,0
ｺﾞ,kana,muni,465275,46,0,0
ｺﾞ,kana,muni,472093,47,0,0
ｻｯ,kana,muni,11002,1,1,0
ｻｯ,kana,muni,11011,1,0,1
ｻｯ,kana,muni,11029,1,0,1
ｻｯ,kana,muni,11037,1,0,1
ｻｯ,kana,muni,11045,1,0,1
ｻｯ,kana,muni,11053,1,0,1
ｻｯ,kana,muni,11061,1,0,1
ｻｯ,kana,muni,11070,1,0,1
ｻｯ,kana,muni,11088,1,0,1
ｻｯ,kana,muni,11096,1,0,1
ｻｯ,kana,muni,11100,1,0,1
ｻｯ,kana,muni,112402,11,0,0
ｻｲ,name,muni,111007,11,1,0
ｻｲ,name,muni,111015,11,0,1
ｻｲ,name,muni,111023,11,0,1
ｻｲ,name,muni,111031,11,0,1
ｻｲ,name,muni,111040,11,0,1
ｻｲ,name,muni,111058,11,0,1
ｻｲ,name,muni,111066,11,0,1
ｻｲ,name,muni,111074,11,0,1
ｻｲ,name,muni,111082,11,0,1
ｻｲ,name,muni,111091,11,0,1
ｻｲ,name,muni,111104,11,0,1
ｻｲ,kana,muni,24261,2,0,0
ｻｲ,kana,pref,110001,11,0,0
ｻｲ,kana,muni,111007,11,1,0
ｻｲ,kana,muni,111015,11,0,1
ｻｲ,kana,muni,111023,11,0,1
ｻｲ,kana,muni,111031,11,0,1
ｻｲ,kana,muni,111040,11,0,1
ｻｲ,kana,muni,111058,11,0,1
ｻｲ,kana,muni,111066,11,0,1
ｻｲ,kana,muni,111074,11,0,1
ｻｲ,kana,muni,111082,11,0,1
ｻｲ,kana,muni,111091,11,0,1
ｻｲ,kana,muni,111104,11,0,1
ｻｲ,kana,muni,141321,14,0,1
ｻｲ,kana,muni,222216,22,0,0
ｻｲ,kana,muni,232327,23,0,0
ｻｲ,kana,muni,282201,28,0,0
ｻｲ,kana,muni,382060,38,0,0
ｻｲ,kana,muni,422126,42,0,0
ｻｲ,kana,muni,442054,44,0,0
ｻｲ,kana,muni,452084,45,0,0
ｻｴ,kana,muni,341088,34,0,1
ｻｵ,kana,muni,141372,14,0,1
ｻｵ,kana,muni,332054,33,0,0
ｻｶ,kana,muni,53031,5,0,0
ｻｶ,kana,muni,62049,6,0,0
ｻｶ,kana,muni,62065,6,0,0
ｻｶ,kana,muni,75043,7,0,0
ｻｶ,kana,muni,85464,8,0,0
ｻｶ,kana,muni,112275,11,0,0
ｻｶ,kana,muni,112399,11,0,0
ｻｶ,kana,muni,123293,12,0,0
ｻｶ,kana,muni,141151,14,0,1
ｻｶ,kana,muni,141500,14,1,0
ｻｶ,kana,muni,141518,14,0,1
ｻｶ,kana,muni,141526,14,0,1
ｻｶ,kana,muni,141534,14,0,1
ｻｶ,kana,muni,182109,18,0,0
ｻｶ,kana,muni,204480,20,0,0
ｻｶ,kana,muni,205214,20,0,0
ｻｶ,kana,muni,206024,20,0,0
ｻｶ,kana,muni,215015,21,0,0
ｻｶ,kana,muni,242047,24,0,0
ｻｶ,kana,pref,270008,27,0,0
ｻｶ,kana,muni,271004,27,1,0
ｻｶ,kana,muni,271021,27,0,1
ｻｶ,kana,muni,271039,27,0,1
ｻｶ,kana,muni,271047,27,0,1
ｻｶ,kana,muni,271063,27,0,1
ｻｶ,kana,muni,271071,27,0,1
ｻｶ,kana,muni,271080,27,0,1
ｻｶ,kana,muni,271098,27,0,1
ｻｶ,kana,muni,271110,27,0,1
ｻｶ,kana,muni,271136,27,0,1
ｻｶ,kana,muni,271144,27,0,1
ｻｶ,kana,muni,271152,27,0,1
ｻｶ,kana,muni,271161,27,0,1
ｻｶ,kana,muni,271179,27,0,1
ｻｶ,kana,muni,271187,27,0,1
ｻｶ,kana,muni,271195,27,0,1
ｻｶ,kana,muni,271209,27,0,1
ｻｶ,kana,muni,271217,27,0,1
ｻｶ,kana,muni,271225,27,0,1
ｻｶ,kana,muni,271233,27,0,1
ｻｶ,kana,muni,271241,27,0,1
ｻｶ,kana,muni,271250,27,0,1
ｻｶ,kana,muni,271268,27,0,1
ｻｶ,kana,muni,271276,27,0,1
ｻｶ,kana,muni,271284,27,0,1
ｻｶ,kana,muni,271403,27,1,0
ｻｶ,kana,muni,271411,27,0,1
ｻｶ,kana,muni,271420,27,0,1
ｻｶ,kana,muni,271438,27,0,1
ｻｶ,kana,muni,271446,27,0,1
ｻｶ,kana,muni,271454,27,0,1
ｻｶ,kana,muni,271462,27,0,1
ｻｶ,kana,muni,271471,27,0,1
ｻｶ,kana,muni,272272,27,0,0
ｻｶ,kana,muni,272311,27,0,0
ｻｶ,kana,muni,273830,27,0,0
ｻｶ,kana,muni,312045,31,0,0
ｻｶ,kana,muni,332151,33,0,0
ｻｶ,kana,muni,343099,34,0,0
ｻｶ,kana,muni,372030,37,0,0
ｻｶ,kana,muni,394025,39,0,0
ｻｶ,kana,pref,410004,41,0,0
ｻｶ,kana,muni,412015,41,0,0
ｻｶ,kana,muni,435104,43,0,0
ｻｷ,name,muni,435147,43,0,0
ｻｷ,kana,muni,22021,2,0,0
ｻｷ,kana,muni,23612,2,0,0
ｻｷ,kana,muni,33812,3,0,0
ｻｷ,kana,muni,42153,4,0,0
ｻｷ,kana,muni,43249,4,0,0
ｻｷ,kana,muni,82082,8,0,0
ｻｷ,kana,muni,102024,10,0,0
ｻｷ,kana,muni,102041,10,0,0
ｻｷ,kana,muni,141305,14,1,0
ｻｷ,kana,muni,141313,14,0,1
ｻｷ,kana,muni,141321,14,0,1
ｻｷ,kana,muni,141330,14,0,1
ｻｷ,kana,muni,141348,14,0,1
ｻｷ,kana,muni,141356,14,0,1
ｻｷ,kana,muni,141364,14,0,1
ｻｷ,kana,muni,141372,14,0,1
ｻｷ,kana,muni,142077,14,0,0
ｻｷ,kana,muni,192074,19,0,0
ｻｷ,kana,muni,243035,24,0,0
ｻｷ,kana,muni,261033,26,0,1
ｻｷ,kana,muni,263648,26,0,0
ｻｷ,kana,muni,273660,27,0,0
ｻｷ,kana,muni,282022,28,0,0
ｻｷ,kana,muni,284432,28,0,0
ｻｷ,kana,muni,336661,33,0,0
ｻｷ,kana,muni,341061,34,0,1
ｻｷ,kana,muni,344311,34,0,0
ｻｷ,kana,muni,384011,38,0,0
ｻｷ,kana,muni,392065,39,0,0
ｻｷ,kana,muni,406058,40,0,0
ｻｷ,kana,pref,420000,42,0,0
ｻｷ,kana,muni,422011,42,0,0
ｻｷ,kana,muni,435147,43,0,0
ｻｷ,kana,muni,442143,44,0,0
ｻｷ,kana,muni,464686,46,0,0
ｻｸ,name,muni,92142,9,0,0
ｻｸ,kana,muni,82317,8,0,0
ｻｸ,kana,muni,92142,9,0,0
ｻｸ,kana,muni,111066,11,0,1
ｻｸ,kana,muni,122122,12,0,0
ｻｸ,kana,muni,202177,20,0,0
ｻｸ,kana,muni,203092,20,0,0
ｻｸ,kana,muni,231011,23,0,1
ｻｸ,kana,muni,292061,29,0,0
ｻｸ,kana,muni,332160,33,0,0
ｻｸ,kana,muni,402281,40,0,0
ｻｸ,kana,muni,403423,40,0,0
ｻｹ,kana,muni,63665,6,0,0
ｻｺ,kana,muni,282162,28,0,0
ｻｺ,kana,muni,282251,28,0,0
ｻｻ,kana,muni,282219,28,0,0
ｻｻ,kana,muni,313645,31,0,0
ｻｻ,kana,muni,403423,40,0,0
ｻｻ,kana,muni,423912,42,0,0
ｻｼ,kana,muni,12220,1,0,0
ｻｼ,kana,muni,13617,1,0,0
ｻｼ,kana,muni,15148,1,0,0
ｻｼ,kana,muni,122351,12,0,0
ｻｼ,kana,muni,132039,13,0,0
ｻｼ,kana,muni,132187,13,0,0
ｻｼ,kana,muni,132233,13,0,0
ｻｼ,kana,muni,392057,39,0,0
ｻｼ,kana,muni,392090,39,0,0
ｻｼ,kana,muni,432121,43,0,0
ｻｼ,kana,muni,432156,43,0,0
ｻｼ,kana,muni,442119,44,0,0
ｻｼ,kana,muni,462241,46,0,0
ｻｾ,kana,muni,422029,42,0,0
ｻﾁ,kana,muni,185019,18,0,0
ｻﾁ,kana,muni,303615,30,0,0
ｻﾁ,kana,muni,313254,31,0,0
ｻﾁ,kana,muni,313645,31,0,0
ｻﾁ,kana,muni,393631,39,0,0
ｻﾁ,kana,muni,394017,39,0,0
ｻﾂ,name,muni,462209,46,0,0
ｻﾂ,name,muni,463922,46,0,0
ｻﾂ,kana,muni,16381,1,0,0
ｻﾂ,kana,muni,104264,10,0,0
ｻﾂ,kana,muni,252069,25,0,0
ｻﾂ,kana,muni,462152,46,0,0
ｻﾂ,kana,muni,462209,46,0,0
ｻﾂ,kana,muni,463922,46,0,0
ｻﾄ,kana,muni,15466,1,0,0
ｻﾄ,kana,muni,44229,4,0,0
ｻﾄ,kana,muni,45055,4,0,0
ｻﾄ,kana,muni,53465,5,0,0
ｻﾄ,kana,muni,54348,5,0,0
ｻﾄ,kana,muni,74471,7,0,0
ｻﾄ,kana,muni,83101,8,0,0
ｻﾄ,kana,muni,112372,11,0,0
ｻﾄ,kana,muni,113816,11,0,0
ｻﾄ,kana,muni,113859,11,0,0
ｻﾄ,kana,muni,122335,12,0,0
ｻﾄ,kana,muni,122394,12,0,0
ｻﾄ,kana,muni,152242,15,0,0
ｻﾄ,kana,muni,193461,19,0,0
ｻﾄ,kana,muni,254410,25,0,0
ｻﾄ,kana,muni,324485,32,0,0
ｻﾄ,kana,muni,334456,33,0,0
ｻﾄ,kana,muni,433489,43,0,0
ｻﾄ,kana,muni,454311,45,0,0
ｻﾅ,kana,muni,363219,36,0,0
ｻﾇ,name,muni,372064,37,0,0
ｻﾇ,kana,muni,372064,37,0,0
ｻﾉ,kana,muni,92045,9,0,0
ｻﾉ,kana,muni,264652,26,0,0
ｻﾉ,kana,muni,272132,27,0,0
ｻﾊ,kana,muni,182079,18,0,0
ｻﾊ,kana,muni,422045,42,0,0
ｻﾋ,kana,muni,12041,1,0,0
ｻﾋ,kana,muni,63231,6,0,0
ｻﾋ,kana,muni,122157,12,0,0
ｻﾋ,kana,muni,141127,14,0,1
ｻﾋ,kana,muni,163431,16,0,0
ｻﾋ,kana,muni,204510,20,0,0
ｻﾋ,kana,muni,232262,23,0,0
ｻﾋ,kana,muni,243434,24,0,0
ｻﾋ,kana,muni,271179,27,0,1
ｻﾌ,kana,muni,13633,1,0,0
ｻﾏ,kana,muni,16080,1,0,0
ｻﾏ,kana,muni,82163,8,0,0
ｻﾏ,kana,muni,213039,21,0,0
ｻﾏ,kana,muni,434442,43,0,0
ｻﾐ,name,muni,304069,30,0,0
ｻﾐ,kana,muni,304069,30,0,0
ｻﾐ,kana,muni,341053,34,0,1
ｻﾐ,kana,muni,423238,42,0,0
ｻﾑ,kana,muni,14648,1,0,0
ｻﾑ,kana,muni,143219,14,0,0
ｻﾒ,kana,muni,74845,7,0,0
ｻﾔ,kana,muni,112151,11,0,0
ｻﾔ,kana,muni,272311,27,0,0
ｻﾔ,kana,muni,282219,28,0,0
ｻﾔ,kana,muni,403482,40,0,0
ｻﾖ,kana,muni,285013,28,0,0
ｻﾗ,kana,muni,16390,1,0,0
ｻﾗ,kana,muni,122068,12,0,0
ｻﾙ,kana,muni,15113,1,0,0
ｻﾛ,kana,muni,15521,1,0,0
ｻﾜ,kana,muni,22071,2,0,0
ｻﾜ,kana,muni,23213,2,0,0
ｻﾜ,kana,muni,134210,13,0,0
ｻﾜ,kana,muni,142051,14,0,0
ｻﾜ,kana,muni,194298,19,0,0
ｻﾜ,kana,muni,401374,40,0,1
ｻﾝ,kana,muni,14851,1,0,0
ｻﾝ,kana,muni,24414,2,0,0
ｻﾝ,kana,muni,46060,4,0,0
ｻﾝ,kana,muni,122378,12,0,0
ｻﾝ,kana,muni,152048,15,0,0
ｻﾝ,kana,muni,172103,17,0,0
ｻﾝ,kana,muni,282197,28,0,0
ｻﾝ,kana,muni,293431,29,0,0
ｻﾝ,kana,muni,352161,35,0,0
ｻﾞ,kana,muni,12106,1,0,0
ｻﾞ,kana,muni,24252,2,0,0
ｻﾞ,kana,muni,32166,3,0,0
ｻﾞ,kana,muni,43010,4,0,0
ｻﾞ,kana,muni,52078,5,0,0
ｻﾞ,kana,muni,62022,6,0,0
ｻﾞ,kana,muni,62120,6,0,0
ｻﾞ,kana,muni,63673,6,0,0
ｻﾞ,kana,muni,64611,6,0,0
ｻﾞ,kana,muni,74641,7,0,0
ｻﾞ,kana,muni,93866,9,0,0
ｻﾞ,kana,muni,112089,11,0,0
ｻﾞ,kana,muni,112305,11,0,0
ｻﾞ,kana,muni,113425,11,0,0
ｻﾞ,kana,muni,122319,12,0,0
ｻﾞ,kana,muni,123421,12,0,0
ｻﾞ,kana,muni,124222,12,0,0
ｻﾞ,kana,muni,141089,14,0,1
ｻﾞ,kana,muni,142166,14,0,0
ｻﾞ,kana,muni,152056,15,0,0
ｻﾞ,kana,muni,154059,15,0,0
ｻﾞ,kana,muni,154610,15,0,0
ｻﾞ,kana,muni,172014,17,0,0
ｻﾞ,kana,muni,202070,20,0,0
ｻﾞ,kana,muni,203211,20,0,0
ｻﾞ,kana,muni,205630,20,0,0
ｻﾞ,kana,muni,222232,22,0,0
ｻﾞ,kana,muni,223051,22,0,0
ｻﾞ,kana,muni,232025,23,0,0
ｻﾞ,kana,muni,232203,23,0,0
ｻﾞ,kana,muni,263036,26,0,0
ｻﾞ,kana,muni,304247,30,0,0
ｻﾞ,kana,muni,402214,40,0,0
ｻﾞ,kana,muni,412104,41,0,0
ｻﾞ,kana,muni,423912,42,0,0
ｻﾞ,kana,pref,450006,45,0,0
ｻﾞ,kana,muni,452017,45,0,0
ｻﾞ,kana,muni,462047,46,0,0
ｻﾞ,kana,muni,473138,47,0,0
ｻﾞ,kana,muni,473545,47,0,0
ｼ市,name,muni,232360,23,0,0
ｼ町,name,muni,364894,36,0,0
ｼｬ,kana,muni,13471,1,0,0
ｼｬ,kana,muni,14052,1,0,0
ｼｬ,kana,muni,15458,1,0,0
ｼｬ,kana,muni,16993,1,0,0
ｼｭ,kana,muni,32158,3,0,0
ｼｭ,kana,muni,43028,4,0,0
ｼｭ,kana,muni,192139,19,0,0
ｼｭ,kana,muni,352152,35,0,0
ｼｭ,kana,muni,401005,40,1,0
ｼｭ,kana,muni,401013,40,0,1
ｼｭ,kana,muni,401030,40,0,1
ｼｭ,kana,muni,401056,40,0,1
ｼｭ,kana,muni,401064,40,0,1
ｼｭ,kana,muni,401072,40,0,1
ｼｭ,kana,muni,401081,40,0,1
ｼｭ,kana,muni,401099,40,0,1
ｼｭ,kana,muni,462233,46,0,0
ｼｮ,kana,muni,14851,1,0,0
ｼｮ,kana,muni,16471,1,0,0
ｼｮ,kana,muni,22055,2,0,0
ｼｮ,kana,muni,24112,2,0,0
ｼｮ,kana,muni,74462,7,0,0
ｼｮ,kana,muni,104485,10,0,0
ｼｮ,kana,muni,123498,12,0,0
ｼｮ,kana,muni,193844,19,0,0
ｼｮ,kana,muni,231070,23,0,1
ｼｮ,kana,muni,254258,25,0,0
ｼｮ,kana,muni,271080,27,0,1
ｼｮ,kana,muni,334456,33,0,0
ｼｮ,kana,muni,336220,33,0,0
ｼｮ,kana,muni,342106,34,0,0
ｼｮ,kana,muni,373222,37,0,0
ｼｮ,kana,muni,373249,37,0,0
ｼｱ,kana,muni,11088,1,0,1
ｼｱ,kana,muni,41017,4,0,1
ｼｱ,kana,muni,74055,7,0,0
ｼｱ,kana,muni,104299,10,0,0
ｼｱ,kana,muni,141127,14,0,1
ｼｱ,kana,muni,141178,14,0,1
ｼｱ,kana,muni,141372,14,0,1
ｼｱ,kana,muni,151050,15,0,1
ｼｱ,kana,muni,221015,22,0,1
ｼｱ,kana,muni,231096,23,0,1
ｼｱ,kana,muni,271179,27,0,1
ｼｱ,kana,muni,271195,27,0,1
ｼｱ,kana,muni,336432,33,0,0
ｼｱ,kana,muni,341053,34,0,1
ｼｱ,kana,muni,341061,34,0,1
ｼｱ,kana,muni,341070,34,0,1
ｼｲ,kana,muni,41050,4,0,1
ｼｲ,kana,muni,111104,11,0,1
ｼｲ,kana,muni,121037,12,0,1
ｼｲ,kana,muni,141071,14,0,1
ｼｲ,kana,muni,141160,14,0,1
ｼｲ,kana,muni,223018,22,0,0
ｼｲ,kana,muni,223069,22,0,0
ｼｲ,kana,muni,271161,27,0,1
ｼｲ,kana,muni,363413,36,0,0
ｼｲ,kana,muni,454303,45,0,0
ｼｳ,kana,muni,111074,11,0,1
ｼｳ,kana,muni,234427,23,0,0
ｼｳ,kana,muni,261084,26,0,1
ｼｵ,kana,muni,14877,1,0,0
ｼｵ,kana,muni,15628,1,0,0
ｼｵ,kana,muni,42030,4,0,0
ｼｵ,kana,muni,74021,7,0,0
ｼｵ,kana,muni,82058,8,0,0
ｼｵ,kana,muni,92134,9,0,0
ｼｵ,kana,muni,93840,9,0,0
ｼｵ,kana,muni,103454,10,0,0
ｼｵ,kana,muni,111031,11,0,1
ｼｵ,kana,muni,112348,11,0,0
ｼｵ,kana,muni,202151,20,0,0
ｼｵ,kana,muni,232131,23,0,0
ｼｵ,kana,muni,252131,25,0,0
ｼｵ,kana,muni,272272,27,0,0
ｼｵ,kana,muni,394289,39,0,0
ｼｶ,kana,muni,12351,1,0,0
ｼｶ,kana,muni,13439,1,0,0
ｼｶ,kana,muni,14532,1,0,0
ｼｶ,kana,muni,14583,1,0,0
ｼｶ,kana,muni,16349,1,0,0
ｼｶ,kana,muni,16659,1,0,0
ｼｶ,kana,muni,24465,2,0,0
ｼｶ,kana,muni,44440,4,0,0
ｼｶ,kana,muni,63223,6,0,0
ｼｶ,kana,muni,75019,7,0,0
ｼｶ,kana,muni,92029,9,0,0
ｼｶ,kana,muni,112224,11,0,0
ｼｶ,kana,muni,112437,11,0,0
ｼｶ,kana,muni,131229,13,0,0
ｼｶ,kana,muni,141020,14,0,1
ｼｶ,kana,muni,141089,14,0,1
ｼｶ,kana,muni,141313,14,0,1
ｼｶ,kana,muni,142174,14,0,0
ｼｶ,kana,muni,151084,15,0,1
ｼｶ,kana,pref,170003,17,0,0
ｼｶ,kana,muni,173843,17,0,0
ｼｶ,kana,muni,194239,19,0,0
ｼｶ,kana,muni,204170,20,0,0
ｼｶ,kana,pref,250007,25,0,0
ｼｶ,kana,muni,261025,26,0,1
ｼｶ,kana,muni,325058,32,0,0
ｼｶ,kana,muni,372072,37,0,0
ｼｶ,kana,muni,472077,47,0,0
ｼｷ,kana,muni,11029,1,0,1
ｼｷ,kana,muni,11100,1,0,1
ｼｷ,kana,muni,82295,8,0,0
ｼｷ,kana,muni,111023,11,0,1
ｼｷ,kana,muni,112283,11,0,0
ｼｷ,kana,muni,151017,15,0,1
ｼｷ,kana,muni,231037,23,0,1
ｼｷ,kana,muni,261017,26,0,1
ｼｷ,kana,muni,261114,26,0,1
ｼｷ,kana,muni,271276,27,0,1
ｼｷ,kana,muni,271462,27,0,1
ｼｷ,kana,muni,281093,28,0,1
ｼｷ,kana,muni,331015,33,0,1
ｼｷ,kana,muni,332020,33,0,0
ｼｷ,kana,muni,431052,43,0,1
ｼｷ,kana,muni,434434,43,0,0
ｼｷ,kana,muni,434825,43,0,0
ｼｷ,kana,muni,435015,43,0,0
ｼｷ,kana,muni,462195,46,0,0
ｼｷ,kana,muni,473537,47,0,0
ｼｸ,kana,muni,11037,1,0,1
ｼｸ,kana,muni,11045,1,0,1
ｼｸ,kana,muni,11070,1,0,1
ｼｸ,kana,muni,41033,4,0,1
ｼｸ,kana,muni,82198,8,0,0
ｼｸ,kana,muni,111015,11,0,1
ｼｸ,kana,muni,131199,13,0,0
ｼｸ,kana,muni,132225,13,0,0
ｼｸ,kana,muni,141038,14,0,1
ｼｸ,kana,muni,151025,15,0,1
ｼｸ,kana,muni,151076,15,0,1
ｼｸ,kana,muni,231029,23,0,1
ｼｸ,kana,muni,231045,23,0,1
ｼｸ,kana,muni,271063,27,0,1
ｼｸ,kana,muni,271209,27,0,1
ｼｸ,kana,muni,271217,27,0,1
ｼｸ,kana,muni,271438,27,0,1
ｼｸ,kana,muni,271446,27,0,1
ｼｸ,kana,muni,281115,28,0,1
ｼｸ,kana,muni,331031,33,0,1
ｼｸ,kana,muni,341029,34,0,1
ｼｸ,kana,muni,341045,34,0,1
ｼｸ,kana,muni,401081,40,0,1
ｼｸ,kana,muni,401099,40,0,1
ｼｸ,kana,muni,401315,40,0,1
ｼｸ,kana,muni,401358,40,0,1
ｼｸ,kana,muni,431028,43,0,1
ｼｸ,kana,muni,431036,43,0,1
ｼｸ,kana,muni,464821,46,0,0
ｼｹ,kana,muni,14818,1,0,0
ｼｹ,kana,pref,190004,19,0,0
ｼｹ,kana,muni,364011,36,0,0
ｼｺ,kana,muni,16951,1,0,0
ｼｺ,kana,muni,74616,7,0,0
ｼｺ,kana,muni,93424,9,0,0
ｼｺ,kana,muni,141097,14,0,1
ｼｺ,kana,muni,141119,14,0,1
ｼｺ,kana,muni,151041,15,0,1
ｼｺ,kana,muni,271047,27,0,1
ｼｺ,kana,muni,382132,38,0,0
ｼｺ,kana,muni,401064,40,0,1
ｼｺ,kana,muni,401072,40,0,1
ｼｻ,kana,muni,111066,11,0,1
ｼｻ,kana,muni,141151,14,0,1
ｼｻ,kana,muni,141321,14,0,1
ｼｻ,kana,muni,261033,26,0,1
ｼｻ,kana,muni,271411,27,0,1
ｼｻ,kana,muni,341088,34,0,1
ｼｻ,kana,muni,401374,40,0,1
ｼｼ,kana,muni,11045,1,0,1
ｼｼ,kana,muni,22047,2,0,0
ｼｼ,kana,muni,32115,3,0,0
ｼｼ,kana,muni,42064,4,0,0
ｼｼ,kana,muni,102016,10,0,0
ｼｼ,kana,muni,102075,10,0,0
ｼｼ,kana,muni,122025,12,0,0
ｼｼ,kana,muni,122041,12,0,0
ｼｼ,kana,muni,142085,14,0,0
ｼｼ,kana,muni,192058,19,0,0
ｼｼ,kana,muni,215074,21,0,0
ｼｼ,kana,muni,221031,22,0,1
ｼｼ,kana,muni,231070,23,0,1
ｼｼ,kana,muni,232017,23,0,0
ｼｼ,kana,muni,232360,23,0,0
ｼｼ,kana,muni,261068,26,0,1
ｼｼ,kana,muni,271187,27,0,1
ｼｼ,kana,muni,272141,27,0,0
ｼｼ,kana,muni,272256,27,0,0
ｼｼ,kana,muni,272299,27,0,0
ｼｼ,kana,muni,282031,28,0,0
ｼｼ,kana,muni,282171,28,0,0
ｼｼ,kana,muni,312037,31,0,0
ｼｼ,kana,muni,332097,33,0,0
ｼｼ,kana,muni,342092,34,0,0
ｼｼ,kana,muni,362085,36,0,0
ｼｼ,kana,muni,401366,40,0,1
ｼｼ,kana,muni,402133,40,0,0
ｼｼ,kana,muni,432032,43,0,0
ｼｼ,kana,muni,432164,43,0,0
ｼｼ,kana,muni,452050,45,0,0
ｼｼ,kana,muni,462217,46,0,0
ｼｽ,kana,muni,33014,3,0,0
ｼｽ,kana,muni,123226,12,0,0
ｼｽ,kana,pref,220001,22,0,0
ｼｽ,kana,muni,221007,22,1,0
ｼｽ,kana,muni,221015,22,0,1
ｼｽ,kana,muni,221023,22,0,1
ｼｽ,kana,muni,221031,22,0,1
ｼｽ,kana,muni,271209,27,0,1
ｼｽ,kana,muni,271217,27,0,1
ｼｽ,kana,muni,271250,27,0,1
ｼｽ,kana,muni,281077,28,0,1
ｼｾ,kana,muni,141143,14,0,1
ｼｿ,kana,muni,282278,28,0,0
ｼｿ,kana,muni,423211,42,0,0
ｼｿ,kana,muni,473031,47,0,0
ｼﾀ,kana,muni,41041,4,0,1
ｼﾀ,kana,muni,63410,6,0,0
ｼﾀ,kana,muni,141348,14,0,1
ｼﾀ,kana,muni,141356,14,0,1
ｼﾀ,kana,muni,192023,19,0,0
ｼﾀ,kana,muni,224243,22,0,0
ｼﾀ,kana,muni,235610,23,0,0
ｼﾀ,kana,muni,271080,27,0,1
ｼﾀ,kana,muni,281085,28,0,1
ｼﾁ,kana,muni,11011,1,0,1
ｼﾁ,kana,muni,13617,1,0,0
ｼﾁ,kana,muni,13943,1,0,0
ｼﾁ,kana,muni,14338,1,0,0
ｼﾁ,kana,muni,15148,1,0,0
ｼﾁ,kana,muni,16624,1,0,0
ｼﾁ,kana,muni,24023,2,0,0
ｼﾁ,kana,muni,33014,3,0,0
ｼﾁ,kana,muni,43028,4,0,0
ｼﾁ,kana,muni,44041,4,0,0
ｼﾁ,kana,muni,111058,11,0,1
ｼﾁ,kana,muni,113697,11,0,0
ｼﾁ,kana,muni,121011,12,0,1
ｼﾁ,kana,muni,141526,14,0,1
ｼﾁ,kana,muni,151033,15,0,1
ｼﾁ,kana,muni,221384,22,0,1
ｼﾁ,kana,muni,231011,23,0,1
ｼﾁ,kana,muni,271284,27,0,1
ｼﾁ,kana,muni,273813,27,0,0
ｼﾁ,kana,muni,281107,28,0,1
ｼﾁ,kana,muni,284645,28,0,0
ｼﾁ,kana,muni,293610,29,0,0
ｼﾁ,kana,muni,364894,36,0,0
ｼﾁ,kana,muni,401331,40,0,1
ｼﾁ,kana,muni,414255,41,0,0
ｼﾁ,kana,muni,431010,43,0,1
ｼﾂ,kana,muni,141011,14,0,1
ｼﾂ,kana,muni,141186,14,0,1
ｼﾂ,kana,muni,271241,27,0,1
ｼﾃ,kana,muni,11096,1,0,1
ｼﾃ,kana,muni,221406,22,0,1
ｼﾃ,kana,muni,231169,23,0,1
ｼﾃ,kana,muni,271098,27,0,1
ｼﾄ,kana,muni,11053,1,0,1
ｼﾄ,kana,muni,24244,2,0,0
ｼﾄ,kana,muni,132292,13,0,0
ｼﾄ,kana,muni,141101,14,0,1
ｼﾄ,kana,muni,401056,40,0,1
ｼﾄ,kana,muni,406422,40,0,0
ｼﾅ,kana,muni,12271,1,0,0
ｼﾅ,kana,muni,54640,5,0,0
ｼﾅ,kana,muni,104434,10,0,0
ｼﾅ,kana,muni,131091,13,0,0
ｼﾅ,kana,muni,141046,14,0,1
ｼﾅ,kana,muni,141330,14,0,1
ｼﾅ,kana,muni,203246,20,0,0
ｼﾅ,kana,muni,205834,20,0,0
ｼﾅ,kana,muni,231053,23,0,1
ｼﾅ,kana,muni,231061,23,0,1
ｼﾅ,kana,muni,231100,23,0,1
ｼﾅ,kana,muni,261041,26,0,1
ｼﾅ,kana,muni,261106,26,0,1
ｼﾅ,kana,muni,271110,27,0,1
ｼﾅ,kana,muni,271152,27,0,1
ｼﾅ,kana,muni,271225,27,0,1
ｼﾅ,kana,muni,271420,27,0,1
ｼﾅ,kana,muni,281018,28,0,1
ｼﾅ,kana,muni,281026,28,0,1
ｼﾅ,kana,muni,281069,28,0,1
ｼﾅ,kana,muni,331023,33,0,1
ｼﾅ,kana,muni,341011,34,0,1
ｼﾆ,kana,muni,11070,1,0,1
ｼﾆ,kana,muni,111015,11,0,1
ｼﾆ,kana,muni,141038,14,0,1
ｼﾆ,kana,muni,151076,15,0,1
ｼﾆ,kana,muni,151084,15,0,1
ｼﾆ,kana,muni,231045,23,0,1
ｼﾆ,kana,muni,261114,26,0,1
ｼﾆ,kana,muni,271063,27,0,1
ｼﾆ,kana,muni,271136,27,0,1
ｼﾆ,kana,muni,271225,27,0,1
ｼﾆ,kana,muni,271446,27,0,1
ｼﾆ,kana,muni,281115,28,0,1
ｼﾆ,kana,muni,341045,34,0,1
ｼﾆ,kana,muni,401358,40,0,1
ｼﾆ,kana,muni,431036,43,0,1
ｼﾈ,kana,muni,62111,6,0,0
ｼﾉ,kana,muni,13048,1,0,0
ｼﾉ,kana,muni,42021,4,0,0
ｼﾉ,kana,muni,122165,12,0,0
ｼﾉ,kana,muni,132039,13,0,0
ｼﾉ,kana,muni,194247,19,0,0
ｼﾉ,kana,muni,282049,28,0,0
ｼﾉ,kana,muni,294411,29,0,0
ｼﾉ,kana,muni,294535,29,0,0
ｼﾉ,kana,muni,325261,32,0,0
ｼﾉ,kana,muni,362051,36,0,0
ｼﾉ,kana,muni,402176,40,0,0
ｼﾉ,kana,muni,412091,41,0,0
ｼﾉ,kana,muni,413275,41,0,0
ｼﾉ,kana,muni,462136,46,0,0
ｼﾊ,kana,muni,43231,4,0,0
ｼﾊ,kana,muni,121029,12,0,1
ｼﾊ,kana,muni,124095,12,0,0
ｼﾊ,kana,muni,124109,12,0,0
ｼﾊ,kana,muni,152064,15,0,0
ｼﾊ,kana,muni,221392,22,0,1
ｼﾊ,kana,muni,292052,29,0,0
ｼﾊ,kana,muni,292109,29,0,0
ｼﾊ,kana,muni,401323,40,0,1
ｼﾊ,kana,muni,434329,43,0,0
ｼﾊ,kana,muni,473294,47,0,0
ｼﾋ,kana,muni,11037,1,0,1
ｼﾋ,kana,muni,151025,15,0,1
ｼﾋ,kana,muni,231029,23,0,1
ｼﾋ,kana,muni,261050,26,0,1
ｼﾋ,kana,muni,271144,27,0,1
ｼﾋ,kana,muni,271152,27,0,1
ｼﾋ,kana,muni,271217,27,0,1
ｼﾋ,kana,muni,271268,27,0,1
ｼﾋ,kana,muni,271438,27,0,1
ｼﾋ,kana,muni,281018,28,0,1
ｼﾋ,kana,muni,281051,28,0,1
ｼﾋ,kana,muni,331031,33,0,1
ｼﾋ,kana,muni,341029,34,0,1
ｼﾋ,kana,muni,342122,34,0,0
ｼﾋ,kana,muni,401315,40,0,1
ｼﾋ,kana,muni,431028,43,0,1
ｼﾌ,kana,muni,102083,10,0,0
ｼﾌ,kana,muni,131130,13,0,0
ｼﾌ,kana,muni,261092,26,0,1
ｼﾌ,kana,muni,271039,27,0,1
ｼﾌ,kana,muni,462217,46,0,0
ｼﾍ,kana,muni,12165,1,0,0
ｼﾍ,kana,muni,12203,1,0,0
ｼﾍ,kana,muni,16641,1,0,0
ｼﾍ,kana,muni,16926,1,0,0
ｼﾍ,kana,muni,16934,1,0,0
ｼﾍ,kana,muni,17001,1,0,0
ｼﾎ,kana,muni,16322,1,0,0
ｼﾎ,kana,muni,16331,1,0,0
ｼﾎ,kana,muni,141062,14,0,1
ｼﾏ,kana,muni,12343,1,0,0
ｼﾏ,kana,muni,13323,1,0,0
ｼﾏ,kana,muni,13919,1,0,0
ｼﾏ,kana,muni,42145,4,0,0
ｼﾏ,kana,muni,44016,4,0,0
ｼﾏ,kana,muni,63827,6,0,0
ｼﾏ,kana,pref,70009,7,0,0
ｼﾏ,kana,muni,72010,7,0,0
ｼﾏ,kana,muni,73423,7,0,0
ｼﾏ,kana,muni,74446,7,0,0
ｼﾏ,kana,muni,82228,8,0,0
ｼﾏ,kana,muni,112127,11,0,0
ｼﾏ,kana,muni,112411,11,0,0
ｼﾏ,kana,muni,113247,11,0,0
ｼﾏ,kana,muni,114651,11,0,0
ｼﾏ,kana,muni,131164,13,0,0
ｼﾏ,kana,muni,132071,13,0,0
ｼﾏ,kana,muni,133612,13,0,0
ｼﾏ,kana,muni,133621,13,0,0
ｼﾏ,kana,muni,133647,13,0,0
ｼﾏ,kana,muni,134023,13,0,0
ｼﾏ,kana,muni,155861,15,0,0
ｼﾏ,kana,muni,212091,21,0,0
ｼﾏ,kana,muni,222062,22,0,0
ｼﾏ,kana,muni,222097,22,0,0
ｼﾏ,kana,muni,232084,23,0,0
ｼﾏ,kana,muni,234273,23,0,0
ｼﾏ,kana,muni,242152,24,0,0
ｼﾏ,kana,muni,252123,25,0,0
ｼﾏ,kana,muni,271039,27,0,1
ｼﾏ,kana,muni,273015,27,0,0
ｼﾏ,kana,pref,320005,32,0,0
ｼﾏ,kana,muni,325261,32,0,0
ｼﾏ,kana,muni,325287,32,0,0
ｼﾏ,kana,muni,334235,33,0,0
ｼﾏ,kana,pref,340006,34,0,0
ｼﾏ,kana,muni,341002,34,1,0
ｼﾏ,kana,muni,341011,34,0,1
ｼﾏ,kana,muni,341029,34,0,1
ｼﾏ,kana,muni,341037,34,0,1
ｼﾏ,kana,muni,341045,34,0,1
ｼﾏ,kana,muni,341053,34,0,1
ｼﾏ,kana,muni,341061,34,0,1
ｼﾏ,kana,muni,341070,34,0,1
ｼﾏ,kana,muni,341088,34,0,1
ｼﾏ,kana,muni,342122,34,0,0
ｼﾏ,kana,muni,343692,34,0,0
ｼﾏ,kana,muni,353051,35,0,0
ｼﾏ,kana,pref,360007,36,0,0
ｼﾏ,kana,muni,362018,36,0,0
ｼﾏ,kana,muni,362034,36,0,0
ｼﾏ,kana,muni,373249,37,0,0
ｼﾏ,kana,muni,373648,37,0,0
ｼﾏ,kana,muni,392103,39,0,0
ｼﾏ,kana,muni,394122,39,0,0
ｼﾏ,kana,muni,402303,40,0,0
ｼﾏ,kana,muni,412074,41,0,0
ｼﾏ,kana,muni,422037,42,0,0
ｼﾏ,kana,muni,422096,42,0,0
ｼﾏ,kana,muni,422142,42,0,0
ｼﾏ,kana,muni,434426,43,0,0
ｼﾏ,kana,muni,443221,44,0,0
ｼﾏ,kana,muni,452076,45,0,0
ｼﾏ,kana,pref,460001,46,0,0
ｼﾏ,kana,muni,462012,46,0,0
ｼﾏ,kana,muni,462187,46,0,0
ｼﾏ,kana,muni,463035,46,0,0
ｼﾏ,kana,muni,463043,46,0,0
ｼﾏ,kana,muni,464040,46,0,0
ｼﾏ,kana,muni,465054,46,0,0
ｼﾏ,kana,muni,465305,46,0,0
ｼﾐ,kana,muni,11061,1,0,1
ｼﾐ,kana,muni,15474,1,0,0
ｼﾐ,kana,muni,16365,1,0,0
ｼﾐ,kana,muni,41025,4,0,1
ｼﾐ,kana,muni,111040,11,0,1
ｼﾐ,kana,muni,111082,11,0,1
ｼﾐ,kana,muni,111091,11,0,1
ｼﾐ,kana,muni,113476,11,0,0
ｼﾐ,kana,muni,121053,12,0,1
ｼﾐ,kana,muni,121061,12,0,1
ｼﾐ,kana,muni,141054,14,0,1
ｼﾐ,kana,muni,141135,14,0,1
ｼﾐ,kana,muni,141364,14,0,1
ｼﾐ,kana,muni,141518,14,0,1
ｼﾐ,kana,muni,141534,14,0,1
ｼﾐ,kana,muni,151068,15,0,1
ｼﾐ,kana,muni,173860,17,0,0
ｼﾐ,kana,muni,221031,22,0,1
ｼﾐ,kana,muni,223417,22,0,0
ｼﾐ,kana,muni,231088,23,0,1
ｼﾐ,kana,muni,231118,23,0,1
ｼﾐ,kana,muni,231126,23,0,1
ｼﾐ,kana,muni,231142,23,0,1
ｼﾐ,kana,muni,261076,26,0,1
ｼﾐ,kana,muni,261092,26,0,1
ｼﾐ,kana,muni,271021,27,0,1
ｼﾐ,kana,muni,271071,27,0,1
ｼﾐ,kana,muni,271454,27,0,1
ｼﾐ,kana,muni,271471,27,0,1
ｼﾐ,kana,muni,331040,33,0,1
ｼﾐ,kana,muni,341037,34,0,1
ｼﾐ,kana,muni,364894,36,0,0
ｼﾐ,kana,muni,392090,39,0,0
ｼﾐ,kana,muni,401340,40,0,1
ｼﾐ,kana,muni,431044,43,0,1
ｼﾑ,kana,muni,14630,1,0,0
ｼﾑ,kana,muni,132136,13,0,0
ｼﾑ,kana,muni,132233,13,0,0
ｼﾑ,kana,muni,163210,16,0,0
ｼﾑ,kana,muni,194221,19,0,0
ｼﾒ,kana,muni,23434,2,0,0
ｼﾒ,kana,muni,231151,23,0,1
ｼﾒ,kana,muni,403431,40,0,0
ｼﾒ,kana,muni,454036,45,0,0
ｼﾓ,kana,muni,14681,1,0,0
ｼﾓ,kana,muni,73628,7,0,0
ｼﾓ,kana,muni,82104,8,0,0
ｼﾓ,kana,muni,92169,9,0,0
ｼﾓ,kana,muni,103829,10,0,0
ｼﾓ,kana,muni,203611,20,0,0
ｼﾓ,kana,muni,204111,20,0,0
ｼﾓ,kana,muni,222194,22,0,0
ｼﾓ,kana,muni,231134,23,0,1
ｼﾓ,kana,muni,261068,26,0,1
ｼﾓ,kana,muni,294438,29,0,0
ｼﾓ,kana,muni,294501,29,0,0
ｼﾓ,kana,muni,302031,30,0,0
ｼﾓ,kana,muni,304280,30,0,0
ｼﾓ,kana,muni,352012,35,0,0
ｼﾓ,kana,muni,401013,40,0,1
ｼﾔ,kana,muni,132209,13,0,0
ｼﾔ,kana,muni,261050,26,0,1
ｼﾔ,kana,muni,261106,26,0,1
ｼﾔ,kana,muni,282065,28,0,0
ｼﾔ,kana,muni,401081,40,0,1
ｼﾔ,kana,muni,401099,40,0,1
ｼﾔ,kana,muni,403814,40,0,0
ｼﾖ,kana,muni,64289,6,0,0
ｼﾖ,kana,muni,271136,27,0,1
ｼﾖ,kana,muni,271144,27,0,1
ｼﾖ,kana,muni,271233,27,0,1
ｼﾖ,kana,muni,294535,29,0,0
ｼﾗ,kana,muni,15784,1,0,0
ｼﾗ,kana,muni,16683,1,0,0
ｼﾗ,kana,muni,64025,6,0,0
ｼﾗ,kana,muni,72052,7,0,0
ｼﾗ,kana,muni,112461,11,0,0
ｼﾗ,kana,muni,122394,12,0,0
ｼﾗ,kana,muni,124249,12,0,0
ｼﾗ,kana,muni,215066,21,0,0
ｼﾗ,kana,muni,215074,21,0,0
ｼﾗ,kana,muni,216046,21,0,0
ｼﾗ,kana,muni,304018,30,0,0
ｼﾗ,kana,muni,464821,46,0,0
ｼﾘ,kana,muni,12114,1,0,0
ｼﾘ,kana,muni,13331,1,0,0
ｼﾘ,kana,muni,13676,1,0,0
ｼﾘ,kana,muni,15181,1,0,0
ｼﾘ,kana,muni,15199,1,0,0
ｼﾛ,kana,muni,11045,1,0,1
ｼﾛ,kana,muni,12068,1,0,0
ｼﾛ,kana,muni,16616,1,0,0
ｼﾛ,kana,muni,42064,4,0,0
ｼﾛ,kana,muni,52027,5,0,0
ｼﾛ,kana,muni,74080,7,0,0
ｼﾛ,kana,muni,83101,8,0,0
ｼﾛ,kana,muni,114421,11,0,0
ｼﾛ,kana,muni,122327,12,0,0
ｼﾛ,kana,muni,232211,23,0,0
ｼﾛ,kana,muni,263672,26,0,0
ｼﾛ,kana,muni,414255,41,0,0
ｼﾛ,kana,muni,432024,43,0,0
ｼﾜ,kana,muni,33219,3,0,0
ｼﾜ,kana,muni,33669,3,0,0
ｼﾜ,kana,muni,41033,4,0,1
ｼﾜ,kana,muni,121045,12,0,1
ｼﾜ,kana,muni,122173,12,0,0
ｼﾜ,kana,muni,152056,15,0,0
ｼﾜ,kana,muni,272027,27,0,0
ｼﾜ,kana,muni,272213,27,0,0
ｼﾜ,kana,muni,282138,28,0,0
ｼﾜ,kana,muni,401030,40,0,1
ｼﾝ,kana,muni,13048,1,0,0
ｼﾝ,kana,muni,14320,1,0,0
ｼﾝ,kana,muni,16101,1,0,0
ｼﾝ,kana,muni,16357,1,0,0
ｼﾝ,kana,muni,24503,2,0,0
ｼﾝ,kana,muni,62057,6,0,0
ｼﾝ,kana,muni,75612,7,0,0
ｼﾝ,kana,muni,103446,10,0,0
ｼﾝ,kana,muni,131041,13,0,0
ｼﾝ,kana,muni,232211,23,0,0
ｼﾝ,kana,muni,232301,23,0,0
ｼﾝ,kana,muni,285862,28,0,0
ｼﾝ,kana,muni,302074,30,0,0
ｼﾝ,kana,muni,335860,33,0,0
ｼﾝ,kana,muni,403458,40,0,0
ｼﾝ,kana,muni,424111,42,0,0
ｼﾝ,kana,muni,454028,45,0,0
ｼﾞ,name,muni,112453,11,0,0
ｼﾞ,name,muni,282243,28,0,0
ｼﾞ,kana,muni,15199,1,0,0
ｼﾞ,kana,muni,23213,2,0,0
ｼﾞ,kana,muni,23612,2,0,0
ｼﾞ,kana,muni,24015,2,0,0
ｼﾞ,kana,muni,32077,3,0,0
ｼﾞ,kana,muni,42099,4,0,0
ｼﾞ,kana,muni,52108,5,0,0
ｼﾞ,kana,muni,53465,5,0,0
ｼﾞ,kana,muni,53619,5,0,0
ｼﾞ,kana,muni,62057,6,0,0
ｼﾞ,kana,muni,74659,7,0,0
ｼﾞ,kana,muni,82112,8,0,0
ｼﾞ,kana,muni,102091,10,0,0
ｼﾞ,kana,muni,104213,10,0,0
ｼﾞ,kana,muni,112119,11,0,0
ｼﾞ,kana,muni,112356,11,0,0
ｼﾞ,kana,muni,112453,11,0,0
ｼﾞ,kana,muni,113468,11,0,0
ｼﾞ,kana,muni,124036,12,0,0
ｼﾞ,kana,muni,124435,12,0,0
ｼﾞ,kana,muni,131041,13,0,0
ｼﾞ,kana,muni,132012,13,0,0
ｼﾞ,kana,muni,132144,13,0,0
ｼﾞ,kana,muni,133639,13,0,0
ｼﾞ,kana,muni,133825,13,0,0
ｼﾞ,kana,muni,134015,13,0,0
ｼﾞ,kana,muni,142051,14,0,0
ｼﾞ,kana,muni,152048,15,0,0
ｼﾞ,kana,muni,152226,15,0,0
ｼﾞ,kana,muni,172049,17,0,0
ｼﾞ,kana,muni,183229,18,0,0
ｼﾞ,kana,muni,192023,19,0,0
ｼﾞ,kana,muni,193682,19,0,0
ｼﾞ,kana,muni,194301,19,0,0
ｼﾞ,kana,muni,202151,20,0,0
ｼﾞ,kana,muni,203629,20,0,0
ｼﾞ,kana,muni,203840,20,0,0
ｼﾞ,kana,muni,204111,20,0,0
ｼﾞ,kana,muni,205621,20,0,0
ｼﾞ,kana,muni,212041,21,0,0
ｼﾞ,kana,muni,212199,21,0,0
ｼﾞ,kana,muni,222071,22,0,0
ｼﾞ,kana,muni,222101,22,0,0
ｼﾞ,kana,muni,222143,22,0,0
ｼﾞ,kana,muni,232122,23,0,0
ｼﾞ,kana,muni,262048,26,0,0
ｼﾞ,kana,muni,262072,26,0,0
ｼﾞ,kana,muni,263443,26,0,0
ｼﾞ,kana,muni,271021,27,0,1
ｼﾞ,kana,muni,271098,27,0,1
ｼﾞ,kana,muni,271187,27,0,1
ｼﾞ,kana,muni,272264,27,0,0
ｼﾞ,kana,muni,272299,27,0,0
ｼﾞ,kana,muni,273627,27,0,0
ｼﾞ,kana,muni,282014,28,0,0
ｼﾞ,kana,muni,282243,28,0,0
ｼﾞ,kana,muni,282260,28,0,0
ｼﾞ,kana,muni,292079,29,0,0
ｼﾞ,kana,muni,294250,29,0,0
ｼﾞ,kana,muni,304221,30,0,0
ｼﾞ,kana,muni,332089,33,0,0
ｼﾞ,kana,muni,335860,33,0,0
ｼﾞ,kana,muni,342157,34,0,0
ｼﾞ,kana,muni,344311,34,0,0
ｼﾞ,kana,muni,345458,34,0,0
ｼﾞ,kana,muni,364029,36,0,0
ｼﾞ,kana,muni,372048,37,0,0
ｼﾞ,kana,muni,372056,37,0,0
ｼﾞ,kana,muni,382035,38,0,0
ｼﾞ,kana,muni,382060,38,0,0
ｼﾞ,kana,muni,383562,38,0,0
ｼﾞ,kana,muni,393061,39,0,0
ｼﾞ,kana,muni,401013,40,0,1
ｼﾞ,kana,muni,401366,40,0,1
ｼﾞ,kana,muni,402192,40,0,0
ｼﾞ,kana,muni,406473,40,0,0
ｼﾞ,kana,muni,443417,44,0,0
ｼﾞ,kana,muni,452025,45,0,0
ｼﾞ,kana,muni,454044,45,0,0
ｼﾞ,kana,muni,472140,47,0,0
ｼﾞ,kana,muni,472158,47,0,0
ｼﾞ,kana,muni,473065,47,0,0
ｼﾞ,kana,muni,473618,47,0,0
ｽ市,name,muni,192082,19,0,0
ｽｯ,kana,muni,13927,1,0,0
ｽｲ,kana,muni,123226,12,0,0
ｽｲ,kana,muni,272051,27,0,0
ｽｲ,kana,muni,464520,46,0,0
ｽｴ,kana,muni,403440,40,0,0
ｽｵ,kana,muni,204145,20,0,0
ｽｵ,kana,muni,353051,35,0,0
ｽｶ,kana,muni,72079,7,0,0
ｽｶ,kana,muni,92151,9,0,0
ｽｶ,kana,muni,112143,11,0,0
ｽｶ,kana,muni,142018,14,0,0
ｽｶ,kana,muni,232068,23,0,0
ｽｶ,kana,muni,294021,29,0,0
ｽｶ,kana,muni,402184,40,0,0
ｽｷ,kana,muni,114642,11,0,0
ｽｷ,kana,muni,131156,13,0,0
ｽｷ,kana,muni,322067,32,0,0
ｽｷ,kana,muni,442062,44,0,0
ｽｷ,kana,muni,462101,46,0,0
ｽｸ,kana,muni,392081,39,0,0
ｽｸ,kana,muni,472123,47,0,0
ｽｸ,kana,muni,473278,47,0,0
ｽｸ,kana,muni,473286,47,0,0
ｽｹ,kana,muni,194425,19,0,0
ｽｻ,name,muni,304069,30,0,0
ｽｻ,kana,muni,202070,20,0,0
ｽｻ,kana,muni,304069,30,0,0
ｽｻ,kana,muni,392065,39,0,0
ｽｼ,kana,muni,82325,8,0,0
ｽｼ,kana,muni,92134,9,0,0
ｽｼ,kana,muni,112178,11,0,0
ｽｼ,kana,muni,122271,12,0,0
ｽｼ,kana,muni,192082,19,0,0
ｽｼ,kana,muni,212181,21,0,0
ｽｼ,kana,muni,232335,23,0,0
ｽｼ,kana,muni,252107,25,0,0
ｽｼ,kana,muni,412031,41,0,0
ｽｽ,kana,muni,172057,17,0,0
ｽｽ,kana,muni,242071,24,0,0
ｽｿ,kana,muni,222208,22,0,0
ｽﾀ,kana,muni,112381,11,0,0
ｽﾀ,kana,muni,322041,32,0,0
ｽﾀ,kana,muni,393045,39,0,0
ｽﾁ,kana,muni,14311,1,0,0
ｽﾁ,kana,muni,14524,1,0,0
ｽﾁ,kana,muni,16942,1,0,0
ｽﾂ,kana,muni,13978,1,0,0
ｽﾅ,kana,muni,12262,1,0,0
ｽﾅ,kana,muni,14257,1,0,0
ｽﾊ,kana,muni,394050,39,0,0
ｽﾏ,kana,muni,94072,9,0,0
ｽﾏ,kana,muni,281077,28,0,1
ｽﾏ,kana,muni,433683,43,0,0
ｽﾏ,kana,muni,444626,44,0,0
ｽﾐ,name,muni,82309,8,0,0
ｽﾐ,name,muni,122386,12,0,0
ｽﾐ,kana,muni,34410,3,0,0
ｽﾐ,kana,muni,82309,8,0,0
ｽﾐ,kana,muni,122386,12,0,0
ｽﾐ,kana,muni,131075,13,0,0
ｽﾐ,kana,muni,271209,27,0,1
ｽﾐ,kana,muni,271217,27,0,1
ｽﾐ,kana,muni,271250,27,0,1
ｽﾐ,kana,muni,464911,46,0,0
ｽﾓ,kana,muni,282057,28,0,0
ｽﾔ,kana,muni,92151,9,0,0
ｽﾔ,kana,muni,403491,40,0,0
ｽﾙ,kana,muni,221023,22,0,1
ｽﾜ,kana,muni,202061,20,0,0
ｽﾜ,kana,muni,203611,20,0,0
ｽﾞ,kana,muni,15474,1,0,0
ｽﾞ,kana,muni,16365,1,0,0
ｽﾞ,kana,muni,33014,3,0,0
ｽﾞ,kana,muni,33022,3,0,0
ｽﾞ,kana,muni,34029,3,0,0
ｽﾞ,kana,muni,34835,3,0,0
ｽﾞ,kana,muni,41050,4,0,1
ｽﾞ,kana,muni,74641,7,0,0
ｽﾞ,kana,muni,105244,10,0,0
ｽﾞ,kana,muni,133035,13,0,0
ｽﾞ,kana,muni,141160,14,0,1
ｽﾞ,kana,muni,142085,14,0,0
ｽﾞ,kana,muni,154059,15,0,0
ｽﾞ,kana,muni,162116,16,0,0
ｽﾞ,kana,muni,172057,17,0,0
ｽﾞ,kana,muni,173860,17,0,0
ｽﾞ,kana,muni,174611,17,0,0
ｽﾞ,kana,muni,212083,21,0,0
ｽﾞ,kana,muni,212164,21,0,0
ｽﾞ,kana,pref,220001,22,0,0
ｽﾞ,kana,muni,221007,22,1,0
ｽﾞ,kana,muni,221015,22,0,1
ｽﾞ,kana,muni,221023,22,0,1
ｽﾞ,kana,muni,221031,22,0,1
ｽﾞ,kana,muni,222224,22,0,0
ｽﾞ,kana,muni,222259,22,0,0
ｽﾞ,kana,muni,223018,22,0,0
ｽﾞ,kana,muni,223042,22,0,0
ｽﾞ,kana,muni,223069,22,0,0
ｽﾞ,kana,muni,223417,22,0,0
ｽﾞ,kana,muni,223425,22,0,0
ｽﾞ,kana,muni,231088,23,0,1
ｽﾞ,kana,muni,242071,24,0,0
ｽﾞ,kana,muni,272060,27,0,0
ｽﾞ,kana,muni,272132,27,0,0
ｽﾞ,kana,muni,272191,27,0,0
ｽﾞ,kana,muni,313297,31,0,0
ｽﾞ,kana,muni,322032,32,0,0
ｽﾞ,kana,muni,323438,32,0,0
ｽﾞ,kana,muni,364037,36,0,0
ｽﾞ,kana,muni,382078,38,0,0
ｽﾞ,kana,muni,392090,39,0,0
ｽﾞ,kana,muni,403822,40,0,0
ｽﾞ,kana,muni,435074,43,0,0
ｽﾞ,kana,muni,462080,46,0,0
ｽﾞ,kana,muni,462144,46,0,0
ｾ町,name,muni,24121,2,0,0
ｾｯ,kana,muni,272248,27,0,0
ｾｲ,kana,muni,82279,8,0,0
ｾｲ,kana,muni,124231,12,0,0
ｾｲ,kana,muni,143669,14,0,0
ｾｲ,kana,muni,153079,15,0,0
ｾｲ,kana,muni,263664,26,0,0
ｾｲ,kana,muni,382141,38,0,0
ｾｲ,kana,muni,393070,39,0,0
ｾｳ,kana,muni,14338,1,0,0
ｾｶ,kana,muni,294471,29,0,0
ｾｷ,kana,muni,32093,3,0,0
ｾｷ,kana,muni,155811,15,0,0
ｾｷ,kana,muni,212059,21,0,0
ｾｷ,kana,muni,213624,21,0,0
ｾｷ,kana,muni,345458,34,0,0
ｾｷ,kana,muni,352012,35,0,0
ｾｷ,kana,muni,353418,35,0,0
ｾｺ,name,muni,13951,1,0,0
ｾｺ,kana,muni,13951,1,0,0
ｾｻ,kana,muni,102041,10,0,0
ｾｼ,kana,muni,12246,1,0,0
ｾｼ,kana,muni,132217,13,0,0
ｾｼ,kana,muni,142182,14,0,0
ｾｼ,kana,muni,242039,24,0,0
ｾｼ,kana,muni,242098,24,0,0
ｾｼ,kana,muni,292087,29,0,0
ｾﾀ,name,muni,13714,1,0,0
ｾﾀ,kana,muni,13714,1,0,0
ｾﾀ,kana,muni,131121,13,0,0
ｾﾁ,kana,muni,24121,2,0,0
ｾﾁ,kana,muni,244724,24,0,0
ｾﾁ,kana,muni,273228,27,0,0
ｾﾁ,kana,muni,353434,35,0,0
ｾﾁ,kana,muni,454435,45,0,0
ｾﾁ,kana,muni,473626,47,0,0
ｾﾄ,kana,muni,232041,23,0,0
ｾﾄ,kana,muni,332127,33,0,0
ｾﾄ,kana,muni,465259,46,0,0
ｾﾊ,kana,muni,142140,14,0,0
ｾﾎ,kana,muni,422029,42,0,0
ｾﾏ,kana,muni,113271,11,0,0
ｾﾏ,kana,muni,205419,20,0,0
ｾﾑ,kana,muni,54640,5,0,0
ｾﾔ,kana,muni,141143,14,0,1
ｾﾗ,kana,muni,344621,34,0,0
ｾﾝ,kana,muni,41009,4,1,0
ｾﾝ,kana,muni,41017,4,0,1
ｾﾝ,kana,muni,41025,4,0,1
ｾﾝ,kana,muni,41033,4,0,1
ｾﾝ,kana,muni,41041,4,0,1
ｾﾝ,kana,muni,41050,4,0,1
ｾﾝ,kana,muni,42056,4,0,0
ｾﾝ,kana,muni,52124,5,0,0
ｾﾝ,kana,muni,52159,5,0,0
ｾﾝ,kana,muni,152188,15,0,0
ｾﾝ,kana,muni,205630,20,0,0
ｾﾝ,kana,muni,272281,27,0,0
ｾﾝ,kana,muni,285862,28,0,0
ｾﾝ,kana,muni,313866,31,0,0
ｾﾝ,kana,muni,404217,40,0,0
ｾﾝ,kana,muni,462152,46,0,0
ｾﾝ,kana,muni,465321,46,0,0
ｾﾞ,kana,muni,32107,3,0,0
ｾﾞ,kana,muni,113611,11,0,0
ｾﾞ,kana,muni,163422,16,0,0
ｾﾞ,kana,muni,182095,18,0,0
ｾﾞ,kana,muni,184047,18,0,0
ｾﾞ,kana,muni,184233,18,0,0
ｾﾞ,kana,muni,332119,33,0,0
ｾﾞ,kana,muni,372048,37,0,0
ｾﾞ,kana,muni,402141,40,0,0
ｾﾞ,kana,muni,404471,40,0,0
ｾﾞ,kana,muni,422134,42,0,0
ｾﾞ,kana,muni,473600,47,0,0
ｿｳ,kana,muni,15750,1,0,0
ｿｳ,kana,muni,72095,7,0,0
ｿｳ,kana,muni,72125,7,0,0
ｿｳ,kana,muni,82112,8,0,0
ｿｳ,kana,muni,112216,11,0,0
ｿｳ,kana,muni,122343,12,0,0
ｿｳ,kana,muni,122351,12,0,0
ｿｳ,kana,muni,215040,21,0,0
ｿｳ,kana,muni,233625,23,0,0
ｿｳ,kana,muni,282278,28,0,0
ｿｳ,kana,muni,332089,33,0,0
ｿｴ,kana,muni,406023,40,0,0
ｿｴ,kana,muni,472085,47,0,0
ｿｵ,kana,muni,462179,46,0,0
ｿｺ,kana,muni,141071,14,0,1
ｿｻ,kana,muni,243035,24,0,0
ｿｼ,kana,muni,432148,43,0,0
ｿﾃ,kana,muni,122297,12,0,0
ｿﾄ,kana,muni,23078,2,0,0
ｿﾆ,kana,muni,293857,29,0,0
ｿﾉ,kana,muni,222208,22,0,0
ｿﾉ,kana,muni,423211,42,0,0
ｿﾏ,kana,muni,143413,14,0,0
ｿﾏ,kana,muni,204234,20,0,0
ｿﾏ,kana,muni,204323,20,0,0
ｿﾑ,kana,muni,204251,20,0,0
ｿﾑ,kana,muni,434337,43,0,0
ｿﾝ,kana,muni,313840,31,0,0
ｿﾝ,kana,muni,335860,33,0,0
ｿﾝ,kana,muni,336432,33,0,0
ｿﾝ,kana,muni,363219,36,0,0
ｿﾝ,kana,muni,454036,45,0,0
ｿﾝ,kana,muni,454290,45,0,0
ｿﾝ,kana,muni,454303,45,0,0
ｿﾝ,kana,muni,465232,46,0,0
ｿﾝ,kana,muni,465241,46,0,0
ｿﾝ,kana,muni,473014,47,0,0
ｿﾝ,kana,muni,473022,47,0,0
ｿﾝ,kana,muni,473031,47,0,0
ｿﾝ,kana,muni,473065,47,0,0
ｿﾝ,kana,muni,473111,47,0,0
ｿﾝ,kana,muni,473138,47,0,0
ｿﾝ,kana,muni,473154,47,0,0
ｿﾝ,kana,muni,473243,47,0,0
ｿﾝ,kana,muni,473278,47,0,0
ｿﾝ,kana,muni,473286,47,0,0
ｿﾝ,kana,muni,473537,47,0,0
ｿﾝ,kana,muni,473545,47,0,0
ｿﾝ,kana,muni,473553,47,0,0
ｿﾝ,kana,muni,473561,47,0,0
ｿﾝ,kana,muni,473570,47,0,0
ｿﾝ,kana,muni,473588,47,0,0
ｿﾝ,kana,muni,473596,47,0,0
ｿﾝ,kana,muni,473600,47,0,0
ｿﾝ,kana,muni,473758,47,0,0
ｿﾞ,kana,muni,15644,1,0,0
ｿﾞ,kana,muni,112101,11,0,0
ｿﾞ,kana,muni,293229,29,0,0
ﾀｯ,kana,muni,24431,2,0,0
ﾀｱ,kana,muni,52132,5,0,0
ﾀｱ,kana,muni,203076,20,0,0
ﾀｲ,kana,muni,16411,1,0,0
ﾀｲ,kana,muni,32140,3,0,0
ﾀｲ,kana,muni,41041,4,0,1
ﾀｲ,kana,muni,44211,4,0,0
ﾀｲ,kana,muni,82155,8,0,0
ﾀｲ,kana,muni,131067,13,0,0
ﾀｲ,kana,muni,152277,15,0,0
ﾀｲ,kana,muni,244716,24,0,0
ﾀｲ,kana,muni,271080,27,0,1
ﾀｲ,kana,muni,273813,27,0,0
ﾀｲ,kana,muni,284645,28,0,0
ﾀｲ,kana,muni,304221,30,0,0
ﾀｶ,kana,muni,14524,1,0,0
ﾀｶ,kana,muni,32069,3,0,0
ﾀｶ,kana,muni,32107,3,0,0
ﾀｶ,kana,muni,42099,4,0,0
ﾀｶ,kana,muni,52116,5,0,0
ﾀｶ,kana,muni,63819,6,0,0
ﾀｶ,kana,muni,64025,6,0,0
ﾀｶ,kana,muni,72087,7,0,0
ﾀｶ,kana,muni,82147,8,0,0
ﾀｶ,kana,muni,93866,9,0,0
ﾀｶ,kana,muni,102024,10,0,0
ﾀｶ,kana,muni,104281,10,0,0
ﾀｶ,kana,muni,131121,13,0,0
ﾀｶ,kana,muni,132047,13,0,0
ﾀｶ,kana,muni,141348,14,0,1
ﾀｶ,kana,muni,153613,15,0,0
ﾀｶ,kana,muni,162027,16,0,0
ﾀｶ,kana,muni,184811,18,0,0
ﾀｶ,kana,muni,204030,20,0,0
ﾀｶ,kana,muni,204153,20,0,0
ﾀｶ,kana,muni,205435,20,0,0
ﾀｶ,kana,muni,212032,21,0,0
ﾀｶ,kana,muni,214213,21,0,0
ﾀｶ,kana,muni,232271,23,0,0
ﾀｶ,kana,muni,252123,25,0,0
ﾀｶ,kana,muni,254436,25,0,0
ﾀｶ,kana,muni,272078,27,0,0
ﾀｶ,kana,muni,272256,27,0,0
ﾀｶ,kana,muni,282146,28,0,0
ﾀｶ,kana,muni,282162,28,0,0
ﾀｶ,kana,muni,283657,28,0,0
ﾀｶ,kana,muni,292028,29,0,0
ﾀｶ,kana,muni,294012,29,0,0
ﾀｶ,kana,muni,332097,33,0,0
ﾀｶ,kana,muni,342149,34,0,0
ﾀｶ,kana,muni,372013,37,0,0
ﾀｶ,kana,muni,393053,39,0,0
ﾀｶ,kana,muni,402061,40,0,0
ﾀｶ,kana,muni,434281,43,0,0
ﾀｶ,kana,muni,442097,44,0,0
ﾀｶ,kana,muni,453617,45,0,0
ﾀｶ,kana,muni,454010,45,0,0
ﾀｶ,kana,muni,454419,45,0,0
ﾀｷ,kana,muni,12254,1,0,0
ﾀｷ,kana,muni,15601,1,0,0
ﾀｷ,kana,muni,32166,3,0,0
ﾀｷ,kana,muni,124419,12,0,0
ﾀｷ,kana,muni,204293,20,0,0
ﾀｷ,kana,muni,244414,24,0,0
ﾀｷ,kana,muni,294446,29,0,0
ﾀｷ,kana,muni,401005,40,1,0
ﾀｷ,kana,muni,401013,40,0,1
ﾀｷ,kana,muni,401030,40,0,1
ﾀｷ,kana,muni,401056,40,0,1
ﾀｷ,kana,muni,401064,40,0,1
ﾀｷ,kana,muni,401072,40,0,1
ﾀｷ,kana,muni,401081,40,0,1
ﾀｷ,kana,muni,401099,40,0,1
ﾀｸ,kana,muni,11029,1,0,1
ﾀｸ,kana,muni,11100,1,0,1
ﾀｸ,kana,muni,105210,10,0,0
ﾀｸ,kana,muni,111023,11,0,1
ﾀｸ,kana,muni,131113,13,0,0
ﾀｸ,kana,muni,131172,13,0,0
ﾀｸ,kana,muni,151017,15,0,1
ﾀｸ,kana,muni,231037,23,0,1
ﾀｸ,kana,muni,231096,23,0,1
ﾀｸ,kana,muni,261017,26,0,1
ﾀｸ,kana,muni,271276,27,0,1
ﾀｸ,kana,muni,271462,27,0,1
ﾀｸ,kana,muni,281069,28,0,1
ﾀｸ,kana,muni,281093,28,0,1
ﾀｸ,kana,muni,331015,33,0,1
ﾀｸ,kana,muni,341061,34,0,1
ﾀｸ,kana,muni,401056,40,0,1
ﾀｸ,kana,muni,401064,40,0,1
ﾀｸ,kana,muni,401323,40,0,1
ﾀｸ,kana,muni,412040,41,0,0
ﾀｸ,kana,muni,431052,43,0,1
ﾀｹ,kana,pref,50008,5,0,0
ﾀｹ,kana,pref,60003,6,0,0
ﾀｹ,kana,pref,150002,15,0,0
ﾀｹ,kana,muni,215210,21,0,0
ﾀｹ,kana,muni,234478,23,0,0
ﾀｹ,kana,muni,342033,34,0,0
ﾀｹ,kana,muni,342114,34,0,0
ﾀｹ,kana,muni,404012,40,0,0
ﾀｹ,kana,muni,412066,41,0,0
ﾀｹ,kana,pref,440001,44,0,0
ﾀｹ,kana,muni,442089,44,0,0
ﾀｹ,kana,muni,473812,47,0,0
ﾀｺ,kana,muni,82236,8,0,0
ﾀｺ,kana,muni,123471,12,0,0
ﾀｼ,kana,muni,12271,1,0,0
ﾀｼ,kana,muni,32107,3,0,0
ﾀｼ,kana,muni,52019,5,0,0
ﾀｼ,kana,muni,52132,5,0,0
ﾀｼ,kana,muni,62014,6,0,0
ﾀｼ,kana,muni,62049,6,0,0
ﾀｼ,kana,muni,72087,7,0,0
ﾀｼ,kana,muni,74021,7,0,0
ﾀｼ,kana,muni,82121,8,0,0
ﾀｼ,kana,muni,82333,8,0,0
ﾀｼ,kana,muni,82341,8,0,0
ﾀｼ,kana,muni,92118,9,0,0
ﾀｼ,kana,muni,102059,10,0,0
ﾀｼ,kana,muni,102067,10,0,0
ﾀｼ,kana,muni,104434,10,0,0
ﾀｼ,kana,muni,122114,12,0,0
ﾀｼ,kana,muni,122301,12,0,0
ﾀｼ,kana,muni,151009,15,1,0
ﾀｼ,kana,muni,151017,15,0,1
ﾀｼ,kana,muni,151025,15,0,1
ﾀｼ,kana,muni,151033,15,0,1
ﾀｼ,kana,muni,151041,15,0,1
ﾀｼ,kana,muni,151050,15,0,1
ﾀｼ,kana,muni,151068,15,0,1
ﾀｼ,kana,muni,151076,15,0,1
ﾀｼ,kana,muni,151084,15,0,1
ﾀｼ,kana,muni,152064,15,0,0
ﾀｼ,kana,muni,212041,21,0,0
ﾀｼ,kana,muni,212156,21,0,0
ﾀｼ,kana,muni,222119,22,0,0
ﾀｼ,kana,muni,232114,23,0,0
ﾀｼ,kana,muni,232246,23,0,0
ﾀｼ,kana,muni,262102,26,0,0
ﾀｼ,kana,muni,272051,27,0,0
ﾀｼ,kana,muni,272108,27,0,0
ﾀｼ,kana,muni,273627,27,0,0
ﾀｼ,kana,muni,342149,34,0,0
ﾀｼ,kana,muni,342157,34,0,0
ﾀｼ,kana,muni,364029,36,0,0
ﾀｼ,kana,muni,402028,40,0,0
ﾀｼ,kana,muni,402044,40,0,0
ﾀｼ,kana,muni,402206,40,0,0
ﾀｼ,kana,muni,432059,43,0,0
ﾀｼ,kana,muni,442011,44,0,0
ﾀｼ,kana,muni,442046,44,0,0
ﾀｼ,kana,muni,442089,44,0,0
ﾀﾀ,kana,muni,73679,7,0,0
ﾀﾀ,kana,muni,273414,27,0,0
ﾀﾀ,kana,muni,473588,47,0,0
ﾀﾁ,name,muni,82210,8,0,0
ﾀﾁ,kana,muni,14303,1,0,0
ﾀﾁ,kana,muni,14389,1,0,0
ﾀﾁ,kana,muni,34410,3,0,0
ﾀﾁ,kana,muni,82023,8,0,0
ﾀﾁ,kana,muni,82121,8,0,0
ﾀﾁ,kana,muni,82210,8,0,0
ﾀﾁ,kana,muni,82252,8,0,0
ﾀﾁ,kana,muni,132021,13,0,0
ﾀﾁ,kana,muni,132152,13,0,0
ﾀﾁ,kana,muni,214213,21,0,0
ﾀﾁ,kana,muni,234451,23,0,0
ﾀﾁ,kana,muni,235016,23,0,0
ﾀﾁ,kana,muni,343048,34,0,0
ﾀﾁ,kana,muni,343684,34,0,0
ﾀﾁ,kana,muni,364053,36,0,0
ﾀﾁ,kana,muni,384429,38,0,0
ﾀﾁ,kana,muni,405035,40,0,0
ﾀﾁ,kana,muni,414018,41,0,0
ﾀﾁ,kana,muni,453412,45,0,0
ﾀﾂ,name,muni,282294,28,0,0
ﾀﾂ,kana,muni,203823,20,0,0
ﾀﾂ,kana,muni,282294,28,0,0
ﾀﾂ,kana,muni,373869,37,0,0
ﾀﾂ,kana,muni,465275,46,0,0
ﾀﾃ,kana,muni,75647,7,0,0
ﾀﾃ,kana,muni,102075,10,0,0
ﾀﾃ,kana,muni,122050,12,0,0
ﾀﾃ,kana,muni,163236,16,0,0
ﾀﾃ,kana,muni,203246,20,0,0
ﾀﾄ,kana,muni,374041,37,0,0
ﾀﾅ,name,muni,13714,1,0,0
ﾀﾅ,kana,muni,13714,1,0,0
ﾀﾅ,kana,muni,74811,7,0,0
ﾀﾅ,kana,muni,232343,23,0,0
ﾀﾅ,kana,muni,262111,26,0,0
ﾀﾅ,kana,muni,302066,30,0,0
ﾀﾅ,kana,muni,423220,42,0,0
ﾀﾅ,kana,muni,473278,47,0,0
ﾀﾆ,kana,muni,401099,40,0,1
ﾀﾈ,kana,muni,53481,5,0,0
ﾀﾈ,kana,muni,465011,46,0,0
ﾀﾈ,kana,muni,465020,46,0,0
ﾀﾉ,kana,muni,34843,3,0,0
ﾀﾉ,kana,muni,272302,27,0,0
ﾀﾉ,kana,muni,364045,36,0,0
ﾀﾉ,kana,muni,393037,39,0,0
ﾀﾊ,kana,muni,75469,7,0,0
ﾀﾊ,kana,muni,131199,13,0,0
ﾀﾊ,kana,muni,194433,19,0,0
ﾀﾊ,kana,muni,232319,23,0,0
ﾀﾊ,kana,muni,382043,38,0,0
ﾀﾋ,kana,muni,12343,1,0,0
ﾀﾋ,kana,muni,343692,34,0,0
ﾀﾋ,kana,muni,401081,40,0,1
ﾀﾌ,kana,muni,353434,35,0,0
ﾀﾏ,name,muni,111007,11,1,0
ﾀﾏ,name,muni,111015,11,0,1
ﾀﾏ,name,muni,111023,11,0,1
ﾀﾏ,name,muni,111031,11,0,1
ﾀﾏ,name,muni,111040,11,0,1
ﾀﾏ,name,muni,111058,11,0,1
ﾀﾏ,name,muni,111066,11,0,1
ﾀﾏ,name,muni,111074,11,0,1
ﾀﾏ,name,muni,111082,11,0,1
ﾀﾏ,name,muni,111091,11,0,1
ﾀﾏ,name,muni,111104,11,0,1
ﾀﾏ,kana,muni,23841,2,0,0
ﾀﾏ,kana,muni,43222,4,0,0
ﾀﾏ,kana,muni,43231,4,0,0
ﾀﾏ,kana,muni,53635,5,0,0
ﾀﾏ,kana,muni,63631,6,0,0
ﾀﾏ,kana,muni,63819,6,0,0
ﾀﾏ,kana,muni,73083,7,0,0
ﾀﾏ,kana,muni,73229,7,0,0
ﾀﾏ,kana,muni,75027,7,0,0
ﾀﾏ,kana,muni,82368,8,0,0
ﾀﾏ,kana,muni,103829,10,0,0
ﾀﾏ,kana,muni,104647,10,0,0
ﾀﾏ,kana,pref,110001,11,0,0
ﾀﾏ,kana,muni,111007,11,1,0
ﾀﾏ,kana,muni,111015,11,0,1
ﾀﾏ,kana,muni,111023,11,0,1
ﾀﾏ,kana,muni,111031,11,0,1
ﾀﾏ,kana,muni,111040,11,0,1
ﾀﾏ,kana,muni,111058,11,0,1
ﾀﾏ,kana,muni,111066,11,0,1
ﾀﾏ,kana,muni,111074,11,0,1
ﾀﾏ,kana,muni,111082,11,0,1
ﾀﾏ,kana,muni,111091,11,0,1
ﾀﾏ,kana,muni,111104,11,0,1
ﾀﾏ,kana,muni,132241,13,0,0
ﾀﾏ,kana,muni,133086,13,0,0
ﾀﾏ,kana,muni,141356,14,0,1
ﾀﾏ,kana,muni,143642,14,0,0
ﾀﾏ,kana,muni,173240,17,0,0
ﾀﾏ,kana,muni,173614,17,0,0
ﾀﾏ,kana,muni,203238,20,0,0
ﾀﾏ,kana,muni,244619,24,0,0
ﾀﾏ,kana,muni,332046,33,0,0
ﾀﾏ,kana,muni,432067,43,0,0
ﾀﾏ,kana,muni,434825,43,0,0
ﾀﾐ,kana,muni,12084,1,0,0
ﾀﾐ,kana,muni,222054,22,0,0
ﾀﾐ,kana,muni,282073,28,0,0
ﾀﾑ,kana,muni,23043,2,0,0
ﾀﾑ,kana,muni,34843,3,0,0
ﾀﾑ,kana,muni,53686,5,0,0
ﾀﾑ,kana,muni,72117,7,0,0
ﾀﾑ,kana,muni,73644,7,0,0
ﾀﾑ,kana,muni,75035,7,0,0
ﾀﾑ,kana,muni,204501,20,0,0
ﾀﾓ,kana,muni,112330,11,0,0
ﾀﾔ,kana,muni,23817,2,0,0
ﾀﾔ,kana,muni,294501,29,0,0
ﾀﾔ,kana,muni,294519,29,0,0
ﾀﾔ,kana,muni,304271,30,0,0
ﾀﾗ,kana,muni,235610,23,0,0
ﾀﾗ,kana,muni,244708,24,0,0
ﾀﾗ,kana,muni,414417,41,0,0
ﾀﾗ,kana,muni,435058,43,0,0
ﾀﾗ,kana,muni,473758,47,0,0
ﾀﾘ,kana,muni,43613,4,0,0
ﾀﾘ,kana,muni,204862,20,0,0
ﾀﾙ,kana,muni,12033,1,0,0
ﾀﾙ,kana,muni,213616,21,0,0
ﾀﾙ,kana,muni,281085,28,0,1
ﾀﾙ,kana,muni,462144,46,0,0
ﾀﾜ,kana,muni,92100,9,0,0
ﾀﾜ,kana,muni,263443,26,0,0
ﾀﾜ,kana,muni,293636,29,0,0
ﾀﾝ,kana,muni,14052,1,0,0
ﾀﾝ,kana,muni,16951,1,0,0
ﾀﾝ,kana,muni,262129,26,0,0
ﾀﾝ,kana,muni,262137,26,0,0
ﾀﾝ,kana,muni,264075,26,0,0
ﾀﾝ,kana,muni,282219,28,0,0
ﾀﾝ,kana,muni,282235,28,0,0
ﾀﾝ,kana,muni,473243,47,0,0
ﾀﾝ,kana,muni,473260,47,0,0
ﾀﾞ,name,muni,16101,1,0,0
ﾀﾞ,kana,muni,12025,1,0,0
ﾀﾞ,kana,muni,12335,1,0,0
ﾀﾞ,kana,muni,16012,1,0,0
ﾀﾞ,kana,muni,16101,1,0,0
ﾀﾞ,kana,muni,16446,1,0,0
ﾀﾞ,kana,muni,22063,2,0,0
ﾀﾞ,kana,muni,23671,2,0,0
ﾀﾞ,kana,muni,34827,3,0,0
ﾀﾞ,kana,muni,34851,3,0,0
ﾀﾞ,kana,muni,35033,3,0,0
ﾀﾞ,kana,muni,41009,4,1,0
ﾀﾞ,kana,muni,41017,4,0,1
ﾀﾞ,kana,muni,41025,4,0,1
ﾀﾞ,kana,muni,41033,4,0,1
ﾀﾞ,kana,muni,41041,4,0,1
ﾀﾞ,kana,muni,41050,4,0,1
ﾀﾞ,kana,muni,42081,4,0,0
ﾀﾞ,kana,muni,52043,5,0,0
ﾀﾞ,kana,muni,52124,5,0,0
ﾀﾞ,kana,muni,63410,6,0,0
ﾀﾞ,kana,muni,72133,7,0,0
ﾀﾞ,kana,muni,73679,7,0,0
ﾀﾞ,kana,muni,74071,7,0,0
ﾀﾞ,kana,muni,83640,8,0,0
ﾀﾞ,kana,muni,105236,10,0,0
ﾀﾞ,kana,muni,112062,11,0,0
ﾀﾞ,kana,muni,112241,11,0,0
ﾀﾞ,kana,muni,112381,11,0,0
ﾀﾞ,kana,muni,112429,11,0,0
ﾀﾞ,kana,muni,122084,12,0,0
ﾀﾞ,kana,muni,131016,13,0,0
ﾀﾞ,kana,muni,131075,13,0,0
ﾀﾞ,kana,muni,131211,13,0,0
ﾀﾞ,kana,muni,132098,13,0,0
ﾀﾞ,kana,muni,132110,13,0,0
ﾀﾞ,kana,muni,142069,14,0,0
ﾀﾞ,kana,muni,142115,14,0,0
ﾀﾞ,kana,muni,143634,14,0,0
ﾀﾞ,kana,muni,173657,17,0,0
ﾀﾞ,kana,muni,173860,17,0,0
ﾀﾞ,kana,muni,183822,18,0,0
ﾀﾞ,kana,muni,192023,19,0,0
ﾀﾞ,kana,muni,202037,20,0,0
ﾀﾞ,kana,muni,202053,20,0,0
ﾀﾞ,kana,muni,203882,20,0,0
ﾀﾞ,kana,muni,204811,20,0,0
ﾀﾞ,kana,muni,205621,20,0,0
ﾀﾞ,kana,muni,212172,21,0,0
ﾀﾞ,kana,muni,214043,21,0,0
ﾀﾞ,kana,muni,222097,22,0,0
ﾀﾞ,kana,muni,222143,22,0,0
ﾀﾞ,kana,muni,222194,22,0,0
ﾀﾞ,kana,muni,224243,22,0,0
ﾀﾞ,kana,muni,232050,23,0,0
ﾀﾞ,kana,muni,244431,24,0,0
ﾀﾞ,kana,muni,272027,27,0,0
ﾀﾞ,kana,muni,272043,27,0,0
ﾀﾞ,kana,muni,272141,27,0,0
ﾀﾞ,kana,muni,272183,27,0,0
ﾀﾞ,kana,muni,273414,27,0,0
ﾀﾞ,kana,muni,281018,28,0,1
ﾀﾞ,kana,muni,281026,28,0,1
ﾀﾞ,kana,muni,282197,28,0,0
ﾀﾞ,kana,muni,292028,29,0,0
ﾀﾞ,kana,muni,292125,29,0,0
ﾀﾞ,kana,muni,302040,30,0,0
ﾀﾞ,kana,muni,303666,30,0,0
ﾀﾞ,kana,muni,303828,30,0,0
ﾀﾞ,kana,muni,303925,30,0,0
ﾀﾞ,kana,muni,304042,30,0,0
ﾀﾞ,kana,muni,313866,31,0,0
ﾀﾞ,kana,muni,322024,32,0,0
ﾀﾞ,kana,muni,322041,32,0,0
ﾀﾞ,kana,muni,322059,32,0,0
ﾀﾞ,kana,muni,352071,35,0,0
ﾀﾞ,kana,muni,352161,35,0,0
ﾀﾞ,kana,muni,393045,39,0,0
ﾀﾞ,kana,muni,394106,39,0,0
ﾀﾞ,kana,muni,402214,40,0,0
ﾀﾞ,kana,muni,406023,40,0,0
ﾀﾞ,kana,muni,406040,40,0,0
ﾀﾞ,kana,muni,406210,40,0,0
ﾀﾞ,kana,muni,442097,44,0,0
ﾀﾞ,kana,muni,462152,46,0,0
ﾀﾞ,kana,muni,473570,47,0,0
ﾀﾞ,kana,muni,473588,47,0,0
ﾁｬ,kana,muni,14001,1,0,0
ﾁｬ,kana,muni,16641,1,0,0
ﾁｭ,kana,muni,11011,1,0,1
ﾁｭ,kana,muni,111058,11,0,1
ﾁｭ,kana,muni,121011,12,0,1
ﾁｭ,kana,muni,131024,13,0,0
ﾁｭ,kana,muni,132063,13,0,0
ﾁｭ,kana,muni,141526,14,0,1
ﾁｭ,kana,muni,151033,15,0,1
ﾁｭ,kana,muni,192147,19,0,0
ﾁｭ,kana,muni,221384,22,0,1
ﾁｭ,kana,muni,271284,27,0,1
ﾁｭ,kana,muni,281107,28,0,1
ﾁｭ,kana,muni,336815,33,0,0
ﾁｭ,kana,muni,342084,34,0,0
ﾁｭ,kana,muni,343021,34,0,0
ﾁｭ,kana,muni,382132,38,0,0
ﾁｭ,kana,muni,401331,40,0,1
ﾁｭ,kana,muni,431010,43,0,1
ﾁｮ,kana,muni,13030,1,0,0
ﾁｮ,kana,muni,13315,1,0,0
ﾁｮ,kana,muni,13323,1,0,0
ﾁｮ,kana,muni,13331,1,0,0
ﾁｮ,kana,muni,13340,1,0,0
ﾁｮ,kana,muni,13374,1,0,0
ﾁｮ,kana,muni,13439,1,0,0
ﾁｮ,kana,muni,13463,1,0,0
ﾁｮ,kana,muni,13471,1,0,0
ﾁｮ,kana,muni,13617,1,0,0
ﾁｮ,kana,muni,13625,1,0,0
ﾁｮ,kana,muni,13633,1,0,0
ﾁｮ,kana,muni,13641,1,0,0
ﾁｮ,kana,muni,13676,1,0,0
ﾁｮ,kana,muni,13706,1,0,0
ﾁｮ,kana,muni,13714,1,0,0
ﾁｮ,kana,muni,13927,1,0,0
ﾁｮ,kana,muni,13935,1,0,0
ﾁｮ,kana,muni,13943,1,0,0
ﾁｮ,kana,muni,13951,1,0,0
ﾁｮ,kana,muni,13986,1,0,0
ﾁｮ,kana,muni,13994,1,0,0
ﾁｮ,kana,muni,14001,1,0,0
ﾁｮ,kana,muni,14010,1,0,0
ﾁｮ,kana,muni,14028,1,0,0
ﾁｮ,kana,muni,14052,1,0,0
ﾁｮ,kana,muni,14061,1,0,0
ﾁｮ,kana,muni,14079,1,0,0
ﾁｮ,kana,muni,14087,1,0,0
ﾁｮ,kana,muni,14231,1,0,0
ﾁｮ,kana,muni,14249,1,0,0
ﾁｮ,kana,muni,14257,1,0,0
ﾁｮ,kana,muni,14273,1,0,0
ﾁｮ,kana,muni,14281,1,0,0
ﾁｮ,kana,muni,14290,1,0,0
ﾁｮ,kana,muni,14303,1,0,0
ﾁｮ,kana,muni,14311,1,0,0
ﾁｮ,kana,muni,14320,1,0,0
ﾁｮ,kana,muni,14338,1,0,0
ﾁｮ,kana,muni,14346,1,0,0
ﾁｮ,kana,muni,14362,1,0,0
ﾁｮ,kana,muni,14371,1,0,0
ﾁｮ,kana,muni,14389,1,0,0
ﾁｮ,kana,muni,14524,1,0,0
ﾁｮ,kana,muni,14532,1,0,0
ﾁｮ,kana,muni,14541,1,0,0
ﾁｮ,kana,muni,14559,1,0,0
ﾁｮ,kana,muni,14567,1,0,0
ﾁｮ,kana,muni,14575,1,0,0
ﾁｮ,kana,muni,14583,1,0,0
ﾁｮ,kana,muni,14591,1,0,0
ﾁｮ,kana,muni,14605,1,0,0
ﾁｮ,kana,muni,14613,1,0,0
ﾁｮ,kana,muni,14621,1,0,0
ﾁｮ,kana,muni,14648,1,0,0
ﾁｮ,kana,muni,14656,1,0,0
ﾁｮ,kana,muni,14681,1,0,0
ﾁｮ,kana,muni,14699,1,0,0
ﾁｮ,kana,muni,14711,1,0,0
ﾁｮ,kana,muni,14729,1,0,0
ﾁｮ,kana,muni,14818,1,0,0
ﾁｮ,kana,muni,14826,1,0,0
ﾁｮ,kana,muni,14834,1,0,0
ﾁｮ,kana,muni,14842,1,0,0
ﾁｮ,kana,muni,14869,1,0,0
ﾁｮ,kana,muni,14877,1,0,0
ﾁｮ,kana,muni,15121,1,0,0
ﾁｮ,kana,muni,15130,1,0,0
ﾁｮ,kana,muni,15148,1,0,0
ﾁｮ,kana,muni,15164,1,0,0
ﾁｮ,kana,muni,15172,1,0,0
ﾁｮ,kana,muni,15181,1,0,0
ﾁｮ,kana,muni,15199,1,0,0
ﾁｮ,kana,muni,15202,1,0,0
ﾁｮ,kana,muni,15431,1,0,0
ﾁｮ,kana,muni,15440,1,0,0
ﾁｮ,kana,muni,15458,1,0,0
ﾁｮ,kana,muni,15466,1,0,0
ﾁｮ,kana,muni,15474,1,0,0
ﾁｮ,kana,muni,15491,1,0,0
ﾁｮ,kana,muni,15504,1,0,0
ﾁｮ,kana,muni,15521,1,0,0
ﾁｮ,kana,muni,15555,1,0,0
ﾁｮ,kana,muni,15598,1,0,0
ﾁｮ,kana,muni,15601,1,0,0
ﾁｮ,kana,muni,15610,1,0,0
ﾁｮ,kana,muni,15636,1,0,0
ﾁｮ,kana,muni,15644,1,0,0
ﾁｮ,kana,muni,15717,1,0,0
ﾁｮ,kana,muni,15750,1,0,0
ﾁｮ,kana,muni,15784,1,0,0
ﾁｮ,kana,muni,15814,1,0,0
ﾁｮ,kana,muni,15849,1,0,0
ﾁｮ,kana,muni,15857,1,0,0
ﾁｮ,kana,muni,15865,1,0,0
ﾁｮ,kana,muni,16012,1,0,0
ﾁｮ,kana,muni,16021,1,0,0
ﾁｮ,kana,muni,16047,1,0,0
ﾁｮ,kana,muni,16071,1,0,0
ﾁｮ,kana,muni,16080,1,0,0
ﾁｮ,kana,muni,16098,1,0,0
ﾁｮ,kana,muni,16101,1,0,0
ﾁｮ,kana,muni,16314,1,0,0
ﾁｮ,kana,muni,16322,1,0,0
ﾁｮ,kana,muni,16331,1,0,0
ﾁｮ,kana,muni,16349,1,0,0
ﾁｮ,kana,muni,16357,1,0,0
ﾁｮ,kana,muni,16365,1,0,0
ﾁｮ,kana,muni,16373,1,0,0
ﾁｮ,kana,muni,16411,1,0,0
ﾁｮ,kana,muni,16420,1,0,0
ﾁｮ,kana,muni,16438,1,0,0
ﾁｮ,kana,muni,16446,1,0,0
ﾁｮ,kana,muni,16454,1,0,0
ﾁｮ,kana,muni,16462,1,0,0
ﾁｮ,kana,muni,16471,1,0,0
ﾁｮ,kana,muni,16489,1,0,0
ﾁｮ,kana,muni,16497,1,0,0
ﾁｮ,kana,muni,16616,1,0,0
ﾁｮ,kana,muni,16624,1,0,0
ﾁｮ,kana,muni,16632,1,0,0
ﾁｮ,kana,muni,16641,1,0,0
ﾁｮ,kana,muni,16659,1,0,0
ﾁｮ,kana,muni,16683,1,0,0
ﾁｮ,kana,muni,16918,1,0,0
ﾁｮ,kana,muni,16926,1,0,0
ﾁｮ,kana,muni,16934,1,0,0
ﾁｮ,kana,muni,16942,1,0,0
ﾁｮ,kana,muni,24121,2,0,0
ﾁｮ,kana,muni,24457,2,0,0
ﾁｮ,kana,muni,24465,2,0,0
ﾁｮ,kana,muni,33014,3,0,0
ﾁｮ,kana,muni,33219,3,0,0
ﾁｮ,kana,muni,33227,3,0,0
ﾁｮ,kana,muni,33812,3,0,0
ﾁｮ,kana,muni,34029,3,0,0
ﾁｮ,kana,muni,34410,3,0,0
ﾁｮ,kana,muni,34614,3,0,0
ﾁｮ,kana,muni,34835,3,0,0
ﾁｮ,kana,muni,35076,3,0,0
ﾁｮ,kana,muni,43613,4,0,0
ﾁｮ,kana,muni,43621,4,0,0
ﾁｮ,kana,muni,44067,4,0,0
ﾁｮ,kana,muni,44211,4,0,0
ﾁｮ,kana,muni,44229,4,0,0
ﾁｮ,kana,muni,44440,4,0,0
ﾁｮ,kana,muni,45012,4,0,0
ﾁｮ,kana,muni,45811,4,0,0
ﾁｮ,kana,muni,46060,4,0,0
ﾁｮ,kana,muni,53481,5,0,0
ﾁｮ,kana,muni,53490,5,0,0
ﾁｮ,kana,muni,54348,5,0,0
ﾁｮ,kana,muni,63215,6,0,0
ﾁｮ,kana,muni,122025,12,0,0
ﾁｮ,kana,muni,124231,12,0,0
ﾁｮ,kana,muni,124273,12,0,0
ﾁｮ,kana,muni,132080,13,0,0
ﾁｮ,kana,muni,173860,17,0,0
ﾁｮ,kana,muni,174637,17,0,0
ﾁｮ,kana,muni,183229,18,0,0
ﾁｮ,kana,muni,183822,18,0,0
ﾁｮ,kana,muni,184047,18,0,0
ﾁｮ,kana,muni,184233,18,0,0
ﾁｮ,kana,muni,184420,18,0,0
ﾁｮ,kana,muni,184811,18,0,0
ﾁｮ,kana,muni,184837,18,0,0
ﾁｮ,kana,muni,185019,18,0,0
ﾁｮ,kana,muni,193461,19,0,0
ﾁｮ,kana,muni,193640,19,0,0
ﾁｮ,kana,muni,193658,19,0,0
ﾁｮ,kana,muni,193666,19,0,0
ﾁｮ,kana,muni,193682,19,0,0
ﾁｮ,kana,muni,193844,19,0,0
ﾁｮ,kana,muni,194239,19,0,0
ﾁｮ,kana,muni,204048,20,0,0
ﾁｮ,kana,muni,213021,21,0,0
ﾁｮ,kana,muni,213039,21,0,0
ﾁｮ,kana,muni,213411,21,0,0
ﾁｮ,kana,muni,213616,21,0,0
ﾁｮ,kana,muni,213624,21,0,0
ﾁｮ,kana,muni,213811,21,0,0
ﾁｮ,kana,muni,213829,21,0,0
ﾁｮ,kana,muni,213837,21,0,0
ﾁｮ,kana,muni,214019,21,0,0
ﾁｮ,kana,muni,214035,21,0,0
ﾁｮ,kana,muni,214043,21,0,0
ﾁｮ,kana,muni,214213,21,0,0
ﾁｮ,kana,muni,215015,21,0,0
ﾁｮ,kana,muni,215023,21,0,0
ﾁｮ,kana,muni,215031,21,0,0
ﾁｮ,kana,muni,215040,21,0,0
ﾁｮ,kana,muni,215058,21,0,0
ﾁｮ,kana,muni,215066,21,0,0
ﾁｮ,kana,muni,215210,21,0,0
ﾁｮ,kana,muni,223018,22,0,0
ﾁｮ,kana,muni,223026,22,0,0
ﾁｮ,kana,muni,223042,22,0,0
ﾁｮ,kana,muni,223051,22,0,0
ﾁｮ,kana,muni,223069,22,0,0
ﾁｮ,kana,muni,223255,22,0,0
ﾁｮ,kana,muni,223417,22,0,0
ﾁｮ,kana,muni,223425,22,0,0
ﾁｮ,kana,muni,223441,22,0,0
ﾁｮ,kana,muni,224243,22,0,0
ﾁｮ,kana,muni,224294,22,0,0
ﾁｮ,kana,muni,233021,23,0,0
ﾁｮ,kana,muni,233421,23,0,0
ﾁｮ,kana,muni,233617,23,0,0
ﾁｮ,kana,muni,233625,23,0,0
ﾁｮ,kana,muni,234249,23,0,0
ﾁｮ,kana,muni,234257,23,0,0
ﾁｮ,kana,muni,234419,23,0,0
ﾁｮ,kana,muni,234427,23,0,0
ﾁｮ,kana,muni,234451,23,0,0
ﾁｮ,kana,muni,234460,23,0,0
ﾁｮ,kana,muni,234478,23,0,0
ﾁｮ,kana,muni,235016,23,0,0
ﾁｮ,kana,muni,235610,23,0,0
ﾁｮ,kana,muni,235628,23,0,0
ﾁｮ,kana,muni,243035,24,0,0
ﾁｮ,kana,muni,243248,24,0,0
ﾁｮ,kana,muni,243418,24,0,0
ﾁｮ,kana,muni,243434,24,0,0
ﾁｮ,kana,muni,243442,24,0,0
ﾁｮ,kana,muni,244414,24,0,0
ﾁｮ,kana,muni,244422,24,0,0
ﾁｮ,kana,muni,244431,24,0,0
ﾁｮ,kana,muni,244619,24,0,0
ﾁｮ,kana,muni,244708,24,0,0
ﾁｮ,kana,muni,244716,24,0,0
ﾁｮ,kana,muni,244724,24,0,0
ﾁｮ,kana,muni,245437,24,0,0
ﾁｮ,kana,muni,245615,24,0,0
ﾁｮ,kana,muni,245623,24,0,0
ﾁｮ,kana,muni,253839,25,0,0
ﾁｮ,kana,muni,253847,25,0,0
ﾁｮ,kana,muni,254258,25,0,0
ﾁｮ,kana,muni,254410,25,0,0
ﾁｮ,kana,muni,254428,25,0,0
ﾁｮ,kana,muni,254436,25,0,0
ﾁｮ,kana,muni,263036,26,0,0
ﾁｮ,kana,muni,263222,26,0,0
ﾁｮ,kana,muni,263435,26,0,0
ﾁｮ,kana,muni,263443,26,0,0
ﾁｮ,kana,muni,263648,26,0,0
ﾁｮ,kana,muni,263656,26,0,0
ﾁｮ,kana,muni,263664,26,0,0
ﾁｮ,kana,muni,264075,26,0,0
ﾁｮ,kana,muni,264636,26,0,0
ﾁｮ,kana,muni,264652,26,0,0
ﾁｮ,kana,muni,273015,27,0,0
ﾁｮ,kana,muni,273210,27,0,0
ﾁｮ,kana,muni,273228,27,0,0
ﾁｮ,kana,muni,273414,27,0,0
ﾁｮ,kana,muni,273619,27,0,0
ﾁｮ,kana,muni,273627,27,0,0
ﾁｮ,kana,muni,273660,27,0,0
ﾁｮ,kana,muni,273813,27,0,0
ﾁｮ,kana,muni,273821,27,0,0
ﾁｮ,kana,muni,283011,28,0,0
ﾁｮ,kana,muni,283657,28,0,0
ﾁｮ,kana,muni,283819,28,0,0
ﾁｮ,kana,muni,283827,28,0,0
ﾁｮ,kana,muni,284424,28,0,0
ﾁｮ,kana,muni,284432,28,0,0
ﾁｮ,kana,muni,284467,28,0,0
ﾁｮ,kana,muni,284645,28,0,0
ﾁｮ,kana,muni,284815,28,0,0
ﾁｮ,kana,muni,285013,28,0,0
ﾁｮ,kana,muni,285854,28,0,0
ﾁｮ,kana,muni,285862,28,0,0
ﾁｮ,kana,muni,293423,29,0,0
ﾁｮ,kana,muni,293431,29,0,0
ﾁｮ,kana,muni,293440,29,0,0
ﾁｮ,kana,muni,293458,29,0,0
ﾁｮ,kana,muni,293610,29,0,0
ﾁｮ,kana,muni,293628,29,0,0
ﾁｮ,kana,muni,293636,29,0,0
ﾁｮ,kana,muni,294012,29,0,0
ﾁｮ,kana,muni,294241,29,0,0
ﾁｮ,kana,muni,294250,29,0,0
ﾁｮ,kana,muni,294268,29,0,0
ﾁｮ,kana,muni,294276,29,0,0
ﾁｮ,kana,muni,294411,29,0,0
ﾁｮ,kana,muni,294420,29,0,0
ﾁｮ,kana,muni,294438,29,0,0
ﾁｮ,kana,muni,303046,30,0,0
ﾁｮ,kana,muni,303411,30,0,0
ﾁｮ,kana,muni,303437,30,0,0
ﾁｮ,kana,muni,303445,30,0,0
ﾁｮ,kana,muni,303615,30,0,0
ﾁｮ,kana,muni,303623,30,0,0
ﾁｮ,kana,muni,303666,30,0,0
ﾁｮ,kana,muni,303810,30,0,0
ﾁｮ,kana,muni,303828,30,0,0
ﾁｮ,kana,muni,303836,30,0,0
ﾁｮ,kana,muni,303909,30,0,0
ﾁｮ,kana,muni,303917,30,0,0
ﾁｮ,kana,muni,303925,30,0,0
ﾁｮ,kana,muni,304018,30,0,0
ﾁｮ,kana,muni,304042,30,0,0
ﾁｮ,kana,muni,304069,30,0,0
ﾁｮ,kana,muni,304212,30,0,0
ﾁｮ,kana,muni,304221,30,0,0
ﾁｮ,kana,muni,304247,30,0,0
ﾁｮ,kana,muni,304280,30,0,0
ﾁｮ,kana,muni,313025,31,0,0
ﾁｮ,kana,muni,313254,31,0,0
ﾁｮ,kana,muni,313289,31,0,0
ﾁｮ,kana,muni,313297,31,0,0
ﾁｮ,kana,muni,313645,31,0,0
ﾁｮ,kana,muni,313700,31,0,0
ﾁｮ,kana,muni,313718,31,0,0
ﾁｮ,kana,muni,313726,31,0,0
ﾁｮ,kana,muni,313866,31,0,0
ﾁｮ,kana,muni,313891,31,0,0
ﾁｮ,kana,muni,313904,31,0,0
ﾁｮ,kana,muni,314013,31,0,0
ﾁｮ,kana,muni,314021,31,0,0
ﾁｮ,kana,muni,314030,31,0,0
ﾁｮ,kana,muni,323438,32,0,0
ﾁｮ,kana,muni,323861,32,0,0
ﾁｮ,kana,muni,324485,32,0,0
ﾁｮ,kana,muni,324493,32,0,0
ﾁｮ,kana,muni,325015,32,0,0
ﾁｮ,kana,muni,325058,32,0,0
ﾁｮ,kana,muni,325252,32,0,0
ﾁｮ,kana,muni,325261,32,0,0
ﾁｮ,kana,muni,325287,32,0,0
ﾁｮ,kana,muni,333468,33,0,0
ﾁｮ,kana,muni,334235,33,0,0
ﾁｮ,kana,muni,334456,33,0,0
ﾁｮ,kana,muni,334618,33,0,0
ﾁｮ,kana,muni,336068,33,0,0
ﾁｮ,kana,muni,336220,33,0,0
ﾁｮ,kana,muni,336238,33,0,0
ﾁｮ,kana,muni,336637,33,0,0
ﾁｮ,kana,muni,336661,33,0,0
ﾁｮ,kana,muni,336815,33,0,0
ﾁｮ,kana,muni,343021,34,0,0
ﾁｮ,kana,muni,343048,34,0,0
ﾁｮ,kana,muni,343072,34,0,0
ﾁｮ,kana,muni,343099,34,0,0
ﾁｮ,kana,muni,343684,34,0,0
ﾁｮ,kana,muni,343692,34,0,0
ﾁｮ,kana,muni,344311,34,0,0
ﾁｮ,kana,muni,344621,34,0,0
ﾁｮ,kana,muni,345458,34,0,0
ﾁｮ,kana,muni,353051,35,0,0
ﾁｮ,kana,muni,353213,35,0,0
ﾁｮ,kana,muni,353418,35,0,0
ﾁｮ,kana,muni,353434,35,0,0
ﾁｮ,kana,muni,353442,35,0,0
ﾁｮ,kana,muni,355020,35,0,0
ﾁｮ,kana,muni,363014,36,0,0
ﾁｮ,kana,muni,363022,36,0,0
ﾁｮ,kana,muni,363413,36,0,0
ﾁｮ,kana,muni,363421,36,0,0
ﾁｮ,kana,muni,363685,36,0,0
ﾁｮ,kana,muni,363839,36,0,0
ﾁｮ,kana,muni,363871,36,0,0
ﾁｮ,kana,muni,363880,36,0,0
ﾁｮ,kana,muni,364011,36,0,0
ﾁｮ,kana,muni,364029,36,0,0
ﾁｮ,kana,muni,364037,36,0,0
ﾁｮ,kana,muni,364045,36,0,0
ﾁｮ,kana,muni,364053,36,0,0
ﾁｮ,kana,muni,364681,36,0,0
ﾁｮ,kana,muni,364894,36,0,0
ﾁｮ,kana,muni,373222,37,0,0
ﾁｮ,kana,muni,373249,37,0,0
ﾁｮ,kana,muni,373419,37,0,0
ﾁｮ,kana,muni,373648,37,0,0
ﾁｮ,kana,muni,373869,37,0,0
ﾁｮ,kana,muni,373877,37,0,0
ﾁｮ,kana,muni,374032,37,0,0
ﾁｮ,kana,muni,374041,37,0,0
ﾁｮ,kana,muni,374067,37,0,0
ﾁｮ,kana,muni,383562,38,0,0
ﾁｮ,kana,muni,383864,38,0,0
ﾁｮ,kana,muni,384011,38,0,0
ﾁｮ,kana,muni,384020,38,0,0
ﾁｮ,kana,muni,384224,38,0,0
ﾁｮ,kana,muni,384429,38,0,0
ﾁｮ,kana,muni,384844,38,0,0
ﾁｮ,kana,muni,384887,38,0,0
ﾁｮ,kana,muni,385069,38,0,0
ﾁｮ,kana,muni,393011,39,0,0
ﾁｮ,kana,muni,393029,39,0,0
ﾁｮ,kana,muni,393037,39,0,0
ﾁｮ,kana,muni,393045,39,0,0
ﾁｮ,kana,muni,393410,39,0,0
ﾁｮ,kana,muni,393444,39,0,0
ﾁｮ,kana,muni,393631,39,0,0
ﾁｮ,kana,muni,393860,39,0,0
ﾁｮ,kana,muni,393878,39,0,0
ﾁｮ,kana,muni,394017,39,0,0
ﾁｮ,kana,muni,394025,39,0,0
ﾁｮ,kana,muni,394033,39,0,0
ﾁｮ,kana,muni,394050,39,0,0
ﾁｮ,kana,muni,394114,39,0,0
ﾁｮ,kana,muni,394122,39,0,0
ﾁｮ,kana,muni,394246,39,0,0
ﾁｮ,kana,muni,394289,39,0,0
ﾁｮ,kana,muni,403849,40,0,0
ﾁｮ,kana,muni,413275,41,0,0
ﾁｮ,kana,muni,413411,41,0,0
ﾁｮ,kana,muni,413453,41,0,0
ﾁｮ,kana,muni,413461,41,0,0
ﾁｮ,kana,muni,413879,41,0,0
ﾁｮ,kana,muni,414018,41,0,0
ﾁｮ,kana,muni,414239,41,0,0
ﾁｮ,kana,muni,414255,41,0,0
ﾁｮ,kana,muni,414417,41,0,0
ﾁｮ,kana,muni,423076,42,0,0
ﾁｮ,kana,muni,423084,42,0,0
ﾁｮ,kana,muni,423211,42,0,0
ﾁｮ,kana,muni,423220,42,0,0
ﾁｮ,kana,muni,423238,42,0,0
ﾁｮ,kana,muni,423831,42,0,0
ﾁｮ,kana,muni,423912,42,0,0
ﾁｮ,kana,muni,424111,42,0,0
ﾁｮ,kana,muni,434477,43,0,0
ﾁｮ,kana,muni,434680,43,0,0
ﾁｮ,kana,muni,435147,43,0,0
ﾁｮ,kana,muni,453412,45,0,0
ﾁｮ,kana,muni,453617,45,0,0
ﾁｮ,kana,muni,453820,45,0,0
ﾁｮ,kana,muni,453838,45,0,0
ﾁｮ,kana,muni,454010,45,0,0
ﾁｮ,kana,muni,454028,45,0,0
ﾁｮ,kana,muni,454044,45,0,0
ﾁｮ,kana,muni,454052,45,0,0
ﾁｮ,kana,muni,454061,45,0,0
ﾁｮ,kana,muni,454214,45,0,0
ﾁｮ,kana,muni,454311,45,0,0
ﾁｮ,kana,muni,454419,45,0,0
ﾁｮ,kana,muni,454427,45,0,0
ﾁｮ,kana,muni,454435,45,0,0
ﾁｮ,kana,muni,463922,46,0,0
ﾁｮ,kana,muni,464040,46,0,0
ﾁｮ,kana,muni,464520,46,0,0
ﾁｮ,kana,muni,464686,46,0,0
ﾁｮ,kana,muni,464821,46,0,0
ﾁｮ,kana,muni,464902,46,0,0
ﾁｮ,kana,muni,464911,46,0,0
ﾁｮ,kana,muni,464929,46,0,0
ﾁｮ,kana,muni,465011,46,0,0
ﾁｮ,kana,muni,465020,46,0,0
ﾁｮ,kana,muni,465054,46,0,0
ﾁｮ,kana,muni,465259,46,0,0
ﾁｮ,kana,muni,465275,46,0,0
ﾁｮ,kana,muni,465291,46,0,0
ﾁｮ,kana,muni,465305,46,0,0
ﾁｮ,kana,muni,465313,46,0,0
ﾁｮ,kana,muni,465321,46,0,0
ﾁｮ,kana,muni,465330,46,0,0
ﾁｮ,kana,muni,465348,46,0,0
ﾁｮ,kana,muni,465356,46,0,0
ﾁｮ,kana,muni,473081,47,0,0
ﾁｮ,kana,muni,473146,47,0,0
ﾁｮ,kana,muni,473251,47,0,0
ﾁｮ,kana,muni,473260,47,0,0
ﾁｮ,kana,muni,473294,47,0,0
ﾁｮ,kana,muni,473481,47,0,0
ﾁｮ,kana,muni,473502,47,0,0
ﾁｮ,kana,muni,473618,47,0,0
ﾁｮ,kana,muni,473626,47,0,0
ﾁｮ,kana,muni,473812,47,0,0
ﾁｮ,kana,muni,473821,47,0,0
ﾁｯ,kana,muni,14346,1,0,0
ﾁｱ,kana,muni,405035,40,0,0
ﾁｳ,kana,muni,82031,8,0,0
ﾁｵ,kana,muni,82121,8,0,0
ﾁｵ,kana,muni,82252,8,0,0
ﾁｵ,kana,muni,132012,13,0,0
ﾁｶ,kana,muni,43028,4,0,0
ﾁｶ,kana,muni,44041,4,0,0
ﾁｶ,kana,muni,93441,9,0,0
ﾁｶ,kana,muni,122033,12,0,0
ﾁｶ,kana,muni,132021,13,0,0
ﾁｶ,kana,muni,142077,14,0,0
ﾁｶ,kana,muni,193461,19,0,0
ﾁｶ,kana,muni,284424,28,0,0
ﾁｶ,kana,muni,304212,30,0,0
ﾁｷ,name,muni,462195,46,0,0
ﾁｷ,kana,pref,90000,9,0,0
ﾁｷ,kana,muni,92037,9,0,0
ﾁｷ,kana,muni,462195,46,0,0
ﾁｸ,kana,muni,82279,8,0,0
ﾁｸ,kana,muni,131211,13,0,0
ﾁｸ,kana,muni,202185,20,0,0
ﾁｸ,kana,muni,204528,20,0,0
ﾁｸ,kana,muni,231011,23,0,1
ﾁｸ,kana,muni,402117,40,0,0
ﾁｸ,kana,muni,402176,40,0,0
ﾁｸ,kana,muni,404471,40,0,0
ﾁｸ,kana,muni,406473,40,0,0
ﾁｹ,kana,pref,230006,23,0,0
ﾁｹ,kana,pref,350001,35,0,0
ﾁｹ,kana,pref,390003,39,0,0
ﾁｺ,kana,muni,194301,19,0,0
ﾁｺ,kana,muni,384224,38,0,0
ﾁｼ,kana,muni,82023,8,0,0
ﾁｼ,kana,muni,112038,11,0,0
ﾁｼ,kana,muni,132152,13,0,0
ﾁｼ,kana,muni,134015,13,0,0
ﾁｼ,kana,muni,152102,15,0,0
ﾁｼ,kana,muni,172120,17,0,0
ﾁｼ,kana,muni,202126,20,0,0
ﾁｼ,kana,muni,242021,24,0,0
ﾁｼ,kana,muni,272094,27,0,0
ﾁｼ,kana,muni,332127,33,0,0
ﾁｼ,kana,muni,332160,33,0,0
ﾁｼ,kana,muni,342050,34,0,0
ﾁｼ,kana,muni,342131,34,0,0
ﾁｼ,kana,muni,352039,35,0,0
ﾁｼ,kana,muni,392014,39,0,0
ﾁｼ,kana,muni,432105,43,0,0
ﾁｾ,kana,muni,182095,18,0,0
ﾁｾ,kana,muni,184047,18,0,0
ﾁｾ,kana,muni,184233,18,0,0
ﾁｿ,kana,muni,215040,21,0,0
ﾁｿ,kana,muni,363219,36,0,0
ﾁﾀ,kana,muni,132098,13,0,0
ﾁﾀ,kana,muni,232246,23,0,0
ﾁﾀ,kana,muni,234451,23,0,0
ﾁﾁ,kana,muni,13331,1,0,0
ﾁﾁ,kana,muni,14087,1,0,0
ﾁﾁ,kana,muni,14656,1,0,0
ﾁﾁ,kana,muni,34614,3,0,0
ﾁﾁ,kana,muni,112071,11,0,0
ﾁﾁ,kana,muni,113697,11,0,0
ﾁﾁ,kana,muni,213829,21,0,0
ﾁﾁ,kana,muni,213837,21,0,0
ﾁﾁ,kana,muni,233617,23,0,0
ﾁﾁ,kana,muni,294438,29,0,0
ﾁﾁ,kana,muni,394033,39,0,0
ﾁﾁ,kana,muni,414239,41,0,0
ﾁﾁ,kana,muni,465259,46,0,0
ﾁﾂ,kana,muni,313289,31,0,0
ﾁﾄ,kana,muni,12246,1,0,0
ﾁﾅ,name,muni,82210,8,0,0
ﾁﾅ,kana,muni,82210,8,0,0
ﾁﾅ,kana,muni,173657,17,0,0
ﾁﾅ,kana,muni,272167,27,0,0
ﾁﾅ,kana,muni,314013,31,0,0
ﾁﾅ,kana,muni,452041,45,0,0
ﾁﾅ,kana,muni,465348,46,0,0
ﾁﾉ,kana,muni,22039,2,0,0
ﾁﾉ,kana,muni,24023,2,0,0
ﾁﾉ,kana,muni,32093,3,0,0
ﾁﾉ,kana,muni,35246,3,0,0
ﾁﾉ,kana,muni,124214,12,0,0
ﾁﾉ,kana,muni,202142,20,0,0
ﾁﾉ,kana,muni,232033,23,0,0
ﾁﾊ,kana,pref,120006,12,0,0
ﾁﾊ,kana,muni,121002,12,1,0
ﾁﾊ,kana,muni,121011,12,0,1
ﾁﾊ,kana,muni,121029,12,0,1
ﾁﾊ,kana,muni,121037,12,0,1
ﾁﾊ,kana,muni,121045,12,0,1
ﾁﾊ,kana,muni,121053,12,0,1
ﾁﾊ,kana,muni,121061,12,0,1
ﾁﾊ,kana,muni,122190,12,0,0
ﾁﾊ,kana,muni,273830,27,0,0
ﾁﾌ,kana,muni,112071,11,0,0
ﾁﾌ,kana,muni,113697,11,0,0
ﾁﾌ,kana,muni,325279,32,0,0
ﾁﾎ,kana,muni,454419,45,0,0
ﾁﾏ,kana,muni,32140,3,0,0
ﾁﾏ,kana,muni,75612,7,0,0
ﾁﾏ,kana,muni,84476,8,0,0
ﾁﾏ,kana,muni,122301,12,0,0
ﾁﾏ,kana,muni,163228,16,0,0
ﾁﾏ,kana,muni,205613,20,0,0
ﾁﾏ,kana,muni,252042,25,0,0
ﾁﾏ,kana,muni,406104,40,0,0
ﾁﾑ,kana,muni,75442,7,0,0
ﾁﾑ,kana,muni,204072,20,0,0
ﾁﾔ,kana,muni,262013,26,0,0
ﾁﾔ,kana,muni,473260,47,0,0
ﾁﾖ,kana,muni,85219,8,0,0
ﾁﾖ,kana,muni,105236,10,0,0
ﾁﾖ,kana,muni,122211,12,0,0
ﾁﾖ,kana,muni,131016,13,0,0
ﾁﾘ,kana,muni,232254,23,0,0
ﾁﾛ,kana,muni,53635,5,0,0
ﾁﾞ,kana,muni,152081,15,0,0
ﾁﾞ,kana,muni,423831,42,0,0
ﾂ市,name,muni,22080,2,0,0
ﾂｳ,kana,muni,122181,12,0,0
ﾂｳ,kana,muni,304212,30,0,0
ﾂｳ,kana,muni,363014,36,0,0
ﾂｳ,kana,muni,372048,37,0,0
ﾂｳ,kana,muni,422088,42,0,0
ﾂｴ,kana,muni,293865,29,0,0
ﾂｴ,kana,muni,322016,32,0,0
ﾂｶ,name,muni,22098,2,0,0
ﾂｶ,kana,muni,14320,1,0,0
ﾂｶ,kana,muni,16918,1,0,0
ﾂｶ,kana,muni,22098,2,0,0
ﾂｶ,kana,muni,122289,12,0,0
ﾂｶ,kana,muni,141101,14,0,1
ﾂｶ,kana,muni,142034,14,0,0
ﾂｶ,kana,muni,204021,20,0,0
ﾂｶ,kana,muni,204820,20,0,0
ﾂｶ,kana,muni,212067,21,0,0
ﾂｶ,kana,muni,294497,29,0,0
ﾂｶ,kana,muni,342131,34,0,0
ﾂｶ,kana,muni,454290,45,0,0
ﾂｷ,kana,muni,14303,1,0,0
ﾂｷ,kana,muni,111104,11,0,1
ﾂｷ,kana,muni,142123,14,0,0
ﾂｷ,kana,muni,192066,19,0,0
ﾂｷ,kana,muni,272078,27,0,0
ﾂｷ,kana,muni,394246,39,0,0
ﾂｷ,kana,muni,435112,43,0,0
ﾂｷ,kana,muni,442101,44,0,0
ﾂｷ,kana,muni,464929,46,0,0
ﾂｸ,name,muni,82201,8,0,0
ﾂｸ,name,muni,82350,8,0,0
ﾂｸ,kana,muni,11088,1,0,1
ﾂｸ,kana,muni,82201,8,0,0
ﾂｸ,kana,muni,82350,8,0,0
ﾂｸ,kana,muni,141348,14,0,1
ﾂｸ,kana,muni,401030,40,0,1
ﾂｸ,kana,muni,442071,44,0,0
ﾂｹ,kana,muni,92169,9,0,0
ﾂｹ,kana,muni,152111,15,0,0
ﾂｺ,kana,muni,465275,46,0,0
ﾂｻ,kana,muni,124222,12,0,0
ﾂｻ,kana,muni,223051,22,0,0
ﾂｻ,kana,muni,242047,24,0,0
ﾂｼ,kana,muni,12165,1,0,0
ﾂｼ,kana,muni,12173,1,0,0
ﾂｼ,kana,muni,12190,1,0,0
ﾂｼ,kana,muni,12203,1,0,0
ﾂｼ,kana,muni,12301,1,0,0
ﾂｼ,kana,muni,22080,2,0,0
ﾂｼ,kana,muni,42145,4,0,0
ﾂｼ,kana,muni,44016,4,0,0
ﾂｼ,kana,muni,72028,7,0,0
ﾂｼ,kana,muni,72109,7,0,0
ﾂｼ,kana,muni,122254,12,0,0
ﾂｼ,kana,muni,122262,12,0,0
ﾂｼ,kana,muni,131229,13,0,0
ﾂｼ,kana,muni,152226,15,0,0
ﾂｼ,kana,muni,172031,17,0,0
ﾂｼ,kana,muni,173860,17,0,0
ﾂｼ,kana,muni,221309,22,1,0
ﾂｼ,kana,muni,221384,22,0,1
ﾂｼ,kana,muni,221392,22,0,1
ﾂｼ,kana,muni,221406,22,0,1
ﾂｼ,kana,muni,232084,23,0,0
ﾂｼ,kana,muni,242012,24,0,0
ﾂｼ,kana,muni,252018,25,0,0
ﾂｼ,kana,muni,252069,25,0,0
ﾂｼ,kana,muni,272060,27,0,0
ﾂｼ,kana,muni,272248,27,0,0
ﾂｼ,kana,muni,322075,32,0,0
ﾂｼ,kana,muni,352071,35,0,0
ﾂｼ,kana,muni,362034,36,0,0
ﾂｼ,kana,muni,364011,36,0,0
ﾂｼ,kana,muni,372013,37,0,0
ﾂｼ,kana,muni,402249,40,0,0
ﾂｼ,kana,muni,412023,41,0,0
ﾂｼ,kana,muni,422096,42,0,0
ﾂｼ,kana,muni,432024,43,0,0
ﾂｼ,kana,muni,442038,44,0,0
ﾂﾀ,kana,muni,143634,14,0,0
ﾂﾀ,kana,muni,231096,23,0,1
ﾂﾁ,kana,muni,13030,1,0,0
ﾂﾁ,kana,muni,13927,1,0,0
ﾂﾁ,kana,muni,13986,1,0,0
ﾂﾁ,kana,muni,14346,1,0,0
ﾂﾁ,kana,muni,14567,1,0,0
ﾂﾁ,kana,muni,14869,1,0,0
ﾂﾁ,kana,muni,15121,1,0,0
ﾂﾁ,kana,muni,15130,1,0,0
ﾂﾁ,kana,muni,15440,1,0,0
ﾂﾁ,kana,muni,15598,1,0,0
ﾂﾁ,kana,muni,15750,1,0,0
ﾂﾁ,kana,muni,16438,1,0,0
ﾂﾁ,kana,muni,16462,1,0,0
ﾂﾁ,kana,muni,16489,1,0,0
ﾂﾁ,kana,muni,16926,1,0,0
ﾂﾁ,kana,muni,16934,1,0,0
ﾂﾁ,kana,muni,34614,3,0,0
ﾂﾁ,kana,muni,82031,8,0,0
ﾂﾁ,kana,muni,213039,21,0,0
ﾂﾁ,kana,muni,215058,21,0,0
ﾂﾁ,kana,muni,363022,36,0,0
ﾂﾁ,kana,muni,374041,37,0,0
ﾂﾁ,kana,muni,423084,42,0,0
ﾂﾂ,kana,muni,141186,14,0,1
ﾂﾄ,kana,muni,122076,12,0,0
ﾂﾅ,kana,muni,13935,1,0,0
ﾂﾅ,kana,muni,16381,1,0,0
ﾂﾅ,kana,muni,154822,15,0,0
ﾂﾅ,kana,muni,434841,43,0,0
ﾂﾉ,name,muni,282294,28,0,0
ﾂﾉ,kana,muni,92011,9,0,0
ﾂﾉ,kana,muni,203823,20,0,0
ﾂﾉ,kana,muni,282294,28,0,0
ﾂﾉ,kana,muni,384844,38,0,0
ﾂﾉ,kana,muni,394114,39,0,0
ﾂﾉ,kana,muni,454061,45,0,0
ﾂﾊ,kana,muni,152137,15,0,0
ﾂﾊ,kana,muni,173614,17,0,0
ﾂﾊ,kana,muni,272175,27,0,0
ﾂﾌ,kana,muni,114651,11,0,0
ﾂﾍ,kana,muni,11088,1,0,1
ﾂﾍ,kana,muni,15440,1,0,0
ﾂﾏ,name,muni,462209,46,0,0
ﾂﾏ,name,muni,463922,46,0,0
ﾂﾏ,kana,muni,13315,1,0,0
ﾂﾏ,kana,muni,15814,1,0,0
ﾂﾏ,kana,muni,23035,2,0,0
ﾂﾏ,kana,muni,82104,8,0,0
ﾂﾏ,kana,muni,104256,10,0,0
ﾂﾏ,kana,muni,104264,10,0,0
ﾂﾏ,kana,muni,104299,10,0,0
ﾂﾏ,kana,muni,204226,20,0,0
ﾂﾏ,kana,muni,462152,46,0,0
ﾂﾏ,kana,muni,462209,46,0,0
ﾂﾏ,kana,muni,463922,46,0,0
ﾂﾑ,kana,muni,13048,1,0,0
ﾂﾑ,kana,muni,13978,1,0,0
ﾂﾑ,kana,muni,14851,1,0,0
ﾂﾑ,kana,muni,15113,1,0,0
ﾂﾑ,kana,muni,16390,1,0,0
ﾂﾑ,kana,muni,16977,1,0,0
ﾂﾑ,kana,muni,16985,1,0,0
ﾂﾓ,kana,muni,202029,20,0,0
ﾂﾔ,kana,muni,112127,11,0,0
ﾂﾔ,kana,muni,182061,18,0,0
ﾂﾔ,kana,muni,332038,33,0,0
ﾂﾔ,kana,muni,382019,38,0,0
ﾂﾗ,name,muni,303411,30,0,0
ﾂﾗ,kana,muni,75485,7,0,0
ﾂﾗ,kana,muni,194239,19,0,0
ﾂﾗ,kana,muni,292117,29,0,0
ﾂﾗ,kana,muni,303411,30,0,0
ﾂﾘ,kana,muni,74829,7,0,0
ﾂﾙ,name,muni,364681,36,0,0
ﾂﾙ,kana,muni,16675,1,0,0
ﾂﾙ,kana,muni,23841,2,0,0
ﾂﾙ,kana,muni,62031,6,0,0
ﾂﾙ,kana,muni,112411,11,0,0
ﾂﾙ,kana,muni,141011,14,0,1
ﾂﾙ,kana,muni,182028,18,0,0
ﾂﾙ,kana,muni,192040,19,0,0
ﾂﾙ,kana,muni,271241,27,0,1
ﾂﾙ,kana,muni,364681,36,0,0
ﾂﾜ,kana,muni,325015,32,0,0
ﾂﾞ,kana,muni,52094,5,0,0
ﾂﾞ,kana,muni,72028,7,0,0
ﾂﾞ,kana,muni,73687,7,0,0
ﾂﾞ,kana,muni,74055,7,0,0
ﾂﾞ,kana,muni,74217,7,0,0
ﾂﾞ,kana,muni,74233,7,0,0
ﾂﾞ,kana,muni,74471,7,0,0
ﾂﾞ,kana,muni,122068,12,0,0
ﾂﾞ,kana,muni,133647,13,0,0
ﾂﾞ,kana,muni,141186,14,0,1
ﾂﾞ,kana,muni,143839,14,0,0
ﾂﾞ,kana,muni,162043,16,0,0
ﾂﾞ,kana,muni,202207,20,0,0
ﾂﾞ,kana,muni,205907,20,0,0
ﾂﾞ,kana,muni,212211,21,0,0
ﾂﾞ,kana,muni,222038,22,0,0
ﾂﾞ,kana,muni,222127,22,0,0
ﾂﾞ,kana,muni,223026,22,0,0
ﾂﾞ,kana,muni,262021,26,0,0
ﾂﾞ,kana,muni,262056,26,0,0
ﾂﾞ,kana,muni,262145,26,0,0
ﾂﾞ,kana,muni,263656,26,0,0
ﾂﾞ,kana,muni,272086,27,0,0
ﾂﾞ,kana,muni,282146,28,0,0
ﾂﾞ,kana,muni,313289,31,0,0
ﾂﾞ,kana,muni,313840,31,0,0
ﾂﾞ,kana,muni,373869,37,0,0
ﾂﾞ,kana,muni,402052,40,0,0
ﾂﾞ,kana,muni,434035,43,0,0
ﾃｲ,kana,muni,11096,1,0,1
ﾃｷ,kana,muni,93432,9,0,0
ﾃｹ,kana,pref,30007,3,0,0
ﾃｼ,kana,muni,12025,1,0,0
ﾃｼ,kana,muni,12335,1,0,0
ﾃｼ,kana,muni,14877,1,0,0
ﾃｼ,kana,muni,16659,1,0,0
ﾃｼ,kana,muni,52035,5,0,0
ﾃｼ,kana,muni,52043,5,0,0
ﾃｼ,kana,muni,72133,7,0,0
ﾃｼ,kana,muni,112402,11,0,0
ﾃｼ,kana,muni,203246,20,0,0
ﾃｼ,kana,muni,232386,23,0,0
ﾃｼ,kana,muni,272299,27,0,0
ﾃｼ,kana,muni,462136,46,0,0
ﾃﾊ,kana,muni,102075,10,0,0
ﾃﾏ,kana,muni,33031,3,0,0
ﾃﾏ,kana,muni,404021,40,0,0
ﾃﾑ,kana,muni,23671,2,0,0
ﾃﾑ,kana,muni,75647,7,0,0
ﾃﾔ,kana,muni,122050,12,0,0
ﾃﾔ,kana,muni,163236,16,0,0
ﾃﾝ,kana,muni,62103,6,0,0
ﾃﾝ,kana,muni,73440,7,0,0
ﾃﾝ,kana,muni,204137,20,0,0
ﾃﾝ,kana,muni,221406,22,0,1
ﾃﾝ,kana,muni,222151,22,0,0
ﾃﾝ,kana,muni,231169,23,0,1
ﾃﾝ,kana,muni,271098,27,0,1
ﾃﾝ,kana,muni,292044,29,0,0
ﾃﾝ,kana,muni,294462,29,0,0
ﾃﾞ,kana,muni,64033,6,0,0
ﾃﾞ,kana,muni,82171,8,0,0
ﾃﾞ,kana,muni,122297,12,0,0
ﾃﾞ,kana,muni,133051,13,0,0
ﾃﾞ,kana,muni,263435,26,0,0
ﾃﾞ,kana,muni,272264,27,0,0
ﾃﾞ,kana,muni,302091,30,0,0
ﾃﾞ,kana,muni,372030,37,0,0
ﾃﾞ,kana,muni,473251,47,0,0
ﾄｯ,kana,pref,310000,31,0,0
ﾄｯ,kana,muni,312011,31,0,0
ﾄｲ,kana,muni,14702,1,0,0
ﾄｲ,kana,muni,152161,15,0,0
ﾄｳ,kana,muni,13030,1,0,0
ﾄｳ,kana,muni,14541,1,0,0
ﾄｳ,kana,muni,15849,1,0,0
ﾄｳ,kana,muni,24082,2,0,0
ﾄｳ,kana,muni,83411,8,0,0
ﾄｳ,kana,muni,103446,10,0,0
ﾄｳ,kana,muni,122131,12,0,0
ﾄｳ,kana,muni,123498,12,0,0
ﾄｳ,kana,pref,130001,13,0,0
ﾄｳ,kana,muni,131067,13,0,0
ﾄｳ,kana,muni,131083,13,0,0
ﾄｳ,kana,muni,132292,13,0,0
ﾄｳ,kana,muni,202193,20,0,0
ﾄｳ,kana,muni,222089,22,0,0
ﾄｳ,kana,muni,231151,23,0,1
ﾄｳ,kana,muni,232220,23,0,0
ﾄｳ,kana,muni,233021,23,0,0
ﾄｳ,kana,muni,235628,23,0,0
ﾄｳ,kana,muni,243248,24,0,0
ﾄｳ,kana,muni,252085,25,0,0
ﾄｳ,kana,muni,271187,27,0,1
ﾄｳ,kana,muni,272183,27,0,0
ﾄｳ,kana,muni,282286,28,0,0
ﾄｳ,kana,muni,313718,31,0,0
ﾄｳ,kana,muni,332127,33,0,0
ﾄｳ,kana,muni,382159,38,0,0
ﾄｳ,kana,muni,393011,39,0,0
ﾄｳ,kana,muni,404489,40,0,0
ﾄｳ,kana,muni,406082,40,0,0
ﾄｳ,kana,muni,422118,42,0,0
ﾄｳ,kana,muni,424111,42,0,0
ﾄｳ,kana,muni,433641,43,0,0
ﾄｳ,kana,muni,465259,46,0,0
ﾄｳ,kana,muni,473570,47,0,0
ﾄｳ,kana,muni,473588,47,0,0
ﾄｵ,kana,muni,32085,3,0,0
ﾄｵ,kana,muni,152102,15,0,0
ﾄｶ,kana,muni,23078,2,0,0
ﾄｶ,kana,muni,473537,47,0,0
ﾄｷ,name,muni,113492,11,0,0
ﾄｷ,kana,muni,113492,11,0,0
ﾄｷ,kana,muni,212121,21,0,0
ﾄｷ,kana,muni,423084,42,0,0
ﾄｸ,kana,muni,16357,1,0,0
ﾄｸ,kana,muni,131032,13,0,0
ﾄｸ,kana,muni,231118,23,0,1
ﾄｸ,kana,muni,271071,27,0,1
ﾄｸ,kana,pref,360007,36,0,0
ﾄｸ,kana,muni,362018,36,0,0
ﾄｸ,kana,muni,465305,46,0,0
ﾄｹ,kana,pref,430005,43,0,0
ﾄｺ,kana,muni,112089,11,0,0
ﾄｺ,kana,muni,232165,23,0,0
ﾄｺ,kana,muni,292036,29,0,0
ﾄｻ,kana,muni,63673,6,0,0
ﾄｻ,kana,muni,392057,39,0,0
ﾄｻ,kana,muni,392090,39,0,0
ﾄｻ,kana,muni,393631,39,0,0
ﾄｻ,kana,muni,394017,39,0,0
ﾄｼ,kana,muni,12360,1,0,0
ﾄｼ,kana,muni,32034,3,0,0
ﾄｼ,kana,muni,82015,8,0,0
ﾄｼ,kana,muni,112330,11,0,0
ﾄｼ,kana,muni,112372,11,0,0
ﾄｼ,kana,muni,122335,12,0,0
ﾄｼ,kana,muni,122394,12,0,0
ﾄｼ,kana,muni,131164,13,0,0
ﾄｼ,kana,muni,132209,13,0,0
ﾄｼ,kana,muni,133621,13,0,0
ﾄｼ,kana,muni,142131,14,0,0
ﾄｼ,kana,muni,162108,16,0,0
ﾄｼ,kana,muni,192091,19,0,0
ﾄｼ,kana,muni,202029,20,0,0
ﾄｼ,kana,muni,232041,23,0,0
ﾄｼ,kana,muni,261009,26,1,0
ﾄｼ,kana,muni,261017,26,0,1
ﾄｼ,kana,muni,261025,26,0,1
ﾄｼ,kana,muni,261033,26,0,1
ﾄｼ,kana,muni,261041,26,0,1
ﾄｼ,kana,muni,261050,26,0,1
ﾄｼ,kana,muni,261068,26,0,1
ﾄｼ,kana,muni,261076,26,0,1
ﾄｼ,kana,muni,261084,26,0,1
ﾄｼ,kana,muni,261092,26,0,1
ﾄｼ,kana,muni,261106,26,0,1
ﾄｼ,kana,muni,261114,26,0,1
ﾄｼ,kana,muni,282057,28,0,0
ﾄｼ,kana,muni,302031,30,0,0
ﾄｼ,kana,muni,312045,31,0,0
ﾄｼ,kana,muni,334456,33,0,0
ﾄｼ,kana,muni,352110,35,0,0
ﾄｼ,kana,muni,362026,36,0,0
ﾄｼ,kana,muni,392022,39,0,0
ﾄｼ,kana,muni,392103,39,0,0
ﾄｼ,kana,muni,402303,40,0,0
ﾄｼ,kana,muni,431001,43,1,0
ﾄｼ,kana,muni,431010,43,0,1
ﾄｼ,kana,muni,431028,43,0,1
ﾄｼ,kana,muni,431036,43,0,1
ﾄｼ,kana,muni,431044,43,0,1
ﾄｼ,kana,muni,431052,43,0,1
ﾄｼ,kana,muni,432113,43,0,0
ﾄｼ,kana,muni,452084,45,0,0
ﾄｼ,kana,muni,463043,46,0,0
ﾄｽ,kana,muni,212181,21,0,0
ﾄｽ,kana,muni,412031,41,0,0
ﾄｾ,kana,muni,12246,1,0,0
ﾄｿ,kana,muni,465232,46,0,0
ﾄﾀ,kana,muni,112241,11,0,0
ﾄﾀ,kana,muni,292028,29,0,0
ﾄﾀ,kana,muni,406040,40,0,0
ﾄﾁ,kana,muni,15466,1,0,0
ﾄﾁ,kana,muni,15504,1,0,0
ﾄﾁ,kana,muni,43621,4,0,0
ﾄﾁ,kana,muni,44229,4,0,0
ﾄﾁ,kana,muni,54348,5,0,0
ﾄﾁ,kana,pref,90000,9,0,0
ﾄﾁ,kana,muni,92037,9,0,0
ﾄﾁ,kana,muni,174637,17,0,0
ﾄﾁ,kana,muni,193461,19,0,0
ﾄﾁ,kana,muni,254410,25,0,0
ﾄﾁ,kana,muni,273015,27,0,0
ﾄﾁ,kana,muni,293636,29,0,0
ﾄﾁ,kana,muni,304280,30,0,0
ﾄﾁ,kana,muni,324485,32,0,0
ﾄﾁ,kana,muni,394122,39,0,0
ﾄﾁ,kana,muni,434477,43,0,0
ﾄﾁ,kana,muni,454311,45,0,0
ﾄﾂ,kana,muni,14320,1,0,0
ﾄﾂ,kana,muni,141101,14,0,1
ﾄﾂ,kana,muni,294497,29,0,0
ﾄﾅ,kana,muni,162086,16,0,0
ﾄﾅ,kana,muni,473561,47,0,0
ﾄﾈ,kana,muni,85642,8,0,0
ﾄﾉ,kana,muni,373222,37,0,0
ﾄﾊ,kana,muni,242110,24,0,0
ﾄﾊ,kana,muni,401056,40,0,1
ﾄﾋ,kana,muni,234273,23,0,0
ﾄﾋ,kana,muni,374032,37,0,0
ﾄﾌ,kana,muni,16314,1,0,0
ﾄﾌ,kana,pref,260002,26,0,0
ﾄﾌ,kana,muni,473081,47,0,0
ﾄﾍ,kana,muni,13641,1,0,0
ﾄﾍ,kana,muni,384020,38,0,0
ﾄﾏ,kana,muni,12131,1,0,0
ﾄﾏ,kana,muni,14036,1,0,0
ﾄﾏ,kana,muni,14834,1,0,0
ﾄﾏ,kana,muni,16969,1,0,0
ﾄﾏ,kana,muni,45055,4,0,0
ﾄﾏ,kana,muni,53465,5,0,0
ﾄﾏ,kana,muni,74471,7,0,0
ﾄﾏ,kana,muni,83101,8,0,0
ﾄﾏ,kana,muni,113816,11,0,0
ﾄﾏ,kana,muni,113859,11,0,0
ﾄﾏ,kana,muni,114642,11,0,0
ﾄﾏ,kana,muni,174076,17,0,0
ﾄﾏ,kana,muni,324418,32,0,0
ﾄﾏ,kana,muni,433489,43,0,0
ﾄﾏ,kana,muni,472107,47,0,0
ﾄﾐ,kana,muni,15164,1,0,0
ﾄﾐ,kana,muni,42161,4,0,0
ﾄﾐ,kana,muni,72141,7,0,0
ﾄﾐ,kana,muni,75434,7,0,0
ﾄﾐ,kana,muni,102105,10,0,0
ﾄﾐ,kana,muni,122335,12,0,0
ﾄﾐ,kana,muni,215023,21,0,0
ﾄﾐ,kana,muni,232351,23,0,0
ﾄﾐ,kana,muni,406422,40,0,0
ﾄﾐ,kana,muni,453820,45,0,0
ﾄﾐ,kana,muni,454028,45,0,0
ﾄﾐ,kana,muni,472123,47,0,0
ﾄﾐ,kana,muni,473812,47,0,0
ﾄﾒ,kana,muni,42129,4,0,0
ﾄﾔ,kana,muni,113484,11,0,0
ﾄﾔ,kana,pref,160008,16,0,0
ﾄﾔ,kana,muni,162019,16,0,0
ﾄﾔ,kana,muni,393410,39,0,0
ﾄﾖ,kana,muni,11053,1,0,1
ﾄﾖ,kana,muni,15164,1,0,0
ﾄﾖ,kana,muni,15717,1,0,0
ﾄﾖ,kana,muni,16454,1,0,0
ﾄﾖ,kana,muni,204161,20,0,0
ﾄﾖ,kana,muni,232017,23,0,0
ﾄﾖ,kana,muni,232076,23,0,0
ﾄﾖ,kana,muni,232114,23,0,0
ﾄﾖ,kana,muni,232297,23,0,0
ﾄﾖ,kana,muni,233421,23,0,0
ﾄﾖ,kana,muni,234478,23,0,0
ﾄﾖ,kana,muni,235636,23,0,0
ﾄﾖ,kana,muni,254410,25,0,0
ﾄﾖ,kana,muni,272035,27,0,0
ﾄﾖ,kana,muni,273210,27,0,0
ﾄﾖ,kana,muni,282090,28,0,0
ﾄﾖ,kana,muni,372081,37,0,0
ﾄﾖ,kana,muni,393444,39,0,0
ﾄﾖ,kana,muni,432032,43,0,0
ﾄﾘ,kana,muni,16021,1,0,0
ﾄﾘ,kana,muni,42072,4,0,0
ﾄﾘ,kana,muni,82171,8,0,0
ﾄﾘ,kana,muni,122360,12,0,0
ﾄﾘ,kana,muni,273619,27,0,0
ﾄﾘ,kana,muni,294012,29,0,0
ﾄﾘ,kana,pref,310000,31,0,0
ﾄﾘ,kana,muni,312011,31,0,0
ﾄﾛ,kana,muni,17001,1,0,0
ﾄﾛ,kana,muni,113638,11,0,0
ﾄﾜ,kana,muni,22063,2,0,0
ﾄﾝ,kana,muni,15121,1,0,0
ﾄﾝ,kana,muni,15130,1,0,0
ﾄﾝ,kana,muni,272141,27,0,0
ﾄﾝ,kana,muni,304042,30,0,0
ﾄﾞ,name,muni,102121,10,0,0
ﾄﾞ,kana,pref,10006,1,0,0
ﾄﾞ,kana,muni,23876,2,0,0
ﾄﾞ,kana,muni,24244,2,0,0
ﾄﾞ,kana,muni,62103,6,0,0
ﾄﾞ,kana,muni,75051,7,0,0
ﾄﾞ,kana,muni,82287,8,0,0
ﾄﾞ,kana,muni,102121,10,0,0
ﾄﾞ,kana,muni,111091,11,0,1
ﾄﾞ,kana,muni,112399,11,0,0
ﾄﾞ,kana,muni,121053,12,0,1
ﾄﾞ,kana,muni,122076,12,0,0
ﾄﾞ,kana,muni,122289,12,0,0
ﾄﾞ,kana,muni,131237,13,0,0
ﾄﾞ,kana,muni,141062,14,0,1
ﾄﾞ,kana,muni,141135,14,0,1
ﾄﾞ,kana,muni,141518,14,0,1
ﾄﾞ,kana,muni,152242,15,0,0
ﾄﾞ,kana,muni,194221,19,0,0
ﾄﾞ,kana,muni,213811,21,0,0
ﾄﾞ,kana,muni,231142,23,0,1
ﾄﾞ,kana,muni,271136,27,0,1
ﾄﾞ,kana,muni,271144,27,0,1
ﾄﾞ,kana,muni,271233,27,0,1
ﾄﾞ,kana,muni,272230,27,0,0
ﾄﾞ,kana,muni,293458,29,0,0
ﾄﾞ,kana,muni,294420,29,0,0
ﾄﾞ,kana,muni,303437,30,0,0
ﾄﾞ,kana,muni,373249,37,0,0
ﾄﾞ,kana,muni,374041,37,0,0
ﾄﾞ,kana,muni,393878,39,0,0
ﾄﾞ,kana,muni,422070,42,0,0
ﾄﾞ,kana,muni,454214,45,0,0
ﾄﾞ,kana,muni,465330,46,0,0
ﾅ町,name,muni,13714,1,0,0
ﾅｲ,kana,muni,12149,1,0,0
ﾅｲ,kana,muni,12271,1,0,0
ﾅｲ,kana,muni,13340,1,0,0
ﾅｲ,kana,muni,13935,1,0,0
ﾅｲ,kana,muni,14028,1,0,0
ﾅｲ,kana,muni,14044,1,0,0
ﾅｲ,kana,muni,14249,1,0,0
ﾅｲ,kana,muni,14729,1,0,0
ﾅｲ,kana,muni,16381,1,0,0
ﾅｲ,kana,muni,23019,2,0,0
ﾅｲ,kana,muni,64289,6,0,0
ﾅｲ,kana,muni,74233,7,0,0
ﾅｲ,kana,muni,152277,15,0,0
ﾅｲ,kana,muni,352128,35,0,0
ﾅｴ,kana,muni,13374,1,0,0
ﾅｵ,kana,muni,172022,17,0,0
ﾅｵ,kana,muni,373648,37,0,0
ﾅｶ,name,muni,82210,8,0,0
ﾅｶ,name,muni,104493,10,0,0
ﾅｶ,kana,muni,12262,1,0,0
ﾅｶ,kana,muni,14257,1,0,0
ﾅｶ,kana,muni,14281,1,0,0
ﾅｶ,kana,muni,14613,1,0,0
ﾅｶ,kana,muni,14711,1,0,0
ﾅｶ,kana,muni,15130,1,0,0
ﾅｶ,kana,muni,16381,1,0,0
ﾅｶ,kana,muni,16632,1,0,0
ﾅｶ,kana,muni,16926,1,0,0
ﾅｶ,kana,muni,23671,2,0,0
ﾅｶ,kana,muni,23876,2,0,0
ﾅｶ,kana,muni,45811,4,0,0
ﾅｶ,kana,muni,62090,6,0,0
ﾅｶ,kana,muni,63029,6,0,0
ﾅｶ,kana,muni,63631,6,0,0
ﾅｶ,kana,muni,74659,7,0,0
ﾅｶ,kana,muni,82210,8,0,0
ﾅｶ,kana,muni,82261,8,0,0
ﾅｶ,kana,muni,94111,9,0,0
ﾅｶ,kana,muni,102113,10,0,0
ﾅｶ,kana,muni,104213,10,0,0
ﾅｶ,kana,muni,104248,10,0,0
ﾅｶ,kana,muni,104493,10,0,0
ﾅｶ,kana,muni,113638,11,0,0
ﾅｶ,kana,muni,122203,12,0,0
ﾅｶ,kana,muni,124265,12,0,0
ﾅｶ,kana,muni,131091,13,0,0
ﾅｶ,kana,muni,131148,13,0,0
ﾅｶ,kana,pref,140007,14,0,0
ﾅｶ,kana,muni,141020,14,0,1
ﾅｶ,kana,muni,141046,14,0,1
ﾅｶ,kana,muni,141330,14,0,1
ﾅｶ,kana,muni,143618,14,0,0
ﾅｶ,kana,muni,152021,15,0,0
ﾅｶ,kana,muni,174076,17,0,0
ﾅｶ,kana,muni,194255,19,0,0
ﾅｶ,kana,pref,200000,20,0,0
ﾅｶ,kana,muni,202011,20,0,0
ﾅｶ,kana,muni,202118,20,0,0
ﾅｶ,kana,muni,203505,20,0,0
ﾅｶ,kana,muni,203866,20,0,0
ﾅｶ,kana,muni,212067,21,0,0
ﾅｶ,kana,muni,223425,22,0,0
ﾅｶ,kana,muni,231053,23,0,1
ﾅｶ,kana,muni,231061,23,0,1
ﾅｶ,kana,muni,231100,23,0,1
ﾅｶ,kana,muni,232386,23,0,0
ﾅｶ,kana,muni,252034,25,0,0
ﾅｶ,kana,muni,261041,26,0,1
ﾅｶ,kana,muni,262099,26,0,0
ﾅｶ,kana,muni,271420,27,0,1
ﾅｶ,kana,muni,272035,27,0,0
ﾅｶ,kana,muni,272167,27,0,0
ﾅｶ,kana,muni,281069,28,0,1
ﾅｶ,kana,muni,283011,28,0,0
ﾅｶ,kana,muni,331023,33,0,1
ﾅｶ,kana,muni,341011,34,0,1
ﾅｶ,kana,muni,352110,35,0,0
ﾅｶ,kana,muni,363685,36,0,0
ﾅｶ,kana,muni,394017,39,0,0
ﾅｶ,kana,muni,402079,40,0,0
ﾅｶ,kana,muni,402150,40,0,0
ﾅｶ,kana,muni,402206,40,0,0
ﾅｶ,kana,muni,402311,40,0,0
ﾅｶ,kana,pref,420000,42,0,0
ﾅｶ,kana,muni,422011,42,0,0
ﾅｶ,kana,muni,423076,42,0,0
ﾅｶ,kana,muni,433683,43,0,0
ﾅｶ,kana,muni,442038,44,0,0
ﾅｶ,kana,muni,464040,46,0,0
ﾅｶ,kana,muni,465011,46,0,0
ﾅｶ,kana,muni,473278,47,0,0
ﾅｶ,kana,muni,473286,47,0,0
ﾅｷ,kana,muni,23817,2,0,0
ﾅｷ,kana,muni,132250,13,0,0
ﾅｷ,kana,muni,204234,20,0,0
ﾅｷ,kana,muni,336238,33,0,0
ﾅｷ,kana,muni,434841,43,0,0
ﾅｷ,kana,muni,473065,47,0,0
ﾅｷ,kana,muni,473561,47,0,0
ﾅｸ,kana,muni,74811,7,0,0
ﾅｸ,kana,muni,221392,22,0,1
ﾅｸ,kana,muni,261106,26,0,1
ﾅｸ,kana,muni,271047,27,0,1
ﾅｸ,kana,muni,473821,47,0,0
ﾅｹ,kana,muni,121037,12,0,1
ﾅｺ,kana,muni,231002,23,1,0
ﾅｺ,kana,muni,231011,23,0,1
ﾅｺ,kana,muni,231029,23,0,1
ﾅｺ,kana,muni,231037,23,0,1
ﾅｺ,kana,muni,231045,23,0,1
ﾅｺ,kana,muni,231053,23,0,1
ﾅｺ,kana,muni,231061,23,0,1
ﾅｺ,kana,muni,231070,23,0,1
ﾅｺ,kana,muni,231088,23,0,1
ﾅｺ,kana,muni,231096,23,0,1
ﾅｺ,kana,muni,231100,23,0,1
ﾅｺ,kana,muni,231118,23,0,1
ﾅｺ,kana,muni,231126,23,0,1
ﾅｺ,kana,muni,231134,23,0,1
ﾅｺ,kana,muni,231142,23,0,1
ﾅｺ,kana,muni,231151,23,0,1
ﾅｺ,kana,muni,231169,23,0,1
ﾅｺ,kana,muni,232343,23,0,0
ﾅｺ,kana,muni,312029,31,0,0
ﾅｺ,kana,muni,363219,36,0,0
ﾅｺ,kana,muni,433691,43,0,0
ﾅｺ,kana,muni,472093,47,0,0
ﾅｻ,kana,muni,62120,6,0,0
ﾅｻ,kana,muni,141089,14,0,1
ﾅｻ,kana,muni,172014,17,0,0
ﾅｻ,kana,muni,232203,23,0,0
ﾅｼ,kana,muni,82295,8,0,0
ﾅｼ,kana,muni,142158,14,0,0
ﾅｼ,kana,pref,190004,19,0,0
ﾅｼ,kana,muni,192058,19,0,0
ﾅｼ,kana,muni,202096,20,0,0
ﾅｼ,kana,muni,212105,21,0,0
ﾅｼ,kana,muni,242055,24,0,0
ﾅｼ,kana,muni,432067,43,0,0
ﾅｽ,kana,muni,92134,9,0,0
ﾅｽ,kana,muni,92151,9,0,0
ﾅｽ,kana,muni,94072,9,0,0
ﾅｿ,kana,muni,473111,47,0,0
ﾅｿ,kana,muni,473600,47,0,0
ﾅﾀ,kana,muni,173657,17,0,0
ﾅﾀ,kana,muni,281018,28,0,1
ﾅﾀ,kana,muni,281026,28,0,1
ﾅﾁ,kana,muni,13714,1,0,0
ﾅﾁ,kana,muni,304212,30,0,0
ﾅﾁ,kana,muni,423220,42,0,0
ﾅﾁ,kana,muni,465348,46,0,0
ﾅﾁ,kana,muni,473251,47,0,0
ﾅﾂ,kana,muni,143839,14,0,0
ﾅﾄ,kana,muni,32034,3,0,0
ﾅﾄ,kana,muni,42072,4,0,0
ﾅﾄ,kana,muni,131032,13,0,0
ﾅﾄ,kana,muni,231118,23,0,1
ﾅﾄ,kana,muni,271071,27,0,1
ﾅﾄ,kana,muni,312045,31,0,0
ﾅﾅ,kana,muni,13374,1,0,0
ﾅﾅ,kana,muni,172022,17,0,0
ﾅﾆ,kana,muni,271110,27,0,1
ﾅﾉ,kana,muni,113620,11,0,0
ﾅﾉ,kana,muni,205834,20,0,0
ﾅﾊ,kana,muni,122041,12,0,0
ﾅﾊ,kana,muni,163210,16,0,0
ﾅﾊ,kana,muni,242080,24,0,0
ﾅﾊ,kana,muni,393029,39,0,0
ﾅﾊ,kana,muni,472018,47,0,0
ﾅﾊ,kana,muni,473481,47,0,0
ﾅﾍ,name,muni,242144,24,0,0
ﾅﾍ,name,muni,303917,30,0,0
ﾅﾍ,kana,muni,242144,24,0,0
ﾅﾍ,kana,muni,262111,26,0,0
ﾅﾍ,kana,muni,302066,30,0,0
ﾅﾍ,kana,muni,303917,30,0,0
ﾅﾍ,kana,muni,454010,45,0,0
ﾅﾏ,kana,muni,32051,3,0,0
ﾅﾏ,kana,muni,103675,10,0,0
ﾅﾏ,kana,muni,113018,11,0,0
ﾅﾏ,kana,muni,203246,20,0,0
ﾅﾏ,kana,muni,205907,20,0,0
ﾅﾏ,kana,muni,432059,43,0,0
ﾅﾐ,kana,muni,11061,1,0,1
ﾅﾐ,kana,muni,14621,1,0,0
ﾅﾐ,kana,muni,46060,4,0,0
ﾅﾐ,kana,muni,72125,7,0,0
ﾅﾐ,kana,muni,73687,7,0,0
ﾅﾐ,kana,muni,75477,7,0,0
ﾅﾐ,kana,muni,111082,11,0,1
ﾅﾐ,kana,muni,121029,12,0,1
ﾅﾐ,kana,muni,122343,12,0,0
ﾅﾐ,kana,muni,131156,13,0,0
ﾅﾐ,kana,muni,141054,14,0,1
ﾅﾐ,kana,muni,141534,14,0,1
ﾅﾐ,kana,muni,142174,14,0,0
ﾅﾐ,kana,muni,151068,15,0,1
ﾅﾐ,kana,muni,152269,15,0,0
ﾅﾐ,kana,muni,162086,16,0,0
ﾅﾐ,kana,muni,174611,17,0,0
ﾅﾐ,kana,muni,184047,18,0,0
ﾅﾐ,kana,muni,192082,19,0,0
ﾅﾐ,kana,muni,203050,20,0,0
ﾅﾐ,kana,muni,203068,20,0,0
ﾅﾐ,kana,muni,203858,20,0,0
ﾅﾐ,kana,muni,212083,21,0,0
ﾅﾐ,kana,muni,223042,22,0,0
ﾅﾐ,kana,muni,223255,22,0,0
ﾅﾐ,kana,muni,231126,23,0,1
ﾅﾐ,kana,muni,234451,23,0,0
ﾅﾐ,kana,muni,244724,24,0,0
ﾅﾐ,kana,muni,261076,26,0,1
ﾅﾐ,kana,muni,263672,26,0,0
ﾅﾐ,kana,muni,271454,27,0,1
ﾅﾐ,kana,muni,282243,28,0,0
ﾅﾐ,kana,muni,283819,28,0,0
ﾅﾐ,kana,muni,303909,30,0,0
ﾅﾐ,kana,muni,331040,33,0,1
ﾅﾐ,kana,muni,341037,34,0,1
ﾅﾐ,kana,muni,341053,34,0,1
ﾅﾐ,kana,muni,363871,36,0,0
ﾅﾐ,kana,muni,401072,40,0,1
ﾅﾐ,kana,muni,401340,40,0,1
ﾅﾐ,kana,muni,422142,42,0,0
ﾅﾐ,kana,muni,431044,43,0,1
ﾅﾐ,kana,muni,434230,43,0,0
ﾅﾐ,kana,muni,434337,43,0,0
ﾅﾐ,kana,muni,454052,45,0,0
ﾅﾐ,kana,muni,462209,46,0,0
ﾅﾐ,kana,muni,462233,46,0,0
ﾅﾐ,kana,muni,464911,46,0,0
ﾅﾐ,kana,muni,465020,46,0,0
ﾅﾐ,kana,muni,473570,47,0,0
ﾅﾑ,kana,muni,16993,1,0,0
ﾅﾑ,kana,muni,104434,10,0,0
ﾅﾒ,kana,muni,82333,8,0,0
ﾅﾒ,kana,muni,113417,11,0,0
ﾅﾒ,kana,muni,162060,16,0,0
ﾅﾒ,kana,muni,232165,23,0,0
ﾅﾖ,kana,muni,12211,1,0,0
ﾅﾗ,kana,muni,75426,7,0,0
ﾅﾗ,kana,muni,122165,12,0,0
ﾅﾗ,kana,pref,290009,29,0,0
ﾅﾗ,kana,muni,292010,29,0,0
ﾅﾘ,kana,muni,122114,12,0,0
ﾅﾘ,kana,muni,271152,27,0,1
ﾅﾘ,kana,muni,271225,27,0,1
ﾅﾙ,kana,muni,54640,5,0,0
ﾅﾙ,kana,muni,194298,19,0,0
ﾅﾙ,kana,muni,362026,36,0,0
ﾅﾜ,kana,muni,74080,7,0,0
ﾅﾜ,kana,muni,74837,7,0,0
ﾅﾜ,kana,muni,272299,27,0,0
ﾅﾜ,kana,pref,470007,47,0,0
ﾅﾜ,kana,muni,472115,47,0,0
ﾅﾝ,kana,muni,14231,1,0,0
ﾅﾝ,kana,muni,24457,2,0,0
ﾅﾝ,kana,muni,62138,6,0,0
ﾅﾝ,kana,muni,103837,10,0,0
ﾅﾝ,kana,muni,124273,12,0,0
ﾅﾝ,kana,muni,124630,12,0,0
ﾅﾝ,kana,muni,141119,14,0,1
ﾅﾝ,kana,muni,151041,15,0,1
ﾅﾝ,kana,muni,154822,15,0,0
ﾅﾝ,kana,muni,162108,16,0,0
ﾅﾝ,kana,muni,193666,19,0,0
ﾅﾝ,kana,muni,204048,20,0,0
ﾅﾝ,kana,muni,213021,21,0,0
ﾅﾝ,kana,muni,232092,23,0,0
ﾅﾝ,kana,muni,232173,23,0,0
ﾅﾝ,kana,muni,252115,25,0,0
ﾅﾝ,kana,muni,262137,26,0,0
ﾅﾝ,kana,muni,272281,27,0,0
ﾅﾝ,kana,muni,272329,27,0,0
ﾅﾝ,kana,muni,273821,27,0,0
ﾅﾝ,kana,muni,302023,30,0,0
ﾅﾝ,kana,muni,313891,31,0,0
ﾅﾝ,kana,muni,314013,31,0,0
ﾅﾝ,kana,muni,322091,32,0,0
ﾅﾝ,kana,muni,323861,32,0,0
ﾅﾝ,kana,muni,324493,32,0,0
ﾅﾝ,kana,muni,336637,33,0,0
ﾅﾝ,kana,muni,352152,35,0,0
ﾅﾝ,kana,muni,362042,36,0,0
ﾅﾝ,kana,muni,385069,38,0,0
ﾅﾝ,kana,muni,392049,39,0,0
ﾅﾝ,kana,muni,392111,39,0,0
ﾅﾝ,kana,muni,401366,40,0,1
ﾅﾝ,kana,muni,433675,43,0,0
ﾅﾝ,kana,muni,452041,45,0,0
ﾅﾝ,kana,muni,472158,47,0,0
ﾆｭ,kana,muni,163422,16,0,0
ﾆｯ,kana,muni,92061,9,0,0
ﾆｯ,kana,muni,232301,23,0,0
ﾆｲ,kana,muni,16047,1,0,0
ﾆｲ,kana,muni,112305,11,0,0
ﾆｲ,kana,muni,133639,13,0,0
ﾆｲ,kana,pref,150002,15,0,0
ﾆｲ,kana,muni,151009,15,1,0
ﾆｲ,kana,muni,151017,15,0,1
ﾆｲ,kana,muni,151025,15,0,1
ﾆｲ,kana,muni,151033,15,0,1
ﾆｲ,kana,muni,151041,15,0,1
ﾆｲ,kana,muni,151050,15,0,1
ﾆｲ,kana,muni,151068,15,0,1
ﾆｲ,kana,muni,151076,15,0,1
ﾆｲ,kana,muni,151084,15,0,1
ﾆｲ,kana,muni,332101,33,0,0
ﾆｲ,kana,muni,382051,38,0,0
ﾆｴ,kana,muni,234257,23,0,0
ﾆｶ,name,muni,52141,5,0,0
ﾆｶ,kana,muni,52141,5,0,0
ﾆｶ,kana,muni,473014,47,0,0
ﾆｷ,kana,muni,14079,1,0,0
ﾆｻ,kana,muni,442143,44,0,0
ﾆｼ,kana,muni,11070,1,0,1
ﾆｼ,kana,muni,15628,1,0,0
ﾆｼ,kana,muni,23434,2,0,0
ﾆｼ,kana,muni,33669,3,0,0
ﾆｼ,kana,muni,63223,6,0,0
ﾆｼ,kana,muni,63827,6,0,0
ﾆｼ,kana,muni,74055,7,0,0
ﾆｼ,kana,muni,74616,7,0,0
ﾆｼ,kana,muni,111015,11,0,1
ﾆｼ,kana,muni,132292,13,0,0
ﾆｼ,kana,muni,141038,14,0,1
ﾆｼ,kana,muni,151076,15,0,1
ﾆｼ,kana,muni,151084,15,0,1
ﾆｼ,kana,muni,194239,19,0,0
ﾆｼ,kana,muni,212148,21,0,0
ﾆｼ,kana,muni,222259,22,0,0
ﾆｼ,kana,muni,223069,22,0,0
ﾆｼ,kana,muni,231045,23,0,1
ﾆｼ,kana,muni,232131,23,0,0
ﾆｼ,kana,muni,261114,26,0,1
ﾆｼ,kana,muni,271063,27,0,1
ﾆｼ,kana,muni,271136,27,0,1
ﾆｼ,kana,muni,271225,27,0,1
ﾆｼ,kana,muni,271446,27,0,1
ﾆｼ,kana,muni,281115,28,0,1
ﾆｼ,kana,muni,282049,28,0,0
ﾆｼ,kana,muni,282138,28,0,0
ﾆｼ,kana,muni,282171,28,0,0
ﾆｼ,kana,muni,293610,29,0,0
ﾆｼ,kana,muni,325261,32,0,0
ﾆｼ,kana,muni,336432,33,0,0
ﾆｼ,kana,muni,341045,34,0,1
ﾆｼ,kana,muni,352080,35,0,0
ﾆｼ,kana,muni,401099,40,0,1
ﾆｼ,kana,muni,401358,40,0,1
ﾆｼ,kana,muni,431036,43,0,1
ﾆｼ,kana,muni,434329,43,0,0
ﾆｼ,kana,muni,435015,43,0,0
ﾆｼ,kana,muni,454036,45,0,0
ﾆｼ,kana,muni,462136,46,0,0
ﾆｼ,kana,muni,473294,47,0,0
ﾆｾ,name,muni,13951,1,0,0
ﾆｾ,kana,muni,13951,1,0,0
ﾆｿ,kana,muni,473553,47,0,0
ﾆﾀ,kana,muni,103829,10,0,0
ﾆﾀ,kana,muni,132152,13,0,0
ﾆﾁ,kana,muni,13625,1,0,0
ﾆﾁ,kana,muni,14273,1,0,0
ﾆﾁ,kana,muni,16080,1,0,0
ﾆﾁ,kana,muni,314013,31,0,0
ﾆﾁ,kana,muni,452041,45,0,0
ﾆﾁ,kana,muni,473821,47,0,0
ﾆﾄ,kana,muni,453820,45,0,0
ﾆﾉ,kana,muni,32131,3,0,0
ﾆﾉ,kana,muni,143421,14,0,0
ﾆﾎ,kana,muni,72109,7,0,0
ﾆﾏ,kana,muni,23621,2,0,0
ﾆﾏ,kana,muni,64017,6,0,0
ﾆﾏ,kana,muni,434230,43,0,0
ﾆﾏ,kana,muni,434248,43,0,0
ﾆﾐ,kana,muni,73032,7,0,0
ﾆﾑ,kana,muni,53279,5,0,0
ﾆﾑ,kana,muni,293857,29,0,0
ﾆﾕ,kana,muni,112160,11,0,0
ﾆﾖ,kana,muni,393878,39,0,0
ﾆﾗ,kana,muni,192074,19,0,0
ﾆﾜ,kana,muni,12319,1,0,0
ﾆﾜ,kana,muni,271110,27,0,1
ﾆﾜ,kana,muni,332143,33,0,0
ﾇｶ,kana,muni,16683,1,0,0
ﾇｷ,name,muni,372064,37,0,0
ﾇｷ,kana,muni,372064,37,0,0
ﾇﾏ,kana,muni,14281,1,0,0
ﾇﾏ,kana,muni,14389,1,0,0
ﾇﾏ,kana,muni,42056,4,0,0
ﾇﾏ,kana,muni,42111,4,0,0
ﾇﾏ,kana,muni,92053,9,0,0
ﾇﾏ,kana,muni,102067,10,0,0
ﾇﾏ,kana,muni,111040,11,0,1
ﾇﾏ,kana,muni,152251,15,0,0
ﾇﾏ,kana,muni,152269,15,0,0
ﾇﾏ,kana,muni,222038,22,0,0
ﾇﾔ,kana,muni,232157,23,0,0
ﾈｯ,kana,muni,14702,1,0,0
ﾈｯ,kana,muni,15491,1,0,0
ﾈｲ,kana,muni,132101,13,0,0
ﾈｶ,kana,muni,33812,3,0,0
ﾈｸ,kana,muni,11096,1,0,1
ﾈｹ,kana,pref,320005,32,0,0
ﾈｻ,kana,muni,62022,6,0,0
ﾈｻ,kana,muni,93866,9,0,0
ﾈｼ,kana,muni,62111,6,0,0
ﾈｼ,kana,muni,122131,12,0,0
ﾈｼ,kana,muni,202100,20,0,0
ﾈｼ,kana,muni,252026,25,0,0
ﾈｼ,kana,muni,352136,35,0,0
ﾈｼ,kana,muni,462063,46,0,0
ﾈﾁ,kana,muni,13706,1,0,0
ﾈﾁ,kana,muni,53481,5,0,0
ﾈﾁ,kana,muni,264636,26,0,0
ﾈﾁ,kana,muni,413453,41,0,0
ﾈﾁ,kana,muni,465011,46,0,0
ﾈﾁ,kana,muni,465020,46,0,0
ﾈﾊ,kana,muni,204102,20,0,0
ﾈﾎ,kana,muni,224294,22,0,0
ﾈﾏ,kana,muni,85642,8,0,0
ﾈﾏ,kana,muni,143821,14,0,0
ﾈﾏ,kana,muni,434418,43,0,0
ﾈﾑ,kana,muni,12238,1,0,0
ﾈﾑ,kana,muni,235636,23,0,0
ﾈﾔ,kana,muni,63614,6,0,0
ﾈﾔ,kana,muni,74454,7,0,0
ﾈﾔ,kana,muni,272159,27,0,0
ﾈﾘ,kana,muni,131202,13,0,0
ﾉ内,name,muni,205613,20,0,0
ﾉ出,name,muni,133051,13,0,0
ﾉ国,name,muni,13625,1,0,0
ﾉ国,name,muni,222259,22,0,0
ﾉ島,name,muni,325261,32,0,0
ﾉ島,name,muni,325287,32,0,0
ﾉ川,name,muni,302082,30,0,0
ﾉ市,name,muni,282294,28,0,0
ﾉ市,name,muni,452092,45,0,0
ﾉ町,name,muni,393860,39,0,0
ﾉｲ,kana,muni,172120,17,0,0
ﾉｳ,name,muni,374067,37,0,0
ﾉｳ,kana,muni,15601,1,0,0
ﾉｳ,kana,muni,112097,11,0,0
ﾉｳ,kana,muni,205613,20,0,0
ﾉｳ,kana,muni,213829,21,0,0
ﾉｳ,kana,muni,271098,27,0,1
ﾉｳ,kana,muni,374067,37,0,0
ﾉｴ,kana,muni,73644,7,0,0
ﾉｴ,kana,muni,271250,27,0,1
ﾉｴ,kana,muni,444618,44,0,0
ﾉｵ,kana,muni,272205,27,0,0
ﾉｵ,kana,muni,402044,40,0,0
ﾉｵ,kana,muni,462136,46,0,0
ﾉｶ,kana,muni,93017,9,0,0
ﾉｶ,kana,muni,212113,21,0,0
ﾉｶ,kana,muni,302082,30,0,0
ﾉｶ,kana,muni,362051,36,0,0
ﾉｶ,kana,muni,413275,41,0,0
ﾉｶ,kana,muni,454427,45,0,0
ﾉｷ,kana,muni,93645,9,0,0
ﾉｷ,kana,muni,423211,42,0,0
ﾉｸ,kana,muni,13625,1,0,0
ﾉｸ,kana,muni,41025,4,0,1
ﾉｸ,kana,muni,131148,13,0,0
ﾉｸ,kana,muni,222259,22,0,0
ﾉｸ,kana,muni,271161,27,0,1
ﾉｸ,kana,muni,271195,27,0,1
ﾉｸ,kana,muni,271268,27,0,1
ﾉｹ,kana,pref,200000,20,0,0
ﾉｻ,kana,muni,205630,20,0,0
ﾉｻ,kana,muni,473138,47,0,0
ﾉｼ,kana,muni,12297,1,0,0
ﾉｼ,kana,muni,32085,3,0,0
ﾉｼ,kana,muni,52027,5,0,0
ﾉｼ,kana,muni,52094,5,0,0
ﾉｼ,kana,muni,92045,9,0,0
ﾉｼ,kana,muni,104213,10,0,0
ﾉｼ,kana,muni,112453,11,0,0
ﾉｼ,kana,muni,122165,12,0,0
ﾉｼ,kana,muni,123498,12,0,0
ﾉｼ,kana,muni,132039,13,0,0
ﾉｼ,kana,muni,132128,13,0,0
ﾉｼ,kana,muni,132284,13,0,0
ﾉｼ,kana,muni,142115,14,0,0
ﾉｼ,kana,muni,152234,15,0,0
ﾉｼ,kana,muni,182052,18,0,0
ﾉｼ,kana,muni,202011,20,0,0
ﾉｼ,kana,muni,202118,20,0,0
ﾉｼ,kana,muni,202142,20,0,0
ﾉｼ,kana,muni,202207,20,0,0
ﾉｼ,kana,muni,212075,21,0,0
ﾉｼ,kana,muni,222208,22,0,0
ﾉｼ,kana,muni,242128,24,0,0
ﾉｼ,kana,muni,272132,27,0,0
ﾉｼ,kana,muni,272167,27,0,0
ﾉｼ,kana,muni,272221,27,0,0
ﾉｼ,kana,muni,272302,27,0,0
ﾉｼ,kana,muni,282189,28,0,0
ﾉｼ,kana,muni,282294,28,0,0
ﾉｼ,kana,muni,325261,32,0,0
ﾉｼ,kana,muni,325287,32,0,0
ﾉｼ,kana,muni,332046,33,0,0
ﾉｼ,kana,muni,373222,37,0,0
ﾉｼ,kana,muni,402176,40,0,0
ﾉｼ,kana,muni,402192,40,0,0
ﾉｼ,kana,muni,412091,41,0,0
ﾉｼ,kana,muni,442127,44,0,0
ﾉｼ,kana,muni,452025,45,0,0
ﾉｼ,kana,muni,452092,45,0,0
ﾉｼ,kana,muni,462195,46,0,0
ﾉｼ,kana,muni,465305,46,0,0
ﾉｽ,kana,muni,112178,11,0,0
ﾉｾ,kana,muni,32093,3,0,0
ﾉｾ,kana,muni,273228,27,0,0
ﾉｾ,kana,muni,294471,29,0,0
ﾉｾ,kana,muni,352012,35,0,0
ﾉｾ,kana,muni,353418,35,0,0
ﾉﾀ,kana,muni,35033,3,0,0
ﾉﾀ,kana,muni,122084,12,0,0
ﾉﾀ,kana,muni,352161,35,0,0
ﾉﾁ,kana,muni,14605,1,0,0
ﾉﾁ,kana,muni,14613,1,0,0
ﾉﾁ,kana,muni,14621,1,0,0
ﾉﾁ,kana,muni,35076,3,0,0
ﾉﾁ,kana,muni,214035,21,0,0
ﾉﾁ,kana,muni,243418,24,0,0
ﾉﾁ,kana,muni,253839,25,0,0
ﾉﾁ,kana,muni,264652,26,0,0
ﾉﾁ,kana,muni,273210,27,0,0
ﾉﾁ,kana,muni,294411,29,0,0
ﾉﾁ,kana,muni,303046,30,0,0
ﾉﾁ,kana,muni,314021,31,0,0
ﾉﾁ,kana,muni,325015,32,0,0
ﾉﾁ,kana,muni,336068,33,0,0
ﾉﾁ,kana,muni,343072,34,0,0
ﾉﾁ,kana,muni,364045,36,0,0
ﾉﾁ,kana,muni,384844,38,0,0
ﾉﾁ,kana,muni,393037,39,0,0
ﾉﾁ,kana,muni,393860,39,0,0
ﾉﾁ,kana,muni,394114,39,0,0
ﾉﾁ,kana,muni,454061,45,0,0
ﾉﾂ,kana,muni,13048,1,0,0
ﾉﾃ,kana,muni,133051,13,0,0
ﾉﾄ,kana,muni,174076,17,0,0
ﾉﾄ,kana,muni,174637,17,0,0
ﾉﾉ,kana,muni,172120,17,0,0
ﾉﾊ,kana,muni,34843,3,0,0
ﾉﾊ,kana,muni,104248,10,0,0
ﾉﾊ,kana,muni,133078,13,0,0
ﾉﾊ,kana,muni,192121,19,0,0
ﾉﾊ,kana,muni,222267,22,0,0
ﾉﾊ,kana,muni,271047,27,0,1
ﾉﾌ,kana,muni,193658,19,0,0
ﾉﾍ,kana,muni,15202,1,0,0
ﾉﾍ,kana,muni,22039,2,0,0
ﾉﾍ,kana,muni,24015,2,0,0
ﾉﾍ,kana,muni,24023,2,0,0
ﾉﾍ,kana,muni,24058,2,0,0
ﾉﾍ,kana,muni,24414,2,0,0
ﾉﾍ,kana,muni,24422,2,0,0
ﾉﾍ,kana,muni,32131,3,0,0
ﾉﾍ,kana,muni,35068,3,0,0
ﾉﾍ,kana,muni,35246,3,0,0
ﾉﾍ,kana,muni,63011,6,0,0
ﾉﾍ,kana,muni,452033,45,0,0
ﾉﾎ,kana,muni,12301,1,0,0
ﾉﾏ,kana,muni,42021,4,0,0
ﾉﾏ,kana,muni,75051,7,0,0
ﾉﾏ,kana,muni,75221,7,0,0
ﾉﾏ,kana,muni,75418,7,0,0
ﾉﾏ,kana,muni,113620,11,0,0
ﾉﾏ,kana,muni,113654,11,0,0
ﾉﾏ,kana,muni,203823,20,0,0
ﾉﾏ,kana,muni,205834,20,0,0
ﾉﾏ,kana,muni,435066,43,0,0
ﾉﾐ,kana,muni,92011,9,0,0
ﾉﾐ,kana,muni,124214,12,0,0
ﾉﾐ,kana,muni,143421,14,0,0
ﾉﾐ,kana,muni,172111,17,0,0
ﾉﾐ,kana,muni,222071,22,0,0
ﾉﾐ,kana,muni,232033,23,0,0
ﾉﾐ,kana,muni,282049,28,0,0
ﾉﾐ,kana,muni,342050,34,0,0
ﾉﾑ,kana,muni,103667,10,0,0
ﾉﾑ,kana,muni,194247,19,0,0
ﾉﾑ,kana,muni,294535,29,0,0
ﾉﾔ,kana,muni,62073,6,0,0
ﾉﾔ,kana,muni,462039,46,0,0
ﾉﾜ,kana,muni,203831,20,0,0
ﾉﾜ,kana,muni,203858,20,0,0
ﾉﾜ,kana,muni,472051,47,0,0
ﾊ市,name,muni,402257,40,0,0
ﾊｯ,kana,muni,53490,5,0,0
ﾊｴ,kana,muni,473502,47,0,0
ﾊｶ,kana,muni,93459,9,0,0
ﾊｶ,kana,muni,401323,40,0,1
ﾊｷ,kana,muni,82147,8,0,0
ﾊｷ,kana,muni,352047,35,0,0
ﾊｸ,kana,muni,41041,4,0,1
ﾊｸ,kana,muni,151050,15,0,1
ﾊｸ,kana,muni,172073,17,0,0
ﾊｸ,kana,muni,172103,17,0,0
ﾊｸ,kana,muni,204854,20,0,0
ﾊｺ,kana,muni,12025,1,0,0
ﾊｺ,kana,muni,143821,14,0,0
ﾊｻ,kana,muni,423238,42,0,0
ﾊｼ,kana,muni,24465,2,0,0
ﾊｼ,kana,muni,163210,16,0,0
ﾊｼ,kana,muni,212091,21,0,0
ﾊｼ,kana,muni,232017,23,0,0
ﾊｼ,kana,muni,302031,30,0,0
ﾊｼ,kana,muni,332097,33,0,0
ﾊｼ,kana,muni,402133,40,0,0
ﾊｼ,kana,muni,402257,40,0,0
ﾊｼ,kana,muni,472018,47,0,0
ﾊｽ,kana,muni,112381,11,0,0
ﾊﾀ,kana,muni,34843,3,0,0
ﾊﾀ,kana,muni,63819,6,0,0
ﾊﾀ,kana,muni,142115,14,0,0
ﾊﾀ,kana,muni,401081,40,0,1
ﾊﾀ,kana,muni,401099,40,0,1
ﾊﾁ,kana,muni,22039,2,0,0
ﾊﾁ,kana,muni,32140,3,0,0
ﾊﾁ,kana,muni,53635,5,0,0
ﾊﾁ,kana,muni,132012,13,0,0
ﾊﾁ,kana,muni,134015,13,0,0
ﾊﾁ,kana,muni,252042,25,0,0
ﾊﾂ,kana,muni,342131,34,0,0
ﾊﾄ,kana,muni,113484,11,0,0
ﾊﾅ,kana,muni,32051,3,0,0
ﾊﾅ,kana,muni,74837,7,0,0
ﾊﾅ,kana,muni,121029,12,0,1
ﾊﾅ,kana,muni,271047,27,0,1
ﾊﾆ,kana,muni,112160,11,0,0
ﾊﾊ,kana,muni,33227,3,0,0
ﾊﾋ,kana,muni,272221,27,0,0
ﾊﾎ,kana,muni,14842,1,0,0
ﾊﾏ,kana,muni,15121,1,0,0
ﾊﾏ,kana,muni,16632,1,0,0
ﾊﾏ,kana,muni,23078,2,0,0
ﾊﾏ,kana,muni,24066,2,0,0
ﾊﾏ,kana,muni,44041,4,0,0
ﾊﾏ,kana,muni,75426,7,0,0
ﾊﾏ,kana,muni,121061,12,0,1
ﾊﾏ,kana,muni,141003,14,1,0
ﾊﾏ,kana,muni,141011,14,0,1
ﾊﾏ,kana,muni,141020,14,0,1
ﾊﾏ,kana,muni,141038,14,0,1
ﾊﾏ,kana,muni,141046,14,0,1
ﾊﾏ,kana,muni,141054,14,0,1
ﾊﾏ,kana,muni,141062,14,0,1
ﾊﾏ,kana,muni,141071,14,0,1
ﾊﾏ,kana,muni,141089,14,0,1
ﾊﾏ,kana,muni,141097,14,0,1
ﾊﾏ,kana,muni,141101,14,0,1
ﾊﾏ,kana,muni,141119,14,0,1
ﾊﾏ,kana,muni,141127,14,0,1
ﾊﾏ,kana,muni,141135,14,0,1
ﾊﾏ,kana,muni,141143,14,0,1
ﾊﾏ,kana,muni,141151,14,0,1
ﾊﾏ,kana,muni,141160,14,0,1
ﾊﾏ,kana,muni,141178,14,0,1
ﾊﾏ,kana,muni,141186,14,0,1
ﾊﾏ,kana,muni,184420,18,0,0
ﾊﾏ,kana,muni,184811,18,0,0
ﾊﾏ,kana,muni,221309,22,1,0
ﾊﾏ,kana,muni,221384,22,0,1
ﾊﾏ,kana,muni,221392,22,0,1
ﾊﾏ,kana,muni,221406,22,0,1
ﾊﾏ,kana,muni,232271,23,0,0
ﾊﾏ,kana,muni,234460,23,0,0
ﾊﾏ,kana,muni,245615,24,0,0
ﾊﾏ,kana,muni,252034,25,0,0
ﾊﾏ,kana,muni,303810,30,0,0
ﾊﾏ,kana,muni,304018,30,0,0
ﾊﾏ,kana,muni,313700,31,0,0
ﾊﾏ,kana,muni,322024,32,0,0
ﾊﾏ,kana,muni,382043,38,0,0
ﾊﾏ,kana,muni,382051,38,0,0
ﾊﾑ,kana,muni,132276,13,0,0
ﾊﾔ,kana,muni,143014,14,0,0
ﾊﾔ,kana,muni,193640,19,0,0
ﾊﾔ,kana,muni,273830,27,0,0
ﾊﾔ,kana,muni,334235,33,0,0
ﾊﾔ,kana,muni,422045,42,0,0
ﾊﾗ,kana,muni,42137,4,0,0
ﾊﾗ,kana,muni,104248,10,0,0
ﾊﾗ,kana,muni,122190,12,0,0
ﾊﾗ,kana,muni,133078,13,0,0
ﾊﾗ,kana,muni,141330,14,0,1
ﾊﾗ,kana,muni,141500,14,1,0
ﾊﾗ,kana,muni,141518,14,0,1
ﾊﾗ,kana,muni,141526,14,0,1
ﾊﾗ,kana,muni,141534,14,0,1
ﾊﾗ,kana,muni,142140,14,0,0
ﾊﾗ,kana,muni,192121,19,0,0
ﾊﾗ,kana,muni,203637,20,0,0
ﾊﾗ,kana,muni,212130,21,0,0
ﾊﾗ,kana,muni,213624,21,0,0
ﾊﾗ,kana,muni,222267,22,0,0
ﾊﾗ,kana,muni,232319,23,0,0
ﾊﾗ,kana,muni,271471,27,0,1
ﾊﾗ,kana,muni,292052,29,0,0
ﾊﾗ,kana,muni,342033,34,0,0
ﾊﾗ,kana,muni,342041,34,0,0
ﾊﾗ,kana,muni,394050,39,0,0
ﾊﾗ,kana,muni,394271,39,0,0
ﾊﾗ,kana,muni,434329,43,0,0
ﾊﾗ,kana,muni,473294,47,0,0
ﾊﾘ,kana,muni,283827,28,0,0
ﾊﾘ,kana,muni,393029,39,0,0
ﾊﾙ,kana,muni,75213,7,0,0
ﾊﾙ,kana,muni,234249,23,0,0
ﾊﾙ,kana,muni,453617,45,0,0
ﾊﾝ,kana,muni,112097,11,0,0
ﾊﾝ,kana,muni,232050,23,0,0
ﾊﾝ,kana,muni,272329,27,0,0
ﾊﾞ,name,muni,82201,8,0,0
ﾊﾞ,name,muni,82350,8,0,0
ﾊﾞ,kana,muni,12092,1,0,0
ﾊﾞ,kana,muni,12114,1,0,0
ﾊﾞ,kana,muni,12157,1,0,0
ﾊﾞ,kana,muni,33227,3,0,0
ﾊﾞ,kana,muni,41017,4,0,1
ﾊﾞ,kana,muni,41033,4,0,1
ﾊﾞ,kana,muni,43231,4,0,0
ﾊﾞ,kana,muni,62120,6,0,0
ﾊﾞ,kana,muni,74021,7,0,0
ﾊﾞ,kana,muni,74071,7,0,0
ﾊﾞ,kana,muni,74217,7,0,0
ﾊﾞ,kana,muni,75469,7,0,0
ﾊﾞ,kana,pref,80004,8,0,0
ﾊﾞ,kana,muni,82155,8,0,0
ﾊﾞ,kana,muni,82201,8,0,0
ﾊﾞ,kana,muni,82287,8,0,0
ﾊﾞ,kana,muni,82350,8,0,0
ﾊﾞ,kana,muni,83020,8,0,0
ﾊﾞ,kana,muni,92134,9,0,0
ﾊﾞ,kana,muni,102016,10,0,0
ﾊﾞ,kana,muni,102075,10,0,0
ﾊﾞ,kana,muni,104442,10,0,0
ﾊﾞ,kana,pref,120006,12,0,0
ﾊﾞ,kana,muni,121002,12,1,0
ﾊﾞ,kana,muni,121011,12,0,1
ﾊﾞ,kana,muni,121029,12,0,1
ﾊﾞ,kana,muni,121037,12,0,1
ﾊﾞ,kana,muni,121045,12,0,1
ﾊﾞ,kana,muni,121053,12,0,1
ﾊﾞ,kana,muni,121061,12,0,1
ﾊﾞ,kana,muni,122041,12,0,0
ﾊﾞ,kana,muni,122106,12,0,0
ﾊﾞ,kana,muni,124095,12,0,0
ﾊﾞ,kana,muni,124109,12,0,0
ﾊﾞ,kana,muni,131199,13,0,0
ﾊﾞ,kana,muni,141178,14,0,1
ﾊﾞ,kana,muni,152064,15,0,0
ﾊﾞ,kana,muni,152137,15,0,0
ﾊﾞ,kana,muni,173614,17,0,0
ﾊﾞ,kana,muni,182044,18,0,0
ﾊﾞ,kana,muni,182079,18,0,0
ﾊﾞ,kana,muni,194433,19,0,0
ﾊﾞ,kana,muni,204102,20,0,0
ﾊﾞ,kana,muni,204854,20,0,0
ﾊﾞ,kana,muni,222151,22,0,0
ﾊﾞ,kana,muni,242080,24,0,0
ﾊﾞ,kana,muni,242110,24,0,0
ﾊﾞ,kana,muni,252140,25,0,0
ﾊﾞ,kana,muni,264075,26,0,0
ﾊﾞ,kana,muni,272116,27,0,0
ﾊﾞ,kana,muni,272141,27,0,0
ﾊﾞ,kana,muni,272175,27,0,0
ﾊﾞ,kana,muni,282219,28,0,0
ﾊﾞ,kana,muni,282235,28,0,0
ﾊﾞ,kana,muni,292109,29,0,0
ﾊﾞ,kana,muni,332071,33,0,0
ﾊﾞ,kana,muni,342106,34,0,0
ﾊﾞ,kana,muni,382027,38,0,0
ﾊﾞ,kana,muni,401056,40,0,1
ﾊﾞ,kana,muni,422037,42,0,0
ﾊﾞ,kana,muni,422142,42,0,0
ﾊﾞ,kana,muni,452050,45,0,0
ﾊﾞ,kana,muni,454303,45,0,0
ﾊﾞ,kana,muni,473481,47,0,0
ﾊﾞ,kana,muni,473502,47,0,0
ﾊﾟ,kana,muni,213837,21,0,0
ﾊﾟ,kana,muni,231169,23,0,1
ﾋｭ,kana,muni,452068,45,0,0
ﾋｮ,kana,pref,280003,28,0,0
ﾋｮ,kana,muni,281051,28,0,1
ﾋｴ,kana,muni,313840,31,0,0
ﾋｵ,kana,muni,462161,46,0,0
ﾋｶ,kana,muni,11037,1,0,1
ﾋｶ,kana,muni,12041,1,0,0
ﾋｶ,kana,muni,14532,1,0,0
ﾋｶ,kana,muni,14583,1,0,0
ﾋｶ,kana,muni,24244,2,0,0
ﾋｶ,kana,muni,42145,4,0,0
ﾋｶ,kana,muni,54640,5,0,0
ﾋｶ,kana,muni,62111,6,0,0
ﾋｶ,kana,muni,104299,10,0,0
ﾋｶ,kana,muni,112127,11,0,0
ﾋｶ,kana,muni,113697,11,0,0
ﾋｶ,kana,muni,124109,12,0,0
ﾋｶ,kana,muni,132136,13,0,0
ﾋｶ,kana,muni,132209,13,0,0
ﾋｶ,kana,muni,132225,13,0,0
ﾋｶ,kana,muni,151025,15,0,1
ﾋｶ,kana,muni,215074,21,0,0
ﾋｶ,kana,muni,223018,22,0,0
ﾋｶ,kana,muni,231029,23,0,1
ﾋｶ,kana,muni,234427,23,0,0
ﾋｶ,kana,muni,252131,25,0,0
ﾋｶ,kana,muni,261050,26,0,1
ﾋｶ,kana,muni,271144,27,0,1
ﾋｶ,kana,muni,271152,27,0,1
ﾋｶ,kana,muni,271217,27,0,1
ﾋｶ,kana,muni,271438,27,0,1
ﾋｶ,kana,muni,272272,27,0,0
ﾋｶ,kana,muni,281018,28,0,1
ﾋｶ,kana,muni,294535,29,0,0
ﾋｶ,kana,muni,331031,33,0,1
ﾋｶ,kana,muni,341029,34,0,1
ﾋｶ,kana,muni,342122,34,0,0
ﾋｶ,kana,muni,352101,35,0,0
ﾋｶ,kana,muni,364894,36,0,0
ﾋｶ,kana,muni,372072,37,0,0
ﾋｶ,kana,muni,401081,40,0,1
ﾋｶ,kana,muni,401315,40,0,1
ﾋｶ,kana,muni,423211,42,0,0
ﾋｶ,kana,muni,431028,43,0,1
ﾋｶ,kana,muni,434680,43,0,0
ﾋｶ,kana,muni,464821,46,0,0
ﾋｶ,kana,muni,473031,47,0,0
ﾋｸ,kana,muni,141127,14,0,1
ﾋｸ,kana,muni,271179,27,0,1
ﾋｺ,kana,muni,153427,15,0,0
ﾋｺ,kana,muni,252026,25,0,0
ﾋｻ,kana,muni,403482,40,0,0
ﾋｼ,kana,muni,122157,12,0,0
ﾋｼ,kana,muni,232262,23,0,0
ﾋｼ,kana,muni,443417,44,0,0
ﾋﾀ,name,muni,16101,1,0,0
ﾋﾀ,name,muni,82210,8,0,0
ﾋﾀ,kana,muni,16012,1,0,0
ﾋﾀ,kana,muni,16101,1,0,0
ﾋﾀ,kana,muni,82023,8,0,0
ﾋﾀ,kana,muni,82121,8,0,0
ﾋﾀ,kana,muni,82210,8,0,0
ﾋﾀ,kana,muni,82252,8,0,0
ﾋﾀ,kana,muni,112429,11,0,0
ﾋﾀ,kana,muni,212172,21,0,0
ﾋﾀ,kana,muni,303828,30,0,0
ﾋﾀ,kana,muni,303925,30,0,0
ﾋﾀ,kana,muni,394106,39,0,0
ﾋﾀ,kana,muni,442046,44,0,0
ﾋﾁ,kana,muni,215040,21,0,0
ﾋﾁ,kana,muni,243434,24,0,0
ﾋﾄ,kana,muni,432032,43,0,0
ﾋﾉ,kana,muni,73644,7,0,0
ﾋﾉ,kana,muni,132128,13,0,0
ﾋﾉ,kana,muni,133051,13,0,0
ﾋﾉ,kana,muni,133078,13,0,0
ﾋﾉ,kana,muni,253839,25,0,0
ﾋﾉ,kana,muni,314021,31,0,0
ﾋﾉ,kana,muni,454427,45,0,0
ﾋﾏ,kana,muni,63231,6,0,0
ﾋﾏ,kana,muni,163431,16,0,0
ﾋﾐ,kana,muni,162051,16,0,0
ﾋﾑ,kana,muni,204510,20,0,0
ﾋﾒ,kana,muni,282014,28,0,0
ﾋﾒ,kana,pref,380008,38,0,0
ﾋﾒ,kana,muni,443221,44,0,0
ﾋﾗ,kana,muni,11053,1,0,1
ﾋﾗ,kana,muni,22101,2,0,0
ﾋﾗ,kana,muni,23019,2,0,0
ﾋﾗ,kana,muni,34029,3,0,0
ﾋﾗ,kana,muni,44245,4,0,0
ﾋﾗ,kana,muni,75035,7,0,0
ﾋﾗ,kana,muni,142034,14,0,0
ﾋﾗ,kana,muni,204099,20,0,0
ﾋﾗ,kana,muni,271268,27,0,1
ﾋﾗ,kana,muni,272108,27,0,0
ﾋﾗ,kana,muni,353442,35,0,0
ﾋﾗ,kana,muni,374032,37,0,0
ﾋﾗ,kana,muni,422070,42,0,0
ﾋﾛ,kana,muni,12076,1,0,0
ﾋﾛ,kana,muni,12343,1,0,0
ﾋﾛ,kana,muni,16420,1,0,0
ﾋﾛ,kana,muni,22021,2,0,0
ﾋﾛ,kana,muni,35076,3,0,0
ﾋﾛ,kana,muni,75418,7,0,0
ﾋﾛ,kana,muni,303623,30,0,0
ﾋﾛ,kana,pref,340006,34,0,0
ﾋﾛ,kana,muni,341002,34,1,0
ﾋﾛ,kana,muni,341011,34,0,1
ﾋﾛ,kana,muni,341029,34,0,1
ﾋﾛ,kana,muni,341037,34,0,1
ﾋﾛ,kana,muni,341045,34,0,1
ﾋﾛ,kana,muni,341053,34,0,1
ﾋﾛ,kana,muni,341061,34,0,1
ﾋﾛ,kana,muni,341070,34,0,1
ﾋﾛ,kana,muni,341088,34,0,1
ﾋﾛ,kana,muni,342122,34,0,0
ﾋﾛ,kana,muni,343692,34,0,0
ﾋﾛ,kana,muni,405442,40,0,0
ﾋﾞ,name,muni,452092,45,0,0
ﾋﾞ,kana,muni,12076,1,0,0
ﾋﾞ,kana,muni,12157,1,0,0
ﾋﾞ,kana,muni,12181,1,0,0
ﾋﾞ,kana,muni,14061,1,0,0
ﾋﾞ,kana,muni,14591,1,0,0
ﾋﾞ,kana,muni,14699,1,0,0
ﾋﾞ,kana,muni,14826,1,0,0
ﾋﾞ,kana,muni,15431,1,0,0
ﾋﾞ,kana,muni,15857,1,0,0
ﾋﾞ,kana,muni,16021,1,0,0
ﾋﾞ,kana,muni,112232,11,0,0
ﾋﾞ,kana,muni,122220,12,0,0
ﾋﾞ,kana,muni,142158,14,0,0
ﾋﾞ,kana,muni,214019,21,0,0
ﾋﾞ,kana,muni,234273,23,0,0
ﾋﾞ,kana,muni,272221,27,0,0
ﾋﾞ,kana,muni,332119,33,0,0
ﾋﾞ,kana,muni,336815,33,0,0
ﾋﾞ,kana,muni,452092,45,0,0
ﾋﾟ,kana,muni,14559,1,0,0
ﾌｯ,kana,muni,122262,12,0,0
ﾌｯ,kana,muni,132187,13,0,0
ﾌｴ,kana,muni,192112,19,0,0
ﾌｶ,kana,muni,12289,1,0,0
ﾌｶ,kana,muni,14699,1,0,0
ﾌｶ,kana,muni,23230,2,0,0
ﾌｶ,kana,muni,112186,11,0,0
ﾌｷ,kana,muni,192112,19,0,0
ﾌｸ,kana,muni,13323,1,0,0
ﾌｸ,kana,pref,70009,7,0,0
ﾌｸ,kana,muni,72010,7,0,0
ﾌｸ,kana,pref,180009,18,0,0
ﾌｸ,kana,muni,182010,18,0,0
ﾌｸ,kana,muni,222160,22,0,0
ﾌｸ,kana,muni,262013,26,0,0
ﾌｸ,kana,muni,271039,27,0,1
ﾌｸ,kana,muni,284432,28,0,0
ﾌｸ,kana,muni,342076,34,0,0
ﾌｸ,kana,pref,400009,40,0,0
ﾌｸ,kana,muni,401307,40,1,0
ﾌｸ,kana,muni,401315,40,0,1
ﾌｸ,kana,muni,401323,40,0,1
ﾌｸ,kana,muni,401331,40,0,1
ﾌｸ,kana,muni,401340,40,0,1
ﾌｸ,kana,muni,401358,40,0,1
ﾌｸ,kana,muni,401366,40,0,1
ﾌｸ,kana,muni,401374,40,0,1
ﾌｸ,kana,muni,402249,40,0,0
ﾌｸ,kana,muni,406104,40,0,0
ﾌｹ,kana,muni,16314,1,0,0
ﾌｹ,kana,pref,210005,21,0,0
ﾌｼ,name,muni,112453,11,0,0
ﾌｼ,kana,muni,15199,1,0,0
ﾌｼ,kana,muni,23612,2,0,0
ﾌｼ,kana,muni,53465,5,0,0
ﾌｼ,kana,muni,102091,10,0,0
ﾌｼ,kana,muni,112356,11,0,0
ﾌｼ,kana,muni,112453,11,0,0
ﾌｼ,kana,muni,132080,13,0,0
ﾌｼ,kana,muni,142051,14,0,0
ﾌｼ,kana,muni,192015,19,0,0
ﾌｼ,kana,muni,192023,19,0,0
ﾌｼ,kana,muni,193682,19,0,0
ﾌｼ,kana,muni,194301,19,0,0
ﾌｼ,kana,muni,203629,20,0,0
ﾌｼ,kana,muni,212016,21,0,0
ﾌｼ,kana,muni,222071,22,0,0
ﾌｼ,kana,muni,222101,22,0,0
ﾌｼ,kana,muni,222143,22,0,0
ﾌｼ,kana,muni,261092,26,0,1
ﾌｼ,kana,muni,272264,27,0,0
ﾌｼ,kana,muni,352063,35,0,0
ﾌｼ,kana,muni,402214,40,0,0
ﾌｼ,kana,muni,442135,44,0,0
ﾌｿ,kana,muni,233625,23,0,0
ﾌﾀ,kana,muni,34851,3,0,0
ﾌﾀ,kana,muni,75469,7,0,0
ﾌﾁ,kana,muni,44067,4,0,0
ﾌﾁ,kana,muni,132063,13,0,0
ﾌﾁ,kana,muni,314030,31,0,0
ﾌﾁ,kana,muni,342084,34,0,0
ﾌﾁ,kana,muni,343021,34,0,0
ﾌﾂ,kana,muni,15113,1,0,0
ﾌﾅ,kana,muni,32034,3,0,0
ﾌﾅ,kana,muni,63631,6,0,0
ﾌﾅ,kana,muni,122041,12,0,0
ﾌﾅ,kana,muni,163210,16,0,0
ﾌﾈ,kana,muni,434418,43,0,0
ﾌﾗ,kana,muni,12297,1,0,0
ﾌﾗ,kana,muni,14605,1,0,0
ﾌﾗ,kana,muni,14613,1,0,0
ﾌﾗ,kana,muni,14621,1,0,0
ﾌﾙ,kana,muni,14061,1,0,0
ﾌﾙ,kana,muni,75051,7,0,0
ﾌﾞ,kana,muni,13633,1,0,0
ﾌﾞ,kana,muni,14656,1,0,0
ﾌﾞ,kana,muni,15172,1,0,0
ﾌﾞ,kana,muni,24457,2,0,0
ﾌﾞ,kana,muni,74667,7,0,0
ﾌﾞ,kana,muni,93611,9,0,0
ﾌﾞ,kana,muni,102083,10,0,0
ﾌﾞ,kana,muni,112071,11,0,0
ﾌﾞ,kana,muni,113697,11,0,0
ﾌﾞ,kana,muni,114651,11,0,0
ﾌﾞ,kana,muni,131059,13,0,0
ﾌﾞ,kana,muni,131130,13,0,0
ﾌﾞ,kana,muni,132144,13,0,0
ﾌﾞ,kana,muni,193658,19,0,0
ﾌﾞ,kana,muni,193666,19,0,0
ﾌﾞ,kana,muni,205419,20,0,0
ﾌﾞ,kana,muni,232238,23,0,0
ﾌﾞ,kana,muni,282227,28,0,0
ﾌﾞ,kana,muni,313891,31,0,0
ﾌﾞ,kana,muni,325279,32,0,0
ﾌﾞ,kana,muni,353434,35,0,0
ﾌﾞ,kana,muni,355020,35,0,0
ﾌﾞ,kana,muni,402141,40,0,0
ﾌﾞ,kana,muni,434256,43,0,0
ﾌﾞ,kana,muni,442097,44,0,0
ﾌﾞ,kana,muni,442127,44,0,0
ﾌﾞ,kana,muni,462101,46,0,0
ﾌﾞ,kana,muni,462217,46,0,0
ﾌﾞ,kana,muni,473081,47,0,0
ﾌﾟ,name,muni,192082,19,0,0
ﾌﾟ,kana,muni,14346,1,0,0
ﾌﾟ,kana,muni,14559,1,0,0
ﾌﾟ,kana,muni,14630,1,0,0
ﾌﾟ,kana,muni,14702,1,0,0
ﾌﾟ,kana,muni,15491,1,0,0
ﾌﾟ,kana,muni,16047,1,0,0
ﾌﾟ,kana,muni,192082,19,0,0
ﾌﾟ,kana,muni,442020,44,0,0
ﾍｲ,kana,muni,183229,18,0,0
ﾍｷ,kana,muni,232092,23,0,0
ﾍｸ,kana,muni,293423,29,0,0
ﾍｼ,kana,muni,22039,2,0,0
ﾍｼ,kana,muni,24015,2,0,0
ﾍｼ,kana,muni,32131,3,0,0
ﾍﾏ,kana,muni,24023,2,0,0
ﾍﾏ,kana,muni,24058,2,0,0
ﾍﾏ,kana,muni,24414,2,0,0
ﾍﾏ,kana,muni,24422,2,0,0
ﾍﾏ,kana,muni,35246,3,0,0
ﾍﾑ,kana,muni,35068,3,0,0
ﾍﾔ,kana,muni,473596,47,0,0
ﾍﾞ,name,muni,242144,24,0,0
ﾍﾞ,name,muni,303917,30,0,0
ﾍﾞ,kana,muni,11088,1,0,1
ﾍﾞ,kana,muni,12165,1,0,0
ﾍﾞ,kana,muni,12173,1,0,0
ﾍﾞ,kana,muni,12190,1,0,0
ﾍﾞ,kana,muni,12203,1,0,0
ﾍﾞ,kana,muni,12301,1,0,0
ﾍﾞ,kana,muni,13030,1,0,0
ﾍﾞ,kana,muni,13439,1,0,0
ﾍﾞ,kana,muni,13471,1,0,0
ﾍﾞ,kana,muni,13641,1,0,0
ﾍﾞ,kana,muni,13986,1,0,0
ﾍﾞ,kana,muni,14346,1,0,0
ﾍﾞ,kana,muni,14567,1,0,0
ﾍﾞ,kana,muni,14851,1,0,0
ﾍﾞ,kana,muni,14869,1,0,0
ﾍﾞ,kana,muni,15121,1,0,0
ﾍﾞ,kana,muni,15130,1,0,0
ﾍﾞ,kana,muni,15202,1,0,0
ﾍﾞ,kana,muni,15440,1,0,0
ﾍﾞ,kana,muni,15598,1,0,0
ﾍﾞ,kana,muni,15750,1,0,0
ﾍﾞ,kana,muni,16390,1,0,0
ﾍﾞ,kana,muni,16438,1,0,0
ﾍﾞ,kana,muni,16462,1,0,0
ﾍﾞ,kana,muni,16489,1,0,0
ﾍﾞ,kana,muni,16641,1,0,0
ﾍﾞ,kana,muni,16918,1,0,0
ﾍﾞ,kana,muni,16926,1,0,0
ﾍﾞ,kana,muni,16934,1,0,0
ﾍﾞ,kana,muni,16977,1,0,0
ﾍﾞ,kana,muni,16985,1,0,0
ﾍﾞ,kana,muni,17001,1,0,0
ﾍﾞ,kana,muni,23035,2,0,0
ﾍﾞ,kana,muni,63011,6,0,0
ﾍﾞ,kana,muni,112143,11,0,0
ﾍﾞ,kana,muni,162078,16,0,0
ﾍﾞ,kana,muni,162094,16,0,0
ﾍﾞ,kana,muni,215031,21,0,0
ﾍﾞ,kana,muni,242144,24,0,0
ﾍﾞ,kana,muni,262030,26,0,0
ﾍﾞ,kana,muni,262111,26,0,0
ﾍﾞ,kana,muni,271195,27,0,1
ﾍﾞ,kana,muni,281000,28,1,0
ﾍﾞ,kana,muni,281018,28,0,1
ﾍﾞ,kana,muni,281026,28,0,1
ﾍﾞ,kana,muni,281051,28,0,1
ﾍﾞ,kana,muni,281069,28,0,1
ﾍﾞ,kana,muni,281077,28,0,1
ﾍﾞ,kana,muni,281085,28,0,1
ﾍﾞ,kana,muni,281093,28,0,1
ﾍﾞ,kana,muni,281107,28,0,1
ﾍﾞ,kana,muni,281115,28,0,1
ﾍﾞ,kana,muni,302066,30,0,0
ﾍﾞ,kana,muni,303917,30,0,0
ﾍﾞ,kana,muni,352021,35,0,0
ﾍﾞ,kana,muni,384020,38,0,0
ﾍﾞ,kana,muni,442020,44,0,0
ﾍﾞ,kana,muni,452033,45,0,0
ﾍﾞ,kana,muni,454010,45,0,0
ﾍﾟ,kana,muni,15610,1,0,0
ﾍﾟ,kana,muni,15628,1,0,0
ﾎ市,name,muni,52141,5,0,0
ﾎｯ,kana,pref,10006,1,0,0
ﾎｳ,kana,muni,173860,17,0,0
ﾎｳ,kana,muni,245623,24,0,0
ﾎｳ,kana,muni,313904,31,0,0
ﾎｳ,kana,muni,352063,35,0,0
ﾎｳ,kana,muni,404489,40,0,0
ﾎｷ,kana,muni,215015,21,0,0
ﾎｸ,name,muni,172090,17,0,0
ﾎｸ,kana,muni,12360,1,0,0
ﾎｸ,kana,muni,14371,1,0,0
ﾎｸ,kana,muni,24082,2,0,0
ﾎｸ,kana,muni,63215,6,0,0
ﾎｸ,kana,muni,141097,14,0,1
ﾎｸ,kana,muni,172090,17,0,0
ﾎｸ,kana,muni,192091,19,0,0
ﾎｸ,kana,muni,204528,20,0,0
ﾎｸ,kana,muni,231088,23,0,1
ﾎｸ,kana,muni,245437,24,0,0
ﾎｸ,kana,muni,313726,31,0,0
ﾎｸ,kana,muni,384887,38,0,0
ﾎｸ,kana,muni,414247,41,0,0
ﾎｸ,kana,muni,435317,43,0,0
ﾎｺ,kana,muni,82341,8,0,0
ﾎｼ,kana,muni,52141,5,0,0
ﾎｼ,kana,muni,212164,21,0,0
ﾎﾁ,kana,muni,454419,45,0,0
ﾎﾄ,kana,muni,141062,14,0,1
ﾎﾏ,kana,muni,133035,13,0,0
ﾎﾏ,kana,muni,203092,20,0,0
ﾎﾑ,kana,muni,84425,8,0,0
ﾎﾛ,kana,muni,14729,1,0,0
ﾎﾛ,kana,muni,15202,1,0,0
ﾎﾛ,kana,muni,15431,1,0,0
ﾎﾛ,kana,muni,16322,1,0,0
ﾎﾛ,kana,muni,16331,1,0,0
ﾎﾛ,kana,muni,16497,1,0,0
ﾎﾝ,kana,muni,16462,1,0,0
ﾎﾝ,kana,muni,52108,5,0,0
ﾎﾝ,kana,muni,72109,7,0,0
ﾎﾝ,kana,muni,112119,11,0,0
ﾎﾝ,kana,muni,224294,22,0,0
ﾎﾞ,kana,muni,12301,1,0,0
ﾎﾞ,kana,muni,14842,1,0,0
ﾎﾞ,kana,muni,52159,5,0,0
ﾎﾞ,kana,muni,122343,12,0,0
ﾎﾞ,kana,muni,302058,30,0,0
ﾎﾞ,kana,muni,422029,42,0,0
ﾎﾟ,kana,muni,11002,1,1,0
ﾎﾟ,kana,muni,11011,1,0,1
ﾎﾟ,kana,muni,11029,1,0,1
ﾎﾟ,kana,muni,11037,1,0,1
ﾎﾟ,kana,muni,11045,1,0,1
ﾎﾟ,kana,muni,11053,1,0,1
ﾎﾟ,kana,muni,11061,1,0,1
ﾎﾟ,kana,muni,11070,1,0,1
ﾎﾟ,kana,muni,11088,1,0,1
ﾎﾟ,kana,muni,11096,1,0,1
ﾎﾟ,kana,muni,11100,1,0,1
ﾎﾟ,kana,muni,14231,1,0,0
ﾎﾟ,kana,muni,53490,5,0,0
ﾏ市,name,muni,111007,11,1,0
ﾏ市,name,muni,111015,11,0,1
ﾏ市,name,muni,111023,11,0,1
ﾏ市,name,muni,111031,11,0,1
ﾏ市,name,muni,111040,11,0,1
ﾏ市,name,muni,111058,11,0,1
ﾏ市,name,muni,111066,11,0,1
ﾏ市,name,muni,111074,11,0,1
ﾏ市,name,muni,111082,11,0,1
ﾏ市,name,muni,111091,11,0,1
ﾏ市,name,muni,111104,11,0,1
ﾏ市,name,muni,232378,23,0,0
ﾏ市,name,muni,402290,40,0,0
ﾏ市,name,muni,462209,46,0,0
ﾏ市,name,muni,472131,47,0,0
ﾏ町,name,muni,463922,46,0,0
ﾏｯ,kana,muni,13960,1,0,0
ﾏｲ,kana,muni,12131,1,0,0
ﾏｲ,kana,muni,32115,3,0,0
ﾏｲ,kana,muni,35017,3,0,0
ﾏｲ,kana,muni,252140,25,0,0
ﾏｲ,kana,muni,262021,26,0,0
ﾏｳ,kana,muni,24252,2,0,0
ﾏｳ,kana,muni,155861,15,0,0
ﾏｴ,kana,muni,13315,1,0,0
ﾏｴ,kana,muni,14834,1,0,0
ﾏｴ,kana,muni,102016,10,0,0
ﾏｴ,kana,muni,132195,13,0,0
ﾏｴ,kana,muni,141364,14,0,1
ﾏｴ,kana,muni,222232,22,0,0
ﾏｴ,kana,muni,435066,43,0,0
ﾏｴ,kana,muni,435121,43,0,0
ﾏｶ,kana,muni,13706,1,0,0
ﾏｶ,kana,pref,60003,6,0,0
ﾏｶ,kana,muni,62014,6,0,0
ﾏｶ,kana,muni,75027,7,0,0
ﾏｶ,kana,muni,112020,11,0,0
ﾏｶ,kana,muni,122246,12,0,0
ﾏｶ,kana,muni,202100,20,0,0
ﾏｶ,kana,muni,204501,20,0,0
ﾏｶ,kana,muni,212156,21,0,0
ﾏｶ,kana,muni,282022,28,0,0
ﾏｶ,kana,muni,432083,43,0,0
ﾏｷ,kana,muni,13919,1,0,0
ﾏｷ,kana,muni,32051,3,0,0
ﾏｷ,kana,muni,33022,3,0,0
ﾏｷ,kana,muni,42021,4,0,0
ﾏｷ,kana,muni,143642,14,0,0
ﾏｷ,kana,muni,203050,20,0,0
ﾏｷ,kana,muni,222267,22,0,0
ﾏｷ,kana,muni,232190,23,0,0
ﾏｷ,kana,muni,244619,24,0,0
ﾏｷ,kana,muni,294241,29,0,0
ﾏｷ,kana,muni,403822,40,0,0
ﾏｷ,kana,muni,465313,46,0,0
ﾏｸ,kana,muni,16438,1,0,0
ﾏｸ,kana,muni,111040,11,0,1
ﾏｸ,kana,muni,121061,12,0,1
ﾏｸ,kana,muni,131164,13,0,0
ﾏｸ,kana,muni,131202,13,0,0
ﾏｸ,kana,muni,141356,14,0,1
ﾏｸ,kana,muni,142042,14,0,0
ﾏｸ,kana,muni,231134,23,0,1
ﾏｸ,kana,muni,261050,26,0,1
ﾏｸ,kana,muni,271021,27,0,1
ﾏｸ,kana,muni,271039,27,0,1
ﾏｸ,kana,muni,281077,28,0,1
ﾏｸ,kana,pref,350001,35,0,0
ﾏｸ,kana,muni,352039,35,0,0
ﾏｸ,kana,muni,432121,43,0,0
ﾏｸ,kana,muni,432156,43,0,0
ﾏｸ,kana,muni,462047,46,0,0
ﾏｹ,kana,pref,70009,7,0,0
ﾏｹ,kana,pref,100005,10,0,0
ﾏｹ,kana,pref,110001,11,0,0
ﾏｹ,kana,pref,160008,16,0,0
ﾏｹ,kana,pref,300004,30,0,0
ﾏｹ,kana,pref,330001,33,0,0
ﾏｹ,kana,pref,340006,34,0,0
ﾏｹ,kana,pref,360007,36,0,0
ﾏｹ,kana,pref,460001,46,0,0
ﾏｺ,kana,muni,12131,1,0,0
ﾏｺ,kana,muni,104256,10,0,0
ﾏｺ,kana,muni,232149,23,0,0
ﾏｺ,kana,muni,383864,38,0,0
ﾏｻ,kana,muni,263036,26,0,0
ﾏｻ,kana,muni,332151,33,0,0
ﾏｻ,kana,muni,384011,38,0,0
ﾏｼ,kana,muni,12343,1,0,0
ﾏｼ,kana,muni,14818,1,0,0
ﾏｼ,kana,muni,42030,4,0,0
ﾏｼ,kana,muni,42056,4,0,0
ﾏｼ,kana,muni,42111,4,0,0
ﾏｼ,kana,muni,42145,4,0,0
ﾏｼ,kana,muni,62073,6,0,0
ﾏｼ,kana,muni,62081,6,0,0
ﾏｼ,kana,muni,72010,7,0,0
ﾏｼ,kana,muni,72036,7,0,0
ﾏｼ,kana,muni,72095,7,0,0
ﾏｼ,kana,muni,72125,7,0,0
ﾏｼ,kana,muni,82104,8,0,0
ﾏｼ,kana,muni,82163,8,0,0
ﾏｼ,kana,muni,82228,8,0,0
ﾏｼ,kana,muni,82368,8,0,0
ﾏｼ,kana,muni,92053,9,0,0
ﾏｼ,kana,muni,92088,9,0,0
ﾏｼ,kana,muni,92151,9,0,0
ﾏｼ,kana,muni,93424,9,0,0
ﾏｼ,kana,muni,111007,11,1,0
ﾏｼ,kana,muni,111015,11,0,1
ﾏｼ,kana,muni,111023,11,0,1
ﾏｼ,kana,muni,111031,11,0,1
ﾏｼ,kana,muni,111040,11,0,1
ﾏｼ,kana,muni,111058,11,0,1
ﾏｼ,kana,muni,111066,11,0,1
ﾏｼ,kana,muni,111074,11,0,1
ﾏｼ,kana,muni,111082,11,0,1
ﾏｼ,kana,muni,111091,11,0,1
ﾏｼ,kana,muni,111104,11,0,1
ﾏｼ,kana,muni,112127,11,0,0
ﾏｼ,kana,muni,112151,11,0,0
ﾏｼ,kana,muni,112259,11,0,0
ﾏｼ,kana,muni,112411,11,0,0
ﾏｼ,kana,muni,122050,12,0,0
ﾏｼ,kana,muni,122203,12,0,0
ﾏｼ,kana,muni,132071,13,0,0
ﾏｼ,kana,muni,132136,13,0,0
ﾏｼ,kana,muni,132233,13,0,0
ﾏｼ,kana,muni,132241,13,0,0
ﾏｼ,kana,muni,141003,14,1,0
ﾏｼ,kana,muni,141011,14,0,1
ﾏｼ,kana,muni,141020,14,0,1
ﾏｼ,kana,muni,141038,14,0,1
ﾏｼ,kana,muni,141046,14,0,1
ﾏｼ,kana,muni,141054,14,0,1
ﾏｼ,kana,muni,141062,14,0,1
ﾏｼ,kana,muni,141071,14,0,1
ﾏｼ,kana,muni,141089,14,0,1
ﾏｼ,kana,muni,141097,14,0,1
ﾏｼ,kana,muni,141101,14,0,1
ﾏｼ,kana,muni,141119,14,0,1
ﾏｼ,kana,muni,141127,14,0,1
ﾏｼ,kana,muni,141135,14,0,1
ﾏｼ,kana,muni,141143,14,0,1
ﾏｼ,kana,muni,141151,14,0,1
ﾏｼ,kana,muni,141160,14,0,1
ﾏｼ,kana,muni,141178,14,0,1
ﾏｼ,kana,muni,141186,14,0,1
ﾏｼ,kana,muni,142166,14,0,0
ﾏｼ,kana,muni,152251,15,0,0
ﾏｼ,kana,muni,152269,15,0,0
ﾏｼ,kana,muni,162019,16,0,0
ﾏｼ,kana,muni,172049,17,0,0
ﾏｼ,kana,muni,182044,18,0,0
ﾏｼ,kana,muni,182061,18,0,0
ﾏｼ,kana,muni,202134,20,0,0
ﾏｼ,kana,muni,202185,20,0,0
ﾏｼ,kana,muni,212032,21,0,0
ﾏｼ,kana,muni,212091,21,0,0
ﾏｼ,kana,muni,222062,22,0,0
ﾏｼ,kana,muni,232084,23,0,0
ﾏｼ,kana,muni,232157,23,0,0
ﾏｼ,kana,muni,232271,23,0,0
ﾏｼ,kana,muni,232378,23,0,0
ﾏｼ,kana,muni,242101,24,0,0
ﾏｼ,kana,muni,242152,24,0,0
ﾏｼ,kana,muni,252034,25,0,0
ﾏｼ,kana,muni,252077,25,0,0
ﾏｼ,kana,muni,252123,25,0,0
ﾏｼ,kana,muni,261106,26,0,1
ﾏｼ,kana,muni,262013,26,0,0
ﾏｼ,kana,muni,263672,26,0,0
ﾏｼ,kana,muni,272230,27,0,0
ﾏｼ,kana,muni,272311,27,0,0
ﾏｼ,kana,muni,282219,28,0,0
ﾏｼ,kana,muni,292036,29,0,0
ﾏｼ,kana,muni,292095,29,0,0
ﾏｼ,kana,muni,302015,30,0,0
ﾏｼ,kana,muni,331007,33,1,0
ﾏｼ,kana,muni,331015,33,0,1
ﾏｼ,kana,muni,331023,33,0,1
ﾏｼ,kana,muni,331031,33,0,1
ﾏｼ,kana,muni,331040,33,0,1
ﾏｼ,kana,muni,332038,33,0,0
ﾏｼ,kana,muni,341002,34,1,0
ﾏｼ,kana,muni,341011,34,0,1
ﾏｼ,kana,muni,341029,34,0,1
ﾏｼ,kana,muni,341037,34,0,1
ﾏｼ,kana,muni,341045,34,0,1
ﾏｼ,kana,muni,341053,34,0,1
ﾏｼ,kana,muni,341061,34,0,1
ﾏｼ,kana,muni,341070,34,0,1
ﾏｼ,kana,muni,341088,34,0,1
ﾏｼ,kana,muni,342076,34,0,0
ﾏｼ,kana,muni,342122,34,0,0
ﾏｼ,kana,muni,342157,34,0,0
ﾏｼ,kana,muni,362018,36,0,0
ﾏｼ,kana,muni,362034,36,0,0
ﾏｼ,kana,muni,362077,36,0,0
ﾏｼ,kana,muni,382019,38,0,0
ﾏｼ,kana,muni,382035,38,0,0
ﾏｼ,kana,muni,382043,38,0,0
ﾏｼ,kana,muni,382051,38,0,0
ﾏｼ,kana,muni,393061,39,0,0
ﾏｼ,kana,muni,402150,40,0,0
ﾏｼ,kana,muni,402273,40,0,0
ﾏｼ,kana,muni,402290,40,0,0
ﾏｼ,kana,muni,402303,40,0,0
ﾏｼ,kana,muni,412074,41,0,0
ﾏｼ,kana,muni,422096,42,0,0
ﾏｼ,kana,muni,434434,43,0,0
ﾏｼ,kana,muni,452076,45,0,0
ﾏｼ,kana,muni,462012,46,0,0
ﾏｼ,kana,muni,462187,46,0,0
ﾏｼ,kana,muni,462209,46,0,0
ﾏｼ,kana,muni,472131,47,0,0
ﾏｼ,kana,muni,472140,47,0,0
ﾏｽ,kana,muni,322041,32,0,0
ﾏｾ,kana,muni,462152,46,0,0
ﾏｿ,kana,muni,293229,29,0,0
ﾏｿ,kana,muni,473758,47,0,0
ﾏﾀ,kana,muni,14389,1,0,0
ﾏﾀ,kana,muni,34827,3,0,0
ﾏﾀ,kana,muni,73083,7,0,0
ﾏﾀ,kana,muni,73644,7,0,0
ﾏﾀ,kana,muni,102067,10,0,0
ﾏﾀ,kana,muni,122301,12,0,0
ﾏﾀ,kana,muni,205621,20,0,0
ﾏﾀ,kana,muni,222097,22,0,0
ﾏﾀ,kana,muni,322024,32,0,0
ﾏﾀ,kana,muni,432059,43,0,0
ﾏﾀ,kana,muni,453412,45,0,0
ﾏﾁ,kana,muni,13323,1,0,0
ﾏﾁ,kana,muni,13455,1,0,0
ﾏﾁ,kana,muni,14281,1,0,0
ﾏﾁ,kana,muni,14290,1,0,0
ﾏﾁ,kana,muni,14541,1,0,0
ﾏﾁ,kana,muni,15521,1,0,0
ﾏﾁ,kana,muni,15814,1,0,0
ﾏﾁ,kana,muni,23019,2,0,0
ﾏﾁ,kana,muni,23035,2,0,0
ﾏﾁ,kana,muni,23078,2,0,0
ﾏﾁ,kana,muni,23213,2,0,0
ﾏﾁ,kana,muni,23230,2,0,0
ﾏﾁ,kana,muni,23612,2,0,0
ﾏﾁ,kana,muni,23621,2,0,0
ﾏﾁ,kana,muni,23817,2,0,0
ﾏﾁ,kana,muni,23841,2,0,0
ﾏﾁ,kana,muni,23876,2,0,0
ﾏﾁ,kana,muni,24015,2,0,0
ﾏﾁ,kana,muni,24023,2,0,0
ﾏﾁ,kana,muni,24058,2,0,0
ﾏﾁ,kana,muni,24066,2,0,0
ﾏﾁ,kana,muni,24082,2,0,0
ﾏﾁ,kana,muni,24236,2,0,0
ﾏﾁ,kana,muni,24414,2,0,0
ﾏﾁ,kana,muni,24422,2,0,0
ﾏﾁ,kana,muni,24431,2,0,0
ﾏﾁ,kana,muni,33022,3,0,0
ﾏﾁ,kana,muni,33031,3,0,0
ﾏﾁ,kana,muni,33669,3,0,0
ﾏﾁ,kana,muni,34827,3,0,0
ﾏﾁ,kana,muni,35017,3,0,0
ﾏﾁ,kana,muni,35246,3,0,0
ﾏﾁ,kana,muni,43010,4,0,0
ﾏﾁ,kana,muni,43028,4,0,0
ﾏﾁ,kana,muni,43214,4,0,0
ﾏﾁ,kana,muni,43222,4,0,0
ﾏﾁ,kana,muni,43231,4,0,0
ﾏﾁ,kana,muni,43249,4,0,0
ﾏﾁ,kana,muni,43419,4,0,0
ﾏﾁ,kana,muni,44016,4,0,0
ﾏﾁ,kana,muni,44041,4,0,0
ﾏﾁ,kana,muni,44440,4,0,0
ﾏﾁ,kana,muni,44458,4,0,0
ﾏﾁ,kana,muni,45055,4,0,0
ﾏﾁ,kana,muni,53031,5,0,0
ﾏﾁ,kana,muni,53465,5,0,0
ﾏﾁ,kana,muni,53619,5,0,0
ﾏﾁ,kana,muni,53635,5,0,0
ﾏﾁ,kana,muni,53660,5,0,0
ﾏﾁ,kana,muni,54631,5,0,0
ﾏﾁ,kana,muni,63011,6,0,0
ﾏﾁ,kana,muni,63029,6,0,0
ﾏﾁ,kana,muni,63223,6,0,0
ﾏﾁ,kana,muni,63231,6,0,0
ﾏﾁ,kana,muni,63240,6,0,0
ﾏﾁ,kana,muni,63410,6,0,0
ﾏﾁ,kana,muni,63614,6,0,0
ﾏﾁ,kana,muni,63622,6,0,0
ﾏﾁ,kana,muni,63631,6,0,0
ﾏﾁ,kana,muni,63649,6,0,0
ﾏﾁ,kana,muni,63819,6,0,0
ﾏﾁ,kana,muni,63827,6,0,0
ﾏﾁ,kana,muni,64017,6,0,0
ﾏﾁ,kana,muni,64025,6,0,0
ﾏﾁ,kana,muni,64033,6,0,0
ﾏﾁ,kana,muni,64262,6,0,0
ﾏﾁ,kana,muni,64289,6,0,0
ﾏﾁ,kana,muni,64611,6,0,0
ﾏﾁ,kana,muni,73016,7,0,0
ﾏﾁ,kana,muni,73032,7,0,0
ﾏﾁ,kana,muni,73083,7,0,0
ﾏﾁ,kana,muni,73423,7,0,0
ﾏﾁ,kana,muni,73628,7,0,0
ﾏﾁ,kana,muni,73679,7,0,0
ﾏﾁ,kana,muni,73687,7,0,0
ﾏﾁ,kana,muni,74055,7,0,0
ﾏﾁ,kana,muni,74071,7,0,0
ﾏﾁ,kana,muni,74080,7,0,0
ﾏﾁ,kana,muni,74217,7,0,0
ﾏﾁ,kana,muni,74233,7,0,0
ﾏﾁ,kana,muni,74446,7,0,0
ﾏﾁ,kana,muni,74454,7,0,0
ﾏﾁ,kana,muni,74471,7,0,0
ﾏﾁ,kana,muni,74667,7,0,0
ﾏﾁ,kana,muni,74811,7,0,0
ﾏﾁ,kana,muni,74829,7,0,0
ﾏﾁ,kana,muni,74837,7,0,0
ﾏﾁ,kana,muni,75019,7,0,0
ﾏﾁ,kana,muni,75043,7,0,0
ﾏﾁ,kana,muni,75051,7,0,0
ﾏﾁ,kana,muni,75213,7,0,0
ﾏﾁ,kana,muni,75221,7,0,0
ﾏﾁ,kana,muni,75418,7,0,0
ﾏﾁ,kana,muni,75426,7,0,0
ﾏﾁ,kana,muni,75434,7,0,0
ﾏﾁ,kana,muni,75451,7,0,0
ﾏﾁ,kana,muni,75469,7,0,0
ﾏﾁ,kana,muni,75477,7,0,0
ﾏﾁ,kana,muni,75612,7,0,0
ﾏﾁ,kana,muni,83020,8,0,0
ﾏﾁ,kana,muni,83097,8,0,0
ﾏﾁ,kana,muni,83101,8,0,0
ﾏﾁ,kana,muni,83640,8,0,0
ﾏﾁ,kana,muni,84433,8,0,0
ﾏﾁ,kana,muni,84476,8,0,0
ﾏﾁ,kana,muni,85219,8,0,0
ﾏﾁ,kana,muni,85421,8,0,0
ﾏﾁ,kana,muni,85464,8,0,0
ﾏﾁ,kana,muni,85642,8,0,0
ﾏﾁ,kana,muni,93017,9,0,0
ﾏﾁ,kana,muni,93424,9,0,0
ﾏﾁ,kana,muni,93432,9,0,0
ﾏﾁ,kana,muni,93441,9,0,0
ﾏﾁ,kana,muni,93459,9,0,0
ﾏﾁ,kana,muni,93611,9,0,0
ﾏﾁ,kana,muni,93645,9,0,0
ﾏﾁ,kana,muni,93840,9,0,0
ﾏﾁ,kana,muni,93866,9,0,0
ﾏﾁ,kana,muni,94072,9,0,0
ﾏﾁ,kana,muni,94111,9,0,0
ﾏﾁ,kana,muni,103454,10,0,0
ﾏﾁ,kana,muni,103675,10,0,0
ﾏﾁ,kana,muni,103829,10,0,0
ﾏﾁ,kana,muni,103845,10,0,0
ﾏﾁ,kana,muni,104213,10,0,0
ﾏﾁ,kana,muni,104248,10,0,0
ﾏﾁ,kana,muni,104264,10,0,0
ﾏﾁ,kana,muni,104299,10,0,0
ﾏﾁ,kana,muni,104493,10,0,0
ﾏﾁ,kana,muni,104647,10,0,0
ﾏﾁ,kana,muni,105210,10,0,0
ﾏﾁ,kana,muni,105228,10,0,0
ﾏﾁ,kana,muni,105236,10,0,0
ﾏﾁ,kana,muni,105244,10,0,0
ﾏﾁ,kana,muni,105252,10,0,0
ﾏﾁ,kana,muni,113018,11,0,0
ﾏﾁ,kana,muni,113247,11,0,0
ﾏﾁ,kana,muni,113263,11,0,0
ﾏﾁ,kana,muni,113271,11,0,0
ﾏﾁ,kana,muni,113417,11,0,0
ﾏﾁ,kana,muni,113425,11,0,0
ﾏﾁ,kana,muni,113433,11,0,0
ﾏﾁ,kana,muni,113468,11,0,0
ﾏﾁ,kana,muni,113476,11,0,0
ﾏﾁ,kana,muni,113484,11,0,0
ﾏﾁ,kana,muni,113492,11,0,0
ﾏﾁ,kana,muni,113611,11,0,0
ﾏﾁ,kana,muni,113620,11,0,0
ﾏﾁ,kana,muni,113638,11,0,0
ﾏﾁ,kana,muni,113654,11,0,0
ﾏﾁ,kana,muni,113816,11,0,0
ﾏﾁ,kana,muni,113832,11,0,0
ﾏﾁ,kana,muni,113859,11,0,0
ﾏﾁ,kana,muni,114081,11,0,0
ﾏﾁ,kana,muni,114421,11,0,0
ﾏﾁ,kana,muni,114642,11,0,0
ﾏﾁ,kana,muni,114651,11,0,0
ﾏﾁ,kana,muni,123226,12,0,0
ﾏﾁ,kana,muni,123293,12,0,0
ﾏﾁ,kana,muni,123421,12,0,0
ﾏﾁ,kana,muni,123471,12,0,0
ﾏﾁ,kana,muni,123498,12,0,0
ﾏﾁ,kana,muni,124036,12,0,0
ﾏﾁ,kana,muni,124095,12,0,0
ﾏﾁ,kana,muni,124109,12,0,0
ﾏﾁ,kana,muni,124214,12,0,0
ﾏﾁ,kana,muni,124222,12,0,0
ﾏﾁ,kana,muni,124249,12,0,0
ﾏﾁ,kana,muni,124265,12,0,0
ﾏﾁ,kana,muni,124273,12,0,0
ﾏﾁ,kana,muni,124419,12,0,0
ﾏﾁ,kana,muni,124435,12,0,0
ﾏﾁ,kana,muni,124630,12,0,0
ﾏﾁ,kana,muni,132098,13,0,0
ﾏﾁ,kana,muni,133035,13,0,0
ﾏﾁ,kana,muni,133051,13,0,0
ﾏﾁ,kana,muni,133086,13,0,0
ﾏﾁ,kana,muni,133612,13,0,0
ﾏﾁ,kana,muni,134015,13,0,0
ﾏﾁ,kana,muni,143014,14,0,0
ﾏﾁ,kana,muni,143219,14,0,0
ﾏﾁ,kana,muni,143413,14,0,0
ﾏﾁ,kana,muni,143421,14,0,0
ﾏﾁ,kana,muni,143618,14,0,0
ﾏﾁ,kana,muni,143626,14,0,0
ﾏﾁ,kana,muni,143634,14,0,0
ﾏﾁ,kana,muni,143642,14,0,0
ﾏﾁ,kana,muni,143669,14,0,0
ﾏﾁ,kana,muni,143821,14,0,0
ﾏﾁ,kana,muni,143839,14,0,0
ﾏﾁ,kana,muni,143847,14,0,0
ﾏﾁ,kana,muni,144011,14,0,0
ﾏﾁ,kana,muni,152102,15,0,0
ﾏﾁ,kana,muni,153079,15,0,0
ﾏﾁ,kana,muni,153613,15,0,0
ﾏﾁ,kana,muni,153851,15,0,0
ﾏﾁ,kana,muni,154059,15,0,0
ﾏﾁ,kana,muni,154610,15,0,0
ﾏﾁ,kana,muni,154822,15,0,0
ﾏﾁ,kana,muni,163228,16,0,0
ﾏﾁ,kana,muni,163236,16,0,0
ﾏﾁ,kana,muni,163422,16,0,0
ﾏﾁ,kana,muni,163431,16,0,0
ﾏﾁ,kana,muni,173240,17,0,0
ﾏﾁ,kana,muni,173614,17,0,0
ﾏﾁ,kana,muni,173657,17,0,0
ﾏﾁ,kana,muni,173843,17,0,0
ﾏﾁ,kana,muni,174076,17,0,0
ﾏﾁ,kana,muni,174611,17,0,0
ﾏﾁ,kana,muni,184420,18,0,0
ﾏﾁ,kana,muni,184811,18,0,0
ﾏﾁ,kana,muni,194301,19,0,0
ﾏﾁ,kana,muni,202126,20,0,0
ﾏﾁ,kana,muni,203033,20,0,0
ﾏﾁ,kana,muni,203092,20,0,0
ﾏﾁ,kana,muni,203211,20,0,0
ﾏﾁ,kana,muni,203238,20,0,0
ﾏﾁ,kana,muni,203246,20,0,0
ﾏﾁ,kana,muni,203505,20,0,0
ﾏﾁ,kana,muni,203611,20,0,0
ﾏﾁ,kana,muni,203629,20,0,0
ﾏﾁ,kana,muni,203823,20,0,0
ﾏﾁ,kana,muni,203831,20,0,0
ﾏﾁ,kana,muni,203840,20,0,0
ﾏﾁ,kana,muni,204021,20,0,0
ﾏﾁ,kana,muni,204030,20,0,0
ﾏﾁ,kana,muni,204226,20,0,0
ﾏﾁ,kana,muni,204234,20,0,0
ﾏﾁ,kana,muni,204323,20,0,0
ﾏﾁ,kana,muni,204811,20,0,0
ﾏﾁ,kana,muni,205214,20,0,0
ﾏﾁ,kana,muni,205419,20,0,0
ﾏﾁ,kana,muni,205613,20,0,0
ﾏﾁ,kana,muni,205834,20,0,0
ﾏﾁ,kana,muni,205907,20,0,0
ﾏﾁ,kana,muni,223441,22,0,0
ﾏﾁ,kana,muni,224618,22,0,0
ﾏﾁ,kana,muni,233421,23,0,0
ﾏﾁ,kana,muni,234460,23,0,0
ﾏﾁ,kana,muni,245615,24,0,0
ﾏﾁ,kana,muni,263222,26,0,0
ﾏﾁ,kana,muni,283827,28,0,0
ﾏﾁ,kana,muni,303437,30,0,0
ﾏﾁ,kana,muni,303810,30,0,0
ﾏﾁ,kana,muni,304018,30,0,0
ﾏﾁ,kana,muni,313700,31,0,0
ﾏﾁ,kana,muni,324418,32,0,0
ﾏﾁ,kana,muni,325252,32,0,0
ﾏﾁ,kana,muni,325261,32,0,0
ﾏﾁ,kana,muni,325287,32,0,0
ﾏﾁ,kana,muni,334235,33,0,0
ﾏﾁ,kana,muni,343692,34,0,0
ﾏﾁ,kana,muni,344311,34,0,0
ﾏﾁ,kana,muni,353051,35,0,0
ﾏﾁ,kana,muni,363421,36,0,0
ﾏﾁ,kana,muni,364029,36,0,0
ﾏﾁ,kana,muni,373249,37,0,0
ﾏﾁ,kana,muni,373648,37,0,0
ﾏﾁ,kana,muni,383562,38,0,0
ﾏﾁ,kana,muni,393410,39,0,0
ﾏﾁ,kana,muni,403415,40,0,0
ﾏﾁ,kana,muni,403423,40,0,0
ﾏﾁ,kana,muni,403431,40,0,0
ﾏﾁ,kana,muni,403440,40,0,0
ﾏﾁ,kana,muni,403458,40,0,0
ﾏﾁ,kana,muni,403482,40,0,0
ﾏﾁ,kana,muni,403491,40,0,0
ﾏﾁ,kana,muni,403814,40,0,0
ﾏﾁ,kana,muni,403822,40,0,0
ﾏﾁ,kana,muni,403831,40,0,0
ﾏﾁ,kana,muni,404012,40,0,0
ﾏﾁ,kana,muni,404021,40,0,0
ﾏﾁ,kana,muni,404217,40,0,0
ﾏﾁ,kana,muni,404471,40,0,0
ﾏﾁ,kana,muni,405035,40,0,0
ﾏﾁ,kana,muni,405221,40,0,0
ﾏﾁ,kana,muni,405442,40,0,0
ﾏﾁ,kana,muni,406015,40,0,0
ﾏﾁ,kana,muni,406023,40,0,0
ﾏﾁ,kana,muni,406040,40,0,0
ﾏﾁ,kana,muni,406058,40,0,0
ﾏﾁ,kana,muni,406082,40,0,0
ﾏﾁ,kana,muni,406104,40,0,0
ﾏﾁ,kana,muni,406210,40,0,0
ﾏﾁ,kana,muni,406252,40,0,0
ﾏﾁ,kana,muni,406422,40,0,0
ﾏﾁ,kana,muni,406465,40,0,0
ﾏﾁ,kana,muni,406473,40,0,0
ﾏﾁ,kana,muni,413411,41,0,0
ﾏﾁ,kana,muni,414239,41,0,0
ﾏﾁ,kana,muni,414247,41,0,0
ﾏﾁ,kana,muni,433489,43,0,0
ﾏﾁ,kana,muni,433641,43,0,0
ﾏﾁ,kana,muni,433675,43,0,0
ﾏﾁ,kana,muni,433683,43,0,0
ﾏﾁ,kana,muni,433691,43,0,0
ﾏﾁ,kana,muni,434035,43,0,0
ﾏﾁ,kana,muni,434043,43,0,0
ﾏﾁ,kana,muni,434230,43,0,0
ﾏﾁ,kana,muni,434248,43,0,0
ﾏﾁ,kana,muni,434281,43,0,0
ﾏﾁ,kana,muni,434418,43,0,0
ﾏﾁ,kana,muni,434426,43,0,0
ﾏﾁ,kana,muni,434434,43,0,0
ﾏﾁ,kana,muni,434442,43,0,0
ﾏﾁ,kana,muni,434825,43,0,0
ﾏﾁ,kana,muni,434841,43,0,0
ﾏﾁ,kana,muni,435015,43,0,0
ﾏﾁ,kana,muni,435058,43,0,0
ﾏﾁ,kana,muni,435066,43,0,0
ﾏﾁ,kana,muni,435317,43,0,0
ﾏﾁ,kana,muni,443417,44,0,0
ﾏﾁ,kana,muni,444618,44,0,0
ﾏﾁ,kana,muni,444626,44,0,0
ﾏﾁ,kana,muni,463922,46,0,0
ﾏﾁ,kana,muni,464040,46,0,0
ﾏﾁ,kana,muni,465054,46,0,0
ﾏﾁ,kana,muni,465305,46,0,0
ﾏﾁ,kana,muni,473618,47,0,0
ﾏﾂ,kana,muni,13315,1,0,0
ﾏﾂ,kana,muni,13935,1,0,0
ﾏﾂ,kana,muni,42145,4,0,0
ﾏﾂ,kana,muni,44016,4,0,0
ﾏﾂ,kana,muni,72028,7,0,0
ﾏﾂ,kana,muni,72109,7,0,0
ﾏﾂ,kana,muni,74829,7,0,0
ﾏﾂ,kana,muni,112127,11,0,0
ﾏﾂ,kana,muni,114651,11,0,0
ﾏﾂ,kana,muni,122076,12,0,0
ﾏﾂ,kana,muni,143634,14,0,0
ﾏﾂ,kana,muni,172031,17,0,0
ﾏﾂ,kana,muni,202029,20,0,0
ﾏﾂ,kana,muni,204021,20,0,0
ﾏﾂ,kana,muni,204226,20,0,0
ﾏﾂ,kana,muni,204820,20,0,0
ﾏﾂ,kana,muni,213039,21,0,0
ﾏﾂ,kana,muni,221309,22,1,0
ﾏﾂ,kana,muni,221384,22,0,1
ﾏﾂ,kana,muni,221392,22,0,1
ﾏﾂ,kana,muni,221406,22,0,1
ﾏﾂ,kana,muni,222038,22,0,0
ﾏﾂ,kana,muni,223051,22,0,0
ﾏﾂ,kana,muni,242047,24,0,0
ﾏﾂ,kana,muni,272175,27,0,0
ﾏﾂ,kana,muni,322016,32,0,0
ﾏﾂ,kana,muni,352071,35,0,0
ﾏﾂ,kana,muni,362034,36,0,0
ﾏﾂ,kana,muni,364011,36,0,0
ﾏﾂ,kana,muni,372013,37,0,0
ﾏﾂ,kana,muni,382019,38,0,0
ﾏﾂ,kana,muni,384844,38,0,0
ﾏﾂ,kana,muni,401030,40,0,1
ﾏﾂ,kana,muni,422088,42,0,0
ﾏﾄ,kana,muni,15121,1,0,0
ﾏﾄ,kana,muni,132209,13,0,0
ﾏﾄ,kana,muni,142131,14,0,0
ﾏﾄ,kana,muni,273619,27,0,0
ﾏﾄ,kana,muni,292028,29,0,0
ﾏﾄ,kana,muni,292036,29,0,0
ﾏﾄ,kana,muni,434477,43,0,0
ﾏﾄ,kana,muni,465232,46,0,0
ﾏﾅ,kana,muni,16632,1,0,0
ﾏﾅ,kana,muni,143839,14,0,0
ﾏﾅ,kana,pref,190004,19,0,0
ﾏﾅ,kana,muni,192058,19,0,0
ﾏﾅ,kana,muni,194255,19,0,0
ﾏﾅ,kana,muni,221392,22,0,1
ﾏﾅ,kana,muni,432067,43,0,0
ﾏﾆ,kana,muni,16080,1,0,0
ﾏﾆ,kana,muni,332143,33,0,0
ﾏﾈ,kana,pref,320005,32,0,0
ﾏﾉ,kana,muni,63011,6,0,0
ﾏﾉ,kana,muni,205613,20,0,0
ﾏﾉ,kana,muni,242128,24,0,0
ﾏﾉ,kana,muni,332046,33,0,0
ﾏﾉ,kana,muni,343072,34,0,0
ﾏﾊ,kana,muni,382027,38,0,0
ﾏﾊ,kana,muni,422037,42,0,0
ﾏﾊ,kana,muni,422142,42,0,0
ﾏﾍ,kana,muni,23035,2,0,0
ﾏﾏ,kana,muni,13919,1,0,0
ﾏﾏ,kana,muni,14834,1,0,0
ﾏﾏ,kana,muni,23078,2,0,0
ﾏﾏ,kana,muni,24066,2,0,0
ﾏﾏ,kana,muni,24236,2,0,0
ﾏﾏ,kana,muni,44016,4,0,0
ﾏﾏ,kana,muni,44041,4,0,0
ﾏﾏ,kana,muni,63029,6,0,0
ﾏﾏ,kana,muni,63614,6,0,0
ﾏﾏ,kana,muni,74446,7,0,0
ﾏﾏ,kana,muni,74454,7,0,0
ﾏﾏ,kana,muni,75451,7,0,0
ﾏﾏ,kana,muni,104299,10,0,0
ﾏﾏ,kana,muni,113263,11,0,0
ﾏﾏ,kana,muni,113468,11,0,0
ﾏﾏ,kana,muni,113484,11,0,0
ﾏﾏ,kana,muni,124095,12,0,0
ﾏﾏ,kana,muni,133086,13,0,0
ﾏﾏ,kana,muni,133612,13,0,0
ﾏﾏ,kana,muni,143014,14,0,0
ﾏﾏ,kana,muni,163236,16,0,0
ﾏﾏ,kana,muni,203840,20,0,0
ﾏﾏ,kana,muni,221309,22,1,0
ﾏﾏ,kana,muni,221384,22,0,1
ﾏﾏ,kana,muni,221392,22,0,1
ﾏﾏ,kana,muni,221406,22,0,1
ﾏﾏ,kana,muni,403482,40,0,0
ﾏﾏ,kana,muni,434426,43,0,0
ﾏﾐ,kana,muni,462225,46,0,0
ﾏﾐ,kana,muni,473545,47,0,0
ﾏﾑ,kana,muni,63649,6,0,0
ﾏﾑ,kana,muni,73229,7,0,0
ﾏﾑ,kana,muni,74659,7,0,0
ﾏﾑ,kana,muni,104281,10,0,0
ﾏﾑ,kana,muni,104647,10,0,0
ﾏﾑ,kana,muni,133621,13,0,0
ﾏﾑ,kana,muni,133639,13,0,0
ﾏﾑ,kana,muni,133647,13,0,0
ﾏﾑ,kana,muni,133825,13,0,0
ﾏﾑ,kana,muni,134023,13,0,0
ﾏﾑ,kana,muni,194433,19,0,0
ﾏﾑ,kana,muni,205435,20,0,0
ﾏﾑ,kana,muni,234273,23,0,0
ﾏﾑ,kana,muni,294501,29,0,0
ﾏﾑ,kana,muni,294519,29,0,0
ﾏﾑ,kana,muni,304271,30,0,0
ﾏﾑ,kana,muni,434256,43,0,0
ﾏﾑ,kana,muni,435139,43,0,0
ﾏﾑ,kana,muni,443221,44,0,0
ﾏﾑ,kana,muni,463035,46,0,0
ﾏﾑ,kana,muni,463043,46,0,0
ﾏﾓ,kana,muni,43621,4,0,0
ﾏﾓ,kana,muni,273015,27,0,0
ﾏﾓ,kana,pref,430005,43,0,0
ﾏﾓ,kana,muni,431001,43,1,0
ﾏﾓ,kana,muni,431010,43,0,1
ﾏﾓ,kana,muni,431028,43,0,1
ﾏﾓ,kana,muni,431036,43,0,1
ﾏﾓ,kana,muni,431044,43,0,1
ﾏﾓ,kana,muni,431052,43,0,1
ﾏﾘ,kana,muni,14036,1,0,0
ﾏﾘ,kana,muni,16969,1,0,0
ﾏﾘ,kana,muni,23876,2,0,0
ﾏﾘ,kana,muni,412058,41,0,0
ﾏﾘ,kana,muni,465330,46,0,0
ﾏﾙ,kana,muni,43419,4,0,0
ﾏﾙ,kana,muni,372021,37,0,0
ﾏﾝ,name,muni,374067,37,0,0
ﾏﾝ,kana,muni,13471,1,0,0
ﾏﾝ,kana,muni,32140,3,0,0
ﾏﾝ,kana,muni,252042,25,0,0
ﾏﾝ,kana,muni,374067,37,0,0
ﾏﾝ,kana,muni,392103,39,0,0
ﾏﾝ,kana,muni,394122,39,0,0
ﾏﾝ,kana,muni,472107,47,0,0
ﾐ市,name,muni,122386,12,0,0
ﾐ町,name,muni,104493,10,0,0
ﾐ町,name,muni,304069,30,0,0
ﾐ野,name,muni,112453,11,0,0
ﾐｮ,kana,muni,152170,15,0,0
ﾐｱ,kana,muni,73687,7,0,0
ﾐｱ,kana,muni,142174,14,0,0
ﾐｱ,kana,muni,192082,19,0,0
ﾐｱ,kana,muni,203068,20,0,0
ﾐｱ,kana,muni,282243,28,0,0
ﾐｱ,kana,muni,432121,43,0,0
ﾐｱ,kana,muni,434337,43,0,0
ﾐｲ,kana,muni,73423,7,0,0
ﾐｲ,kana,muni,163228,16,0,0
ﾐｲ,kana,muni,223042,22,0,0
ﾐｲ,kana,muni,244724,24,0,0
ﾐｲ,kana,muni,364053,36,0,0
ﾐｳ,kana,muni,142107,14,0,0
ﾐｳ,kana,muni,152269,15,0,0
ﾐｴ,kana,muni,75477,7,0,0
ﾐｴ,kana,muni,184047,18,0,0
ﾐｴ,kana,pref,240001,24,0,0
ﾐｵ,kana,muni,75434,7,0,0
ﾐｵ,kana,muni,102105,10,0,0
ﾐｵ,kana,muni,272060,27,0,0
ﾐｵ,kana,muni,434230,43,0,0
ﾐｵ,kana,muni,464911,46,0,0
ﾐｶ,name,muni,82309,8,0,0
ﾐｶ,kana,muni,12220,1,0,0
ﾐｶ,kana,muni,14575,1,0,0
ﾐｶ,kana,muni,64262,6,0,0
ﾐｶ,kana,muni,82309,8,0,0
ﾐｶ,kana,muni,113832,11,0,0
ﾐｶ,kana,muni,121029,12,0,1
ﾐｶ,kana,muni,212130,21,0,0
ﾐｶ,kana,muni,215023,21,0,0
ﾐｶ,kana,muni,284467,28,0,0
ﾐｶ,kana,muni,363022,36,0,0
ﾐｷ,kana,muni,261025,26,0,1
ﾐｷ,kana,muni,282154,28,0,0
ﾐｷ,kana,muni,294519,29,0,0
ﾐｷ,kana,muni,373419,37,0,0
ﾐｷ,kana,muni,462233,46,0,0
ﾐｸ,kana,muni,11061,1,0,1
ﾐｸ,kana,muni,41050,4,0,1
ﾐｸ,kana,muni,111082,11,0,1
ﾐｸ,kana,muni,131156,13,0,0
ﾐｸ,kana,muni,133825,13,0,0
ﾐｸ,kana,muni,141011,14,0,1
ﾐｸ,kana,muni,141054,14,0,1
ﾐｸ,kana,muni,141160,14,0,1
ﾐｸ,kana,muni,141534,14,0,1
ﾐｸ,kana,muni,151068,15,0,1
ﾐｸ,kana,muni,231126,23,0,1
ﾐｸ,kana,muni,261076,26,0,1
ﾐｸ,kana,muni,261092,26,0,1
ﾐｸ,kana,muni,271241,27,0,1
ﾐｸ,kana,muni,271454,27,0,1
ﾐｸ,kana,muni,281085,28,0,1
ﾐｸ,kana,muni,331040,33,0,1
ﾐｸ,kana,muni,341037,34,0,1
ﾐｸ,kana,muni,341053,34,0,1
ﾐｸ,kana,muni,401072,40,0,1
ﾐｸ,kana,muni,401340,40,0,1
ﾐｸ,kana,muni,431044,43,0,1
ﾐｸ,kana,muni,472123,47,0,0
ﾐｺ,kana,muni,53279,5,0,0
ﾐｺ,kana,muni,284815,28,0,0
ﾐｺ,kana,muni,424111,42,0,0
ﾐｻ,kana,muni,12106,1,0,0
ﾐｻ,kana,muni,22071,2,0,0
ﾐｻ,kana,muni,45055,4,0,0
ﾐｻ,kana,muni,46060,4,0,0
ﾐｻ,kana,muni,54348,5,0,0
ﾐｻ,kana,muni,74471,7,0,0
ﾐｻ,kana,muni,74641,7,0,0
ﾐｻ,kana,muni,112372,11,0,0
ﾐｻ,kana,muni,113816,11,0,0
ﾐｻ,kana,muni,113859,11,0,0
ﾐｻ,kana,muni,122335,12,0,0
ﾐｻ,kana,muni,193461,19,0,0
ﾐｻ,kana,muni,272132,27,0,0
ﾐｻ,kana,muni,273660,27,0,0
ﾐｻ,kana,muni,313645,31,0,0
ﾐｻ,kana,muni,324485,32,0,0
ﾐｻ,kana,muni,336661,33,0,0
ﾐｻ,kana,muni,433489,43,0,0
ﾐｻ,kana,muni,454311,45,0,0
ﾐｻ,kana,muni,462209,46,0,0
ﾐｼ,kana,muni,12084,1,0,0
ﾐｼ,kana,muni,16331,1,0,0
ﾐｼ,kana,muni,32069,3,0,0
ﾐｼ,kana,muni,52116,5,0,0
ﾐｼ,kana,muni,74446,7,0,0
ﾐｼ,kana,muni,112356,11,0,0
ﾐｼ,kana,muni,122386,12,0,0
ﾐｼ,kana,muni,122394,12,0,0
ﾐｼ,kana,muni,152129,15,0,0
ﾐｼ,kana,muni,162051,16,0,0
ﾐｼ,kana,muni,162086,16,0,0
ﾐｼ,kana,muni,172111,17,0,0
ﾐｼ,kana,muni,202193,20,0,0
ﾐｼ,kana,muni,212041,21,0,0
ﾐｼ,kana,muni,212083,21,0,0
ﾐｼ,kana,muni,222054,22,0,0
ﾐｼ,kana,muni,222062,22,0,0
ﾐｼ,kana,muni,232351,23,0,0
ﾐｼ,kana,muni,252131,25,0,0
ﾐｼ,kana,muni,272191,27,0,0
ﾐｼ,kana,muni,282073,28,0,0
ﾐｼ,kana,muni,332101,33,0,0
ﾐｼ,kana,muni,344311,34,0,0
ﾐｼ,kana,muni,383562,38,0,0
ﾐｼ,kana,muni,392120,39,0,0
ﾐｼ,kana,muni,422142,42,0,0
ﾐｼ,kana,muni,442071,44,0,0
ﾐｼ,kana,muni,462080,46,0,0
ﾐｼ,kana,muni,462225,46,0,0
ﾐｼ,kana,muni,463035,46,0,0
ﾐｽ,kana,muni,14257,1,0,0
ﾐｽ,kana,muni,15474,1,0,0
ﾐｽ,kana,muni,16365,1,0,0
ﾐｽ,kana,muni,82325,8,0,0
ﾐｽ,kana,muni,133035,13,0,0
ﾐｽ,kana,muni,162116,16,0,0
ﾐｽ,kana,muni,173860,17,0,0
ﾐｽ,kana,muni,174611,17,0,0
ﾐｽ,kana,muni,212083,21,0,0
ﾐｽ,kana,muni,212164,21,0,0
ﾐｽ,kana,muni,221031,22,0,1
ﾐｽ,kana,muni,223417,22,0,0
ﾐｽ,kana,muni,231088,23,0,1
ﾐｽ,kana,muni,392090,39,0,0
ﾐｽ,kana,muni,403822,40,0,0
ﾐｽ,kana,muni,435074,43,0,0
ﾐｽ,kana,muni,462144,46,0,0
ﾐｿ,kana,muni,72125,7,0,0
ﾐｿ,kana,muni,473014,47,0,0
ﾐｿ,kana,muni,473022,47,0,0
ﾐｿ,kana,muni,473545,47,0,0
ﾐﾀ,kana,muni,34410,3,0,0
ﾐﾀ,kana,muni,53481,5,0,0
ﾐﾀ,kana,muni,82368,8,0,0
ﾐﾀ,kana,muni,131075,13,0,0
ﾐﾀ,kana,muni,132047,13,0,0
ﾐﾀ,kana,muni,215210,21,0,0
ﾐﾀ,kana,muni,465020,46,0,0
ﾐﾀ,kana,muni,473243,47,0,0
ﾐﾀ,kana,muni,473570,47,0,0
ﾐﾁ,kana,muni,15164,1,0,0
ﾐﾁ,kana,muni,24465,2,0,0
ﾐﾁ,kana,muni,34029,3,0,0
ﾐﾁ,kana,muni,34835,3,0,0
ﾐﾁ,kana,muni,223255,22,0,0
ﾐﾁ,kana,muni,223425,22,0,0
ﾐﾁ,kana,muni,234451,23,0,0
ﾐﾁ,kana,muni,283819,28,0,0
ﾐﾁ,kana,muni,285854,28,0,0
ﾐﾁ,kana,muni,303909,30,0,0
ﾐﾁ,kana,muni,304069,30,0,0
ﾐﾁ,kana,muni,313025,31,0,0
ﾐﾁ,kana,muni,342050,34,0,0
ﾐﾁ,kana,muni,363871,36,0,0
ﾐﾁ,kana,muni,364037,36,0,0
ﾐﾁ,kana,muni,423238,42,0,0
ﾐﾁ,kana,muni,453820,45,0,0
ﾐﾁ,kana,muni,454028,45,0,0
ﾐﾁ,kana,muni,454052,45,0,0
ﾐﾁ,kana,muni,464911,46,0,0
ﾐﾁ,kana,muni,473812,47,0,0
ﾐﾂ,kana,muni,122254,12,0,0
ﾐﾂ,kana,muni,152111,15,0,0
ﾐﾂ,kana,muni,293865,29,0,0
ﾐﾄ,name,muni,102121,10,0,0
ﾐﾄ,kana,muni,82015,8,0,0
ﾐﾄ,kana,muni,102121,10,0,0
ﾐﾄ,kana,muni,111091,11,0,1
ﾐﾄ,kana,muni,121053,12,0,1
ﾐﾄ,kana,muni,141135,14,0,1
ﾐﾄ,kana,muni,141518,14,0,1
ﾐﾄ,kana,muni,231142,23,0,1
ﾐﾄ,kana,muni,304042,30,0,0
ﾐﾄ,kana,muni,372081,37,0,0
ﾐﾅ,name,muni,104493,10,0,0
ﾐﾅ,name,muni,303917,30,0,0
ﾐﾅ,kana,muni,11061,1,0,1
ﾐﾅ,kana,muni,14621,1,0,0
ﾐﾅ,kana,muni,46060,4,0,0
ﾐﾅ,kana,muni,72125,7,0,0
ﾐﾅ,kana,muni,73687,7,0,0
ﾐﾅ,kana,muni,104493,10,0,0
ﾐﾅ,kana,muni,111082,11,0,1
ﾐﾅ,kana,muni,113620,11,0,0
ﾐﾅ,kana,muni,122343,12,0,0
ﾐﾅ,kana,muni,131032,13,0,0
ﾐﾅ,kana,muni,141054,14,0,1
ﾐﾅ,kana,muni,141534,14,0,1
ﾐﾅ,kana,muni,142174,14,0,0
ﾐﾅ,kana,muni,151068,15,0,1
ﾐﾅ,kana,muni,152269,15,0,0
ﾐﾅ,kana,muni,184047,18,0,0
ﾐﾅ,kana,muni,192082,19,0,0
ﾐﾅ,kana,muni,203050,20,0,0
ﾐﾅ,kana,muni,203068,20,0,0
ﾐﾅ,kana,muni,203858,20,0,0
ﾐﾅ,kana,muni,223042,22,0,0
ﾐﾅ,kana,muni,231118,23,0,1
ﾐﾅ,kana,muni,231126,23,0,1
ﾐﾅ,kana,muni,234451,23,0,0
ﾐﾅ,kana,muni,244724,24,0,0
ﾐﾅ,kana,muni,261076,26,0,1
ﾐﾅ,kana,muni,263672,26,0,0
ﾐﾅ,kana,muni,271071,27,0,1
ﾐﾅ,kana,muni,271454,27,0,1
ﾐﾅ,kana,muni,282243,28,0,0
ﾐﾅ,kana,muni,303917,30,0,0
ﾐﾅ,kana,muni,312045,31,0,0
ﾐﾅ,kana,muni,331040,33,0,1
ﾐﾅ,kana,muni,341037,34,0,1
ﾐﾅ,kana,muni,341053,34,0,1
ﾐﾅ,kana,muni,363871,36,0,0
ﾐﾅ,kana,muni,401072,40,0,1
ﾐﾅ,kana,muni,401340,40,0,1
ﾐﾅ,kana,muni,422142,42,0,0
ﾐﾅ,kana,muni,431044,43,0,1
ﾐﾅ,kana,muni,432059,43,0,0
ﾐﾅ,kana,muni,434230,43,0,0
ﾐﾅ,kana,muni,434337,43,0,0
ﾐﾅ,kana,muni,454052,45,0,0
ﾐﾅ,kana,muni,462209,46,0,0
ﾐﾅ,kana,muni,462233,46,0,0
ﾐﾅ,kana,muni,464911,46,0,0
ﾐﾅ,kana,muni,465020,46,0,0
ﾐﾅ,kana,muni,473570,47,0,0
ﾐﾇ,kana,muni,111040,11,0,1
ﾐﾈ,kana,muni,352136,35,0,0
ﾐﾈ,kana,muni,413453,41,0,0
ﾐﾉ,kana,muni,13625,1,0,0
ﾐﾉ,kana,muni,62073,6,0,0
ﾐﾉ,kana,muni,93017,9,0,0
ﾐﾉ,kana,muni,112453,11,0,0
ﾐﾉ,kana,muni,193658,19,0,0
ﾐﾉ,kana,muni,202207,20,0,0
ﾐﾉ,kana,muni,203831,20,0,0
ﾐﾉ,kana,muni,203858,20,0,0
ﾐﾉ,kana,muni,212075,21,0,0
ﾐﾉ,kana,muni,212113,21,0,0
ﾐﾉ,kana,muni,271250,27,0,1
ﾐﾉ,kana,muni,272205,27,0,0
ﾐﾉ,kana,muni,303046,30,0,0
ﾐﾉ,kana,muni,336068,33,0,0
ﾐﾉ,kana,muni,353418,35,0,0
ﾐﾊ,kana,muni,75213,7,0,0
ﾐﾊ,kana,muni,121061,12,0,1
ﾐﾊ,kana,muni,141500,14,1,0
ﾐﾊ,kana,muni,141518,14,0,1
ﾐﾊ,kana,muni,141526,14,0,1
ﾐﾊ,kana,muni,141534,14,0,1
ﾐﾊ,kana,muni,184420,18,0,0
ﾐﾊ,kana,muni,234460,23,0,0
ﾐﾊ,kana,muni,245615,24,0,0
ﾐﾊ,kana,muni,252042,25,0,0
ﾐﾊ,kana,muni,271471,27,0,1
ﾐﾊ,kana,muni,303810,30,0,0
ﾐﾊ,kana,muni,342041,34,0,0
ﾐﾊ,kana,muni,394271,39,0,0
ﾐﾌ,kana,muni,14605,1,0,0
ﾐﾌ,kana,muni,14621,1,0,0
ﾐﾌ,kana,muni,93611,9,0,0
ﾐﾌ,kana,muni,434418,43,0,0
ﾐﾎ,kana,muni,84425,8,0,0
ﾐﾎ,kana,muni,122343,12,0,0
ﾐﾏ,kana,muni,44458,4,0,0
ﾐﾏ,kana,muni,63622,6,0,0
ﾐﾏ,kana,muni,73032,7,0,0
ﾐﾏ,kana,muni,73679,7,0,0
ﾐﾏ,kana,muni,84433,8,0,0
ﾐﾏ,kana,muni,104493,10,0,0
ﾐﾏ,kana,muni,105244,10,0,0
ﾐﾏ,kana,muni,113476,11,0,0
ﾐﾏ,kana,muni,153613,15,0,0
ﾐﾏ,kana,muni,203033,20,0,0
ﾐﾏ,kana,muni,203050,20,0,0
ﾐﾏ,kana,muni,203629,20,0,0
ﾐﾏ,kana,muni,332151,33,0,0
ﾐﾏ,kana,muni,362077,36,0,0
ﾐﾏ,kana,muni,403415,40,0,0
ﾐﾏ,kana,muni,406422,40,0,0
ﾐﾏ,kana,muni,433691,43,0,0
ﾐﾏ,kana,muni,453412,45,0,0
ﾐﾐ,kana,muni,203858,20,0,0
ﾐﾐ,kana,muni,413453,41,0,0
ﾐﾑ,kana,muni,203041,20,0,0
ﾐﾑ,kana,muni,204463,20,0,0
ﾐﾑ,kana,muni,294527,29,0,0
ﾐﾑ,kana,muni,435074,43,0,0
ﾐﾔ,name,muni,402290,40,0,0
ﾐﾔ,name,muni,406252,40,0,0
ﾐﾔ,name,muni,413461,41,0,0
ﾐﾔ,kana,muni,32026,3,0,0
ﾐﾔ,kana,pref,40002,4,0,0
ﾐﾔ,kana,muni,41025,4,0,1
ﾐﾔ,kana,muni,42161,4,0,0
ﾐﾔ,kana,muni,72141,7,0,0
ﾐﾔ,kana,muni,82252,8,0,0
ﾐﾔ,kana,muni,92011,9,0,0
ﾐﾔ,kana,muni,111031,11,0,1
ﾐﾔ,kana,muni,114421,11,0,0
ﾐﾔ,kana,muni,124214,12,0,0
ﾐﾔ,kana,muni,133817,13,0,0
ﾐﾔ,kana,muni,141364,14,0,1
ﾐﾔ,kana,muni,143421,14,0,0
ﾐﾔ,kana,muni,203882,20,0,0
ﾐﾔ,kana,muni,222071,22,0,0
ﾐﾔ,kana,muni,232033,23,0,0
ﾐﾔ,kana,muni,262056,26,0,0
ﾐﾔ,kana,muni,263222,26,0,0
ﾐﾔ,kana,muni,263672,26,0,0
ﾐﾔ,kana,muni,271021,27,0,1
ﾐﾔ,kana,muni,282049,28,0,0
ﾐﾔ,kana,muni,293628,29,0,0
ﾐﾔ,kana,muni,363421,36,0,0
ﾐﾔ,kana,muni,402265,40,0,0
ﾐﾔ,kana,muni,402290,40,0,0
ﾐﾔ,kana,muni,406252,40,0,0
ﾐﾔ,kana,muni,413461,41,0,0
ﾐﾔ,kana,pref,450006,45,0,0
ﾐﾔ,kana,muni,452017,45,0,0
ﾐﾔ,kana,muni,452025,45,0,0
ﾐﾔ,kana,muni,472140,47,0,0
ﾐﾖ,name,muni,232360,23,0,0
ﾐﾖ,name,muni,364894,36,0,0
ﾐﾖ,kana,muni,113247,11,0,0
ﾐﾖ,kana,muni,203238,20,0,0
ﾐﾖ,kana,muni,232360,23,0,0
ﾐﾖ,kana,muni,271209,27,0,1
ﾐﾖ,kana,muni,271217,27,0,1
ﾐﾖ,kana,muni,342092,34,0,0
ﾐﾖ,kana,muni,362085,36,0,0
ﾐﾖ,kana,muni,364894,36,0,0
ﾐﾗ,name,muni,82350,8,0,0
ﾐﾗ,kana,muni,82350,8,0,0
ﾑｶ,name,muni,15865,1,0,0
ﾑｶ,kana,muni,14630,1,0,0
ﾑｶ,kana,muni,15865,1,0,0
ﾑｶ,kana,muni,143219,14,0,0
ﾑｷ,kana,muni,363839,36,0,0
ﾑｺ,kana,muni,262081,26,0,0
ﾑｻ,kana,muni,132039,13,0,0
ﾑｻ,kana,muni,132233,13,0,0
ﾑｼ,kana,muni,122378,12,0,0
ﾑﾀ,kana,muni,402028,40,0,0
ﾑﾁ,kana,muni,14648,1,0,0
ﾑﾁ,kana,muni,15636,1,0,0
ﾑﾂ,name,muni,22080,2,0,0
ﾑﾂ,kana,muni,22080,2,0,0
ﾑﾂ,kana,muni,124222,12,0,0
ﾑﾅ,kana,muni,402206,40,0,0
ﾑﾗ,kana,muni,13048,1,0,0
ﾑﾗ,kana,muni,13919,1,0,0
ﾑﾗ,kana,muni,13960,1,0,0
ﾑﾗ,kana,muni,13978,1,0,0
ﾑﾗ,kana,muni,14036,1,0,0
ﾑﾗ,kana,muni,14044,1,0,0
ﾑﾗ,kana,muni,14095,1,0,0
ﾑﾗ,kana,muni,14630,1,0,0
ﾑﾗ,kana,muni,14702,1,0,0
ﾑﾗ,kana,muni,14851,1,0,0
ﾑﾗ,kana,muni,15113,1,0,0
ﾑﾗ,kana,muni,15628,1,0,0
ﾑﾗ,kana,muni,16381,1,0,0
ﾑﾗ,kana,muni,16390,1,0,0
ﾑﾗ,kana,muni,16675,1,0,0
ﾑﾗ,kana,muni,16951,1,0,0
ﾑﾗ,kana,muni,16969,1,0,0
ﾑﾗ,kana,muni,16977,1,0,0
ﾑﾗ,kana,muni,16985,1,0,0
ﾑﾗ,kana,muni,16993,1,0,0
ﾑﾗ,kana,muni,17001,1,0,0
ﾑﾗ,kana,muni,23043,2,0,0
ﾑﾗ,kana,muni,23434,2,0,0
ﾑﾗ,kana,muni,23671,2,0,0
ﾑﾗ,kana,muni,24112,2,0,0
ﾑﾗ,kana,muni,24244,2,0,0
ﾑﾗ,kana,muni,24252,2,0,0
ﾑﾗ,kana,muni,24261,2,0,0
ﾑﾗ,kana,muni,24503,2,0,0
ﾑﾗ,kana,muni,34843,3,0,0
ﾑﾗ,kana,muni,34851,3,0,0
ﾑﾗ,kana,muni,35033,3,0,0
ﾑﾗ,kana,muni,35068,3,0,0
ﾑﾗ,kana,muni,43222,4,0,0
ﾑﾗ,kana,muni,44245,4,0,0
ﾑﾗ,kana,muni,53279,5,0,0
ﾑﾗ,kana,muni,53686,5,0,0
ﾑﾗ,kana,muni,54640,5,0,0
ﾑﾗ,kana,muni,62081,6,0,0
ﾑﾗ,kana,muni,63657,6,0,0
ﾑﾗ,kana,muni,63665,6,0,0
ﾑﾗ,kana,muni,63673,6,0,0
ﾑﾗ,kana,muni,72117,7,0,0
ﾑﾗ,kana,muni,73229,7,0,0
ﾑﾗ,kana,muni,73440,7,0,0
ﾑﾗ,kana,muni,73644,7,0,0
ﾑﾗ,kana,muni,74021,7,0,0
ﾑﾗ,kana,muni,74225,7,0,0
ﾑﾗ,kana,muni,74462,7,0,0
ﾑﾗ,kana,muni,74616,7,0,0
ﾑﾗ,kana,muni,74641,7,0,0
ﾑﾗ,kana,muni,74659,7,0,0
ﾑﾗ,kana,muni,74845,7,0,0
ﾑﾗ,kana,muni,75027,7,0,0
ﾑﾗ,kana,muni,75035,7,0,0
ﾑﾗ,kana,muni,75442,7,0,0
ﾑﾗ,kana,muni,75485,7,0,0
ﾑﾗ,kana,muni,75647,7,0,0
ﾑﾗ,kana,muni,83411,8,0,0
ﾑﾗ,kana,muni,84425,8,0,0
ﾑﾗ,kana,muni,103446,10,0,0
ﾑﾗ,kana,muni,103667,10,0,0
ﾑﾗ,kana,muni,103837,10,0,0
ﾑﾗ,kana,muni,104256,10,0,0
ﾑﾗ,kana,muni,104281,10,0,0
ﾑﾗ,kana,muni,104434,10,0,0
ﾑﾗ,kana,muni,104442,10,0,0
ﾑﾗ,kana,muni,104485,10,0,0
ﾑﾗ,kana,muni,104647,10,0,0
ﾑﾗ,kana,muni,113697,11,0,0
ﾑﾗ,kana,muni,124231,12,0,0
ﾑﾗ,kana,muni,132136,13,0,0
ﾑﾗ,kana,muni,132233,13,0,0
ﾑﾗ,kana,muni,132276,13,0,0
ﾑﾗ,kana,muni,133078,13,0,0
ﾑﾗ,kana,muni,133621,13,0,0
ﾑﾗ,kana,muni,133639,13,0,0
ﾑﾗ,kana,muni,133647,13,0,0
ﾑﾗ,kana,muni,133817,13,0,0
ﾑﾗ,kana,muni,133825,13,0,0
ﾑﾗ,kana,muni,134023,13,0,0
ﾑﾗ,kana,muni,134210,13,0,0
ﾑﾗ,kana,muni,144029,14,0,0
ﾑﾗ,kana,muni,152129,15,0,0
ﾑﾗ,kana,muni,153427,15,0,0
ﾑﾗ,kana,muni,155047,15,0,0
ﾑﾗ,kana,muni,155811,15,0,0
ﾑﾗ,kana,muni,155861,15,0,0
ﾑﾗ,kana,muni,163210,16,0,0
ﾑﾗ,kana,muni,194221,19,0,0
ﾑﾗ,kana,muni,194247,19,0,0
ﾑﾗ,kana,muni,194255,19,0,0
ﾑﾗ,kana,muni,194298,19,0,0
ﾑﾗ,kana,muni,194425,19,0,0
ﾑﾗ,kana,muni,194433,19,0,0
ﾑﾗ,kana,muni,203041,20,0,0
ﾑﾗ,kana,muni,203050,20,0,0
ﾑﾗ,kana,muni,203068,20,0,0
ﾑﾗ,kana,muni,203076,20,0,0
ﾑﾗ,kana,muni,203491,20,0,0
ﾑﾗ,kana,muni,203637,20,0,0
ﾑﾗ,kana,muni,203858,20,0,0
ﾑﾗ,kana,muni,203866,20,0,0
ﾑﾗ,kana,muni,203882,20,0,0
ﾑﾗ,kana,muni,204072,20,0,0
ﾑﾗ,kana,muni,204099,20,0,0
ﾑﾗ,kana,muni,204102,20,0,0
ﾑﾗ,kana,muni,204111,20,0,0
ﾑﾗ,kana,muni,204129,20,0,0
ﾑﾗ,kana,muni,204137,20,0,0
ﾑﾗ,kana,muni,204145,20,0,0
ﾑﾗ,kana,muni,204153,20,0,0
ﾑﾗ,kana,muni,204161,20,0,0
ﾑﾗ,kana,muni,204170,20,0,0
ﾑﾗ,kana,muni,204251,20,0,0
ﾑﾗ,kana,muni,204293,20,0,0
ﾑﾗ,kana,muni,204307,20,0,0
ﾑﾗ,kana,muni,204463,20,0,0
ﾑﾗ,kana,muni,204480,20,0,0
ﾑﾗ,kana,muni,204501,20,0,0
ﾑﾗ,kana,muni,204510,20,0,0
ﾑﾗ,kana,muni,204528,20,0,0
ﾑﾗ,kana,muni,204820,20,0,0
ﾑﾗ,kana,muni,204854,20,0,0
ﾑﾗ,kana,muni,204862,20,0,0
ﾑﾗ,kana,muni,205435,20,0,0
ﾑﾗ,kana,muni,205621,20,0,0
ﾑﾗ,kana,muni,205630,20,0,0
ﾑﾗ,kana,muni,205885,20,0,0
ﾑﾗ,kana,muni,206024,20,0,0
ﾑﾗ,kana,muni,215074,21,0,0
ﾑﾗ,kana,muni,216046,21,0,0
ﾑﾗ,kana,muni,231053,23,0,1
ﾑﾗ,kana,muni,234273,23,0,0
ﾑﾗ,kana,muni,235636,23,0,0
ﾑﾗ,kana,muni,263672,26,0,0
ﾑﾗ,kana,muni,273830,27,0,0
ﾑﾗ,kana,muni,293229,29,0,0
ﾑﾗ,kana,muni,293857,29,0,0
ﾑﾗ,kana,muni,293865,29,0,0
ﾑﾗ,kana,muni,294021,29,0,0
ﾑﾗ,kana,muni,294446,29,0,0
ﾑﾗ,kana,muni,294462,29,0,0
ﾑﾗ,kana,muni,294471,29,0,0
ﾑﾗ,kana,muni,294497,29,0,0
ﾑﾗ,kana,muni,294501,29,0,0
ﾑﾗ,kana,muni,294519,29,0,0
ﾑﾗ,kana,muni,294527,29,0,0
ﾑﾗ,kana,muni,294535,29,0,0
ﾑﾗ,kana,muni,304271,30,0,0
ﾑﾗ,kana,muni,325279,32,0,0
ﾑﾗ,kana,muni,393053,39,0,0
ﾑﾗ,kana,muni,393061,39,0,0
ﾑﾗ,kana,muni,393070,39,0,0
ﾑﾗ,kana,muni,393649,39,0,0
ﾑﾗ,kana,muni,394106,39,0,0
ﾑﾗ,kana,muni,394271,39,0,0
ﾑﾗ,kana,muni,404489,40,0,0
ﾑﾗ,kana,muni,406091,40,0,0
ﾑﾗ,kana,muni,422053,42,0,0
ﾑﾗ,kana,muni,434256,43,0,0
ﾑﾗ,kana,muni,434329,43,0,0
ﾑﾗ,kana,muni,434337,43,0,0
ﾑﾗ,kana,muni,435074,43,0,0
ﾑﾗ,kana,muni,435104,43,0,0
ﾑﾗ,kana,muni,435112,43,0,0
ﾑﾗ,kana,muni,435121,43,0,0
ﾑﾗ,kana,muni,435139,43,0,0
ﾑﾗ,kana,muni,443221,44,0,0
ﾑﾗ,kana,muni,463035,46,0,0
ﾑﾗ,kana,muni,463043,46,0,0
ﾑﾛ,kana,muni,12050,1,0,0
ﾑﾛ,kana,muni,12238,1,0,0
ﾑﾛ,kana,muni,16373,1,0,0
ﾑﾛ,kana,muni,63649,6,0,0
ﾑﾛ,kana,muni,392022,39,0,0
ﾒｲ,kana,muni,105228,10,0,0
ﾒｲ,kana,muni,231151,23,0,1
ﾒｲ,kana,muni,244422,24,0,0
ﾒｵ,kana,muni,262064,26,0,0
ﾒｶ,kana,muni,74845,7,0,0
ﾒｶ,kana,muni,82333,8,0,0
ﾒｶ,kana,muni,113417,11,0,0
ﾒｸ,kana,muni,131105,13,0,0
ﾒｹ,kana,pref,380008,38,0,0
ﾒｼ,kana,muni,42129,4,0,0
ﾒｼ,kana,muni,132055,13,0,0
ﾒｼ,kana,muni,132225,13,0,0
ﾒｼ,kana,muni,152137,15,0,0
ﾒｼ,kana,muni,232165,23,0,0
ﾒｼ,kana,muni,282014,28,0,0
ﾒｼ,kana,muni,372021,37,0,0
ﾒｼ,kana,muni,402036,40,0,0
ﾒｼ,kana,muni,402109,40,0,0
ﾒｼ,kana,muni,443221,44,0,0
ﾒｼ,kana,muni,473618,47,0,0
ﾒﾅ,kana,muni,336637,33,0,0
ﾒﾏ,kana,muni,53619,5,0,0
ﾒﾏ,kana,muni,403431,40,0,0
ﾒﾑ,kana,muni,16373,1,0,0
ﾒﾔ,kana,muni,23434,2,0,0
ﾒﾔ,kana,muni,242101,24,0,0
ﾒﾗ,kana,muni,454036,45,0,0
ﾒﾘ,kana,muni,162060,16,0,0
ﾓ町,name,muni,16098,1,0,0
ﾓｲ,kana,muni,12122,1,0,0
ﾓｲ,kana,muni,294438,29,0,0
ﾓｴ,kana,muni,14044,1,0,0
ﾓｵ,kana,muni,92096,9,0,0
ﾓｶ,kana,muni,14681,1,0,0
ﾓｶ,kana,muni,63622,6,0,0
ﾓｶ,kana,muni,122238,12,0,0
ﾓｷ,kana,muni,23043,2,0,0
ﾓｷ,kana,muni,261068,26,0,1
ﾓｷ,kana,muni,294501,29,0,0
ﾓｸ,kana,muni,103837,10,0,0
ﾓｺ,kana,muni,73628,7,0,0
ﾓｻ,kana,muni,154059,15,0,0
ﾓｼ,kana,muni,152099,15,0,0
ﾓｼ,kana,muni,204111,20,0,0
ﾓｼ,kana,muni,212113,21,0,0
ﾓｼ,kana,muni,322032,32,0,0
ﾓｼ,kana,muni,392081,39,0,0
ﾓｼ,kana,muni,401013,40,0,1
ﾓｽ,kana,muni,203611,20,0,0
ﾓｾ,kana,muni,14338,1,0,0
ﾓﾀ,kana,muni,222194,22,0,0
ﾓﾁ,kana,muni,13463,1,0,0
ﾓﾁ,kana,muni,16098,1,0,0
ﾓﾁ,kana,muni,323438,32,0,0
ﾓﾂ,kana,muni,82104,8,0,0
ﾓﾂ,kana,muni,92169,9,0,0
ﾓﾂ,kana,muni,464929,46,0,0
ﾓﾃ,kana,muni,93432,9,0,0
ﾓﾃ,kana,muni,462136,46,0,0
ﾓﾄ,kana,muni,43621,4,0,0
ﾓﾄ,kana,muni,72141,7,0,0
ﾓﾄ,kana,muni,112330,11,0,0
ﾓﾄ,kana,muni,202029,20,0,0
ﾓﾄ,kana,muni,212181,21,0,0
ﾓﾄ,kana,muni,273015,27,0,0
ﾓﾄ,kana,muni,282057,28,0,0
ﾓﾄ,kana,muni,293636,29,0,0
ﾓﾄ,kana,muni,302031,30,0,0
ﾓﾄ,kana,muni,304280,30,0,0
ﾓﾄ,kana,muni,324418,32,0,0
ﾓﾄ,kana,muni,393410,39,0,0
ﾓﾄ,kana,pref,430005,43,0,0
ﾓﾄ,kana,muni,431001,43,1,0
ﾓﾄ,kana,muni,431010,43,0,1
ﾓﾄ,kana,muni,431028,43,0,1
ﾓﾄ,kana,muni,431036,43,0,1
ﾓﾄ,kana,muni,431044,43,0,1
ﾓﾄ,kana,muni,431052,43,0,1
ﾓﾄ,kana,muni,473081,47,0,0
ﾓﾆ,kana,muni,103829,10,0,0
ﾓﾉ,kana,muni,243418,24,0,0
ﾓﾉ,kana,muni,352012,35,0,0
ﾓﾊ,kana,muni,122106,12,0,0
ﾓﾍ,kana,muni,13986,1,0,0
ﾓﾘ,kana,muni,13455,1,0,0
ﾓﾘ,kana,pref,20001,2,0,0
ﾓﾘ,kana,muni,22012,2,0,0
ﾓﾘ,kana,muni,32018,3,0,0
ﾓﾘ,kana,muni,43419,4,0,0
ﾓﾘ,kana,muni,82244,8,0,0
ﾓﾘ,kana,muni,204030,20,0,0
ﾓﾘ,kana,muni,224618,22,0,0
ﾓﾘ,kana,muni,231134,23,0,1
ﾓﾘ,kana,muni,252077,25,0,0
ﾓﾘ,kana,muni,272094,27,0,0
ﾓﾘ,kana,muni,434281,43,0,0
ﾓﾛ,kana,muni,113263,11,0,0
ﾓﾛ,kana,muni,202088,20,0,0
ﾓﾛ,kana,muni,454290,45,0,0
ﾓﾝ,kana,muni,12190,1,0,0
ﾔｱ,kana,muni,273830,27,0,0
ﾔｲ,kana,muni,92118,9,0,0
ﾔｲ,kana,muni,222127,22,0,0
ﾔｴ,kana,muni,473626,47,0,0
ﾔｵ,kana,muni,215058,21,0,0
ﾔｵ,kana,muni,272124,27,0,0
ﾔｶ,kana,muni,193640,19,0,0
ﾔｶ,kana,muni,272159,27,0,0
ﾔｶ,kana,muni,334618,33,0,0
ﾔｶ,kana,muni,373877,37,0,0
ﾔｷ,name,muni,413461,41,0,0
ﾔｷ,kana,pref,40002,4,0,0
ﾔｷ,kana,muni,41025,4,0,1
ﾔｷ,kana,muni,413461,41,0,0
ﾔｸ,kana,muni,13463,1,0,0
ﾔｸ,kana,muni,111031,11,0,1
ﾔｸ,kana,muni,131121,13,0,0
ﾔｸ,kana,muni,131130,13,0,0
ﾔｸ,kana,muni,141062,14,0,1
ﾔｸ,kana,muni,141143,14,0,1
ﾔｸ,kana,muni,465054,46,0,0
ﾔｹ,kana,muni,133817,13,0,0
ﾔｹ,kana,muni,293628,29,0,0
ﾔｺ,name,muni,406252,40,0,0
ﾔｺ,kana,muni,15849,1,0,0
ﾔｺ,kana,muni,32026,3,0,0
ﾔｺ,kana,muni,271021,27,0,1
ﾔｺ,kana,muni,406252,40,0,0
ﾔｺ,kana,muni,452025,45,0,0
ﾔｺ,kana,muni,472140,47,0,0
ﾔｻ,kana,pref,450006,45,0,0
ﾔｻ,kana,muni,452017,45,0,0
ﾔｼ,kana,muni,41033,4,0,1
ﾔｼ,kana,muni,42161,4,0,0
ﾔｼ,kana,muni,72141,7,0,0
ﾔｼ,kana,muni,82244,8,0,0
ﾔｼ,kana,muni,82252,8,0,0
ﾔｼ,kana,muni,92011,9,0,0
ﾔｼ,kana,muni,102075,10,0,0
ﾔｼ,kana,muni,112020,11,0,0
ﾔｼ,kana,muni,112186,11,0,0
ﾔｼ,kana,muni,112224,11,0,0
ﾔｼ,kana,muni,112348,11,0,0
ﾔｼ,kana,muni,114421,11,0,0
ﾔｼ,kana,muni,122246,12,0,0
ﾔｼ,kana,muni,152081,15,0,0
ﾔｼ,kana,muni,202045,20,0,0
ﾔｼ,kana,muni,222071,22,0,0
ﾔｼ,kana,muni,231002,23,1,0
ﾔｼ,kana,muni,231011,23,0,1
ﾔｼ,kana,muni,231029,23,0,1
ﾔｼ,kana,muni,231037,23,0,1
ﾔｼ,kana,muni,231045,23,0,1
ﾔｼ,kana,muni,231053,23,0,1
ﾔｼ,kana,muni,231061,23,0,1
ﾔｼ,kana,muni,231070,23,0,1
ﾔｼ,kana,muni,231088,23,0,1
ﾔｼ,kana,muni,231096,23,0,1
ﾔｼ,kana,muni,231100,23,0,1
ﾔｼ,kana,muni,231118,23,0,1
ﾔｼ,kana,muni,231126,23,0,1
ﾔｼ,kana,muni,231134,23,0,1
ﾔｼ,kana,muni,231142,23,0,1
ﾔｼ,kana,muni,231151,23,0,1
ﾔｼ,kana,muni,231169,23,0,1
ﾔｼ,kana,muni,232033,23,0,0
ﾔｼ,kana,muni,232106,23,0,0
ﾔｼ,kana,muni,232343,23,0,0
ﾔｼ,kana,muni,272141,27,0,0
ﾔｼ,kana,muni,282049,28,0,0
ﾔｼ,kana,muni,282065,28,0,0
ﾔｼ,kana,muni,332089,33,0,0
ﾔｼ,kana,muni,334235,33,0,0
ﾔｼ,kana,muni,422045,42,0,0
ﾔｼ,kana,muni,452050,45,0,0
ﾔｼ,kana,muni,462039,46,0,0
ﾔｽ,kana,muni,122271,12,0,0
ﾔｽ,kana,muni,204145,20,0,0
ﾔｽ,kana,muni,252107,25,0,0
ﾔｽ,kana,muni,313297,31,0,0
ﾔｽ,kana,muni,322067,32,0,0
ﾔｽ,kana,muni,393045,39,0,0
ﾔｾ,kana,muni,142182,14,0,0
ﾔｿ,kana,muni,473596,47,0,0
ﾔﾀ,kana,muni,203882,20,0,0
ﾔﾀ,kana,muni,473260,47,0,0
ﾔﾁ,kana,muni,45012,4,0,0
ﾔﾁ,kana,muni,85219,8,0,0
ﾔﾁ,kana,muni,122211,12,0,0
ﾔﾁ,kana,muni,122301,12,0,0
ﾔﾁ,kana,muni,303445,30,0,0
ﾔﾁ,kana,muni,453838,45,0,0
ﾔﾂ,kana,muni,262056,26,0,0
ﾔﾂ,kana,muni,432024,43,0,0
ﾔﾄ,kana,muni,232351,23,0,0
ﾔﾅ,kana,muni,23817,2,0,0
ﾔﾅ,kana,muni,74233,7,0,0
ﾔﾅ,kana,muni,352128,35,0,0
ﾔﾅ,kana,muni,402079,40,0,0
ﾔﾊ,kana,muni,33227,3,0,0
ﾔﾊ,kana,muni,401081,40,0,1
ﾔﾊ,kana,muni,401099,40,0,1
ﾔﾋ,kana,muni,153427,15,0,0
ﾔﾌ,kana,muni,74667,7,0,0
ﾔﾌ,kana,muni,282227,28,0,0
ﾔﾍ,kana,muni,16977,1,0,0
ﾔﾍ,kana,muni,162094,16,0,0
ﾔﾍ,kana,muni,262030,26,0,0
ﾔﾏ,name,muni,402290,40,0,0
ﾔﾏ,kana,muni,14290,1,0,0
ﾔﾏ,kana,muni,34827,3,0,0
ﾔﾏ,kana,muni,43621,4,0,0
ﾔﾏ,kana,pref,60003,6,0,0
ﾔﾏ,kana,muni,62014,6,0,0
ﾔﾏ,kana,muni,62073,6,0,0
ﾔﾏ,kana,muni,62081,6,0,0
ﾔﾏ,kana,muni,63011,6,0,0
ﾔﾏ,kana,muni,63029,6,0,0
ﾔﾏ,kana,muni,63614,6,0,0
ﾔﾏ,kana,muni,72036,7,0,0
ﾔﾏ,kana,muni,74454,7,0,0
ﾔﾏ,kana,muni,74829,7,0,0
ﾔﾏ,kana,muni,92088,9,0,0
ﾔﾏ,kana,muni,92151,9,0,0
ﾔﾏ,kana,muni,93840,9,0,0
ﾔﾏ,kana,muni,104281,10,0,0
ﾔﾏ,kana,muni,112127,11,0,0
ﾔﾏ,kana,muni,112151,11,0,0
ﾔﾏ,kana,muni,113263,11,0,0
ﾔﾏ,kana,muni,113484,11,0,0
ﾔﾏ,kana,muni,122050,12,0,0
ﾔﾏ,kana,muni,122203,12,0,0
ﾔﾏ,kana,muni,124095,12,0,0
ﾔﾏ,kana,muni,124214,12,0,0
ﾔﾏ,kana,muni,132136,13,0,0
ﾔﾏ,kana,muni,132209,13,0,0
ﾔﾏ,kana,muni,132233,13,0,0
ﾔﾏ,kana,muni,141364,14,0,1
ﾔﾏ,kana,muni,142131,14,0,0
ﾔﾏ,kana,muni,143014,14,0,0
ﾔﾏ,kana,muni,143421,14,0,0
ﾔﾏ,kana,muni,143642,14,0,0
ﾔﾏ,kana,pref,160008,16,0,0
ﾔﾏ,kana,muni,162019,16,0,0
ﾔﾏ,kana,muni,163236,16,0,0
ﾔﾏ,kana,muni,182061,18,0,0
ﾔﾏ,kana,pref,190004,19,0,0
ﾔﾏ,kana,muni,192058,19,0,0
ﾔﾏ,kana,muni,194255,19,0,0
ﾔﾏ,kana,muni,194433,19,0,0
ﾔﾏ,kana,muni,202134,20,0,0
ﾔﾏ,kana,muni,204501,20,0,0
ﾔﾏ,kana,muni,205435,20,0,0
ﾔﾏ,kana,muni,205613,20,0,0
ﾔﾏ,kana,muni,212032,21,0,0
ﾔﾏ,kana,muni,212156,21,0,0
ﾔﾏ,kana,muni,223441,22,0,0
ﾔﾏ,kana,muni,231134,23,0,1
ﾔﾏ,kana,muni,232157,23,0,0
ﾔﾏ,kana,muni,233421,23,0,0
ﾔﾏ,kana,muni,242101,24,0,0
ﾔﾏ,kana,muni,252077,25,0,0
ﾔﾏ,kana,muni,261050,26,0,1
ﾔﾏ,kana,muni,261106,26,0,1
ﾔﾏ,kana,muni,262013,26,0,0
ﾔﾏ,kana,muni,263036,26,0,0
ﾔﾏ,kana,muni,263222,26,0,0
ﾔﾏ,kana,muni,263672,26,0,0
ﾔﾏ,kana,muni,272311,27,0,0
ﾔﾏ,kana,muni,282219,28,0,0
ﾔﾏ,kana,muni,292028,29,0,0
ﾔﾏ,kana,muni,292036,29,0,0
ﾔﾏ,kana,muni,293229,29,0,0
ﾔﾏ,kana,muni,294501,29,0,0
ﾔﾏ,kana,muni,294519,29,0,0
ﾔﾏ,kana,pref,300004,30,0,0
ﾔﾏ,kana,muni,302015,30,0,0
ﾔﾏ,kana,muni,303437,30,0,0
ﾔﾏ,kana,muni,304271,30,0,0
ﾔﾏ,kana,pref,330001,33,0,0
ﾔﾏ,kana,muni,331007,33,1,0
ﾔﾏ,kana,muni,331015,33,0,1
ﾔﾏ,kana,muni,331023,33,0,1
ﾔﾏ,kana,muni,331031,33,0,1
ﾔﾏ,kana,muni,331040,33,0,1
ﾔﾏ,kana,muni,332038,33,0,0
ﾔﾏ,kana,muni,342076,34,0,0
ﾔﾏ,kana,pref,350001,35,0,0
ﾔﾏ,kana,muni,352039,35,0,0
ﾔﾏ,kana,muni,363421,36,0,0
ﾔﾏ,kana,muni,382019,38,0,0
ﾔﾏ,kana,muni,393410,39,0,0
ﾔﾏ,kana,muni,402290,40,0,0
ﾔﾏ,kana,muni,403482,40,0,0
ﾔﾏ,kana,muni,403491,40,0,0
ﾔﾏ,kana,muni,403814,40,0,0
ﾔﾏ,kana,muni,413411,41,0,0
ﾔﾏ,kana,muni,432083,43,0,0
ﾔﾏ,kana,muni,434256,43,0,0
ﾔﾏ,kana,muni,434477,43,0,0
ﾔﾏ,kana,muni,435121,43,0,0
ﾔﾏ,kana,muni,465232,46,0,0
ﾔﾑ,kana,muni,23434,2,0,0
ﾔﾑ,kana,muni,204099,20,0,0
ﾔﾒ,kana,muni,402109,40,0,0
ﾔﾜ,kana,muni,262102,26,0,0
ﾔﾜ,kana,muni,382043,38,0,0
ﾔﾜ,kana,muni,402265,40,0,0
ﾕｱ,kana,muni,303615,30,0,0
ﾕｳ,kana,muni,12092,1,0,0
ﾕｳ,kana,muni,15598,1,0,0
ﾕｳ,kana,muni,82074,8,0,0
ﾕｳ,kana,muni,112160,11,0,0
ﾕｳ,kana,muni,124036,12,0,0
ﾕｳ,kana,muni,253847,25,0,0
ﾕｳ,kana,muni,464520,46,0,0
ﾕｶ,kana,muni,74225,7,0,0
ﾕｶ,kana,muni,143847,14,0,0
ﾕｸ,kana,muni,124435,12,0,0
ﾕｸ,kana,muni,402133,40,0,0
ﾕｻ,kana,muni,52078,5,0,0
ﾕｻ,kana,muni,64611,6,0,0
ﾕｻ,kana,muni,154610,15,0,0
ﾕｽ,kana,muni,394050,39,0,0
ﾕﾆ,kana,muni,14273,1,0,0
ﾕﾉ,kana,muni,435066,43,0,0
ﾕﾌ,kana,muni,442135,44,0,0
ﾕﾗ,kana,muni,303836,30,0,0
ﾕﾘ,kana,muni,52108,5,0,0
ﾕﾘ,kana,muni,313700,31,0,0
ﾖｯ,kana,muni,242021,24,0,0
ﾖｱ,kana,muni,232297,23,0,0
ﾖｲ,kana,muni,14087,1,0,0
ﾖｳ,kana,muni,15717,1,0,0
ﾖｳ,kana,muni,62138,6,0,0
ﾖｳ,kana,muni,64289,6,0,0
ﾖｳ,kana,muni,104213,10,0,0
ﾖｳ,kana,muni,112062,11,0,0
ﾖｳ,kana,muni,112119,11,0,0
ﾖｳ,kana,muni,213411,21,0,0
ﾖｳ,kana,muni,262072,26,0,0
ﾖｳ,kana,muni,272299,27,0,0
ﾖｳ,kana,muni,285013,28,0,0
ﾖｳ,kana,muni,294268,29,0,0
ﾖｳ,kana,muni,335860,33,0,0
ﾖｳ,kana,muni,352161,35,0,0
ﾖｳ,kana,muni,363880,36,0,0
ﾖｳ,kana,muni,393011,39,0,0
ﾖｳ,kana,muni,434043,43,0,0
ﾖｵ,kana,muni,204161,20,0,0
ﾖｵ,kana,muni,282090,28,0,0
ﾖｶ,kana,muni,144029,14,0,0
ﾖｶ,kana,muni,232076,23,0,0
ﾖｺ,kana,muni,16454,1,0,0
ﾖｺ,kana,muni,24066,2,0,0
ﾖｺ,kana,muni,52035,5,0,0
ﾖｺ,kana,muni,113611,11,0,0
ﾖｺ,kana,muni,124109,12,0,0
ﾖｺ,kana,muni,141003,14,1,0
ﾖｺ,kana,muni,141011,14,0,1
ﾖｺ,kana,muni,141020,14,0,1
ﾖｺ,kana,muni,141038,14,0,1
ﾖｺ,kana,muni,141046,14,0,1
ﾖｺ,kana,muni,141054,14,0,1
ﾖｺ,kana,muni,141062,14,0,1
ﾖｺ,kana,muni,141071,14,0,1
ﾖｺ,kana,muni,141089,14,0,1
ﾖｺ,kana,muni,141097,14,0,1
ﾖｺ,kana,muni,141101,14,0,1
ﾖｺ,kana,muni,141119,14,0,1
ﾖｺ,kana,muni,141127,14,0,1
ﾖｺ,kana,muni,141135,14,0,1
ﾖｺ,kana,muni,141143,14,0,1
ﾖｺ,kana,muni,141151,14,0,1
ﾖｺ,kana,muni,141160,14,0,1
ﾖｺ,kana,muni,141178,14,0,1
ﾖｺ,kana,muni,141186,14,0,1
ﾖｺ,kana,muni,142018,14,0,0
ﾖｻ,kana,muni,15466,1,0,0
ﾖｻ,kana,muni,254410,25,0,0
ﾖｻ,kana,muni,264652,26,0,0
ﾖｼ,name,muni,232360,23,0,0
ﾖｼ,name,muni,364894,36,0,0
ﾖｼ,kana,muni,103454,10,0,0
ﾖｼ,kana,muni,112437,11,0,0
ﾖｼ,kana,muni,113247,11,0,0
ﾖｼ,kana,muni,113476,11,0,0
ﾖｼ,kana,muni,122211,12,0,0
ﾖｼ,kana,muni,192023,19,0,0
ﾖｼ,kana,muni,224243,22,0,0
ﾖｼ,kana,muni,232360,23,0,0
ﾖｼ,kana,muni,271209,27,0,1
ﾖｼ,kana,muni,271217,27,0,1
ﾖｼ,kana,muni,294411,29,0,0
ﾖｼ,kana,muni,294535,29,0,0
ﾖｼ,kana,muni,312037,31,0,0
ﾖｼ,kana,muni,325058,32,0,0
ﾖｼ,kana,muni,342092,34,0,0
ﾖｼ,kana,muni,362051,36,0,0
ﾖｼ,kana,muni,362085,36,0,0
ﾖｼ,kana,muni,364894,36,0,0
ﾖｼ,kana,muni,372081,37,0,0
ﾖｼ,kana,muni,382108,38,0,0
ﾖｼ,kana,muni,382141,38,0,0
ﾖｼ,kana,muni,406422,40,0,0
ﾖｼ,kana,muni,413275,41,0,0
ﾖｼ,kana,muni,432032,43,0,0
ﾖｽ,kana,muni,232335,23,0,0
ﾖｾ,kana,muni,132217,13,0,0
ﾖﾀ,kana,muni,11100,1,0,1
ﾖﾀ,kana,muni,105236,10,0,0
ﾖﾀ,kana,muni,131016,13,0,0
ﾖﾀ,kana,muni,203238,20,0,0
ﾖﾀ,kana,muni,232114,23,0,0
ﾖﾁ,kana,muni,234478,23,0,0
ﾖﾁ,kana,muni,393444,39,0,0
ﾖﾁ,kana,muni,423076,42,0,0
ﾖﾂ,kana,muni,122289,12,0,0
ﾖﾄ,kana,muni,15164,1,0,0
ﾖﾄ,kana,muni,271136,27,0,1
ﾖﾄ,kana,muni,271144,27,0,1
ﾖﾄ,kana,muni,271233,27,0,1
ﾖﾄ,kana,muni,294420,29,0,0
ﾖﾄ,kana,muni,393878,39,0,0
ﾖﾅ,kana,muni,124630,12,0,0
ﾖﾅ,kana,muni,272035,27,0,0
ﾖﾅ,kana,muni,312029,31,0,0
ﾖﾅ,kana,muni,473481,47,0,0
ﾖﾅ,kana,muni,473821,47,0,0
ﾖﾈ,kana,muni,62022,6,0,0
ﾖﾈ,kana,muni,235636,23,0,0
ﾖﾉ,kana,muni,273210,27,0,0
ﾖﾊ,kana,muni,232017,23,0,0
ﾖﾋ,kana,muni,11053,1,0,1
ﾖﾏ,kana,muni,85219,8,0,0
ﾖﾐ,kana,muni,473243,47,0,0
ﾖﾓ,kana,muni,23043,2,0,0
ﾖﾔ,kana,muni,233421,23,0,0
ﾖﾘ,kana,muni,114081,11,0,0
ﾖﾛ,kana,muni,12211,1,0,0
ﾖﾛ,kana,muni,465356,46,0,0
ﾗ市,name,muni,82309,8,0,0
ﾗ市,name,muni,92142,9,0,0
ﾗ市,name,muni,182087,18,0,0
ﾗｲ,name,muni,82350,8,0,0
ﾗｲ,kana,muni,34029,3,0,0
ﾗｲ,kana,muni,82350,8,0,0
ﾗｲ,kana,muni,83097,8,0,0
ﾗｲ,kana,muni,244708,24,0,0
ﾗｲ,kana,muni,292061,29,0,0
ﾗｲ,kana,muni,405035,40,0,0
ﾗｳ,kana,muni,14311,1,0,0
ﾗｳ,kana,muni,16942,1,0,0
ﾗｵ,kana,muni,15784,1,0,0
ﾗｵ,kana,muni,75485,7,0,0
ﾗｵ,kana,muni,112461,11,0,0
ﾗｵ,kana,muni,353442,35,0,0
ﾗｵ,kana,muni,432041,43,0,0
ﾗｶ,kana,muni,16071,1,0,0
ﾗｶ,kana,muni,22101,2,0,0
ﾗｶ,kana,muni,72052,7,0,0
ﾗｶ,kana,muni,82317,8,0,0
ﾗｶ,kana,muni,131181,13,0,0
ﾗｶ,kana,muni,152129,15,0,0
ﾗｶ,kana,muni,215066,21,0,0
ﾗｶ,kana,muni,215074,21,0,0
ﾗｶ,kana,muni,216046,21,0,0
ﾗｶ,kana,muni,272108,27,0,0
ﾗｷ,name,muni,303411,30,0,0
ﾗｷ,kana,pref,80004,8,0,0
ﾗｷ,kana,muni,82155,8,0,0
ﾗｷ,kana,muni,83020,8,0,0
ﾗｷ,kana,muni,272116,27,0,0
ﾗｷ,kana,muni,292117,29,0,0
ﾗｷ,kana,muni,303411,30,0,0
ﾗｷ,kana,muni,401064,40,0,1
ﾗｷ,kana,muni,435058,43,0,0
ﾗｸ,kana,muni,11053,1,0,1
ﾗｸ,kana,muni,111066,11,0,1
ﾗｸ,kana,muni,141330,14,0,1
ﾗｸ,kana,muni,231053,23,0,1
ﾗｸ,kana,muni,271471,27,0,1
ﾗｸ,kana,muni,401374,40,0,1
ﾗｹ,kana,pref,290009,29,0,0
ﾗｺ,kana,muni,124249,12,0,0
ﾗｻ,kana,muni,122394,12,0,0
ﾗｻ,kana,muni,192074,19,0,0
ﾗｻ,kana,muni,462047,46,0,0
ﾗｼ,kana,muni,12181,1,0,0
ﾗｼ,kana,muni,22055,2,0,0
ﾗｼ,kana,muni,42137,4,0,0
ﾗｼ,kana,muni,72117,7,0,0
ﾗｼ,kana,muni,82031,8,0,0
ﾗｼ,kana,muni,82309,8,0,0
ﾗｼ,kana,muni,92100,9,0,0
ﾗｼ,kana,muni,92134,9,0,0
ﾗｼ,kana,muni,92142,9,0,0
ﾗｼ,kana,muni,122106,12,0,0
ﾗｼ,kana,muni,122122,12,0,0
ﾗｼ,kana,muni,122165,12,0,0
ﾗｼ,kana,muni,122181,12,0,0
ﾗｼ,kana,muni,122190,12,0,0
ﾗｼ,kana,muni,122297,12,0,0
ﾗｼ,kana,muni,132110,13,0,0
ﾗｼ,kana,muni,132276,13,0,0
ﾗｼ,kana,muni,133825,13,0,0
ﾗｼ,kana,muni,141500,14,1,0
ﾗｼ,kana,muni,141518,14,0,1
ﾗｼ,kana,muni,141526,14,0,1
ﾗｼ,kana,muni,141534,14,0,1
ﾗｼ,kana,muni,142042,14,0,0
ﾗｼ,kana,muni,142069,14,0,0
ﾗｼ,kana,muni,142107,14,0,0
ﾗｼ,kana,muni,142140,14,0,0
ﾗｼ,kana,muni,142174,14,0,0
ﾗｼ,kana,muni,182087,18,0,0
ﾗｼ,kana,muni,192121,19,0,0
ﾗｼ,kana,muni,212130,21,0,0
ﾗｼ,kana,muni,222267,22,0,0
ﾗｼ,kana,muni,232289,23,0,0
ﾗｼ,kana,muni,232319,23,0,0
ﾗｼ,kana,muni,252140,25,0,0
ﾗｼ,kana,muni,272175,27,0,0
ﾗｼ,kana,muni,272213,27,0,0
ﾗｼ,kana,muni,272264,27,0,0
ﾗｼ,kana,muni,292010,29,0,0
ﾗｼ,kana,muni,292052,29,0,0
ﾗｼ,kana,muni,332020,33,0,0
ﾗｼ,kana,muni,332071,33,0,0
ﾗｼ,kana,muni,342033,34,0,0
ﾗｼ,kana,muni,342041,34,0,0
ﾗｼ,kana,muni,342106,34,0,0
ﾗｼ,kana,muni,402281,40,0,0
ﾗｼ,kana,muni,422037,42,0,0
ﾗｼ,kana,muni,422053,42,0,0
ﾗｼ,kana,muni,422088,42,0,0
ﾗｼ,kana,muni,422142,42,0,0
ﾗｼ,kana,muni,462250,46,0,0
ﾗｽ,kana,muni,92151,9,0,0
ﾗｾ,name,muni,24121,2,0,0
ﾗｾ,kana,muni,24121,2,0,0
ﾗｿ,kana,muni,336432,33,0,0
ﾗｿ,kana,muni,454036,45,0,0
ﾗｿ,kana,muni,472085,47,0,0
ﾗﾀ,kana,muni,43222,4,0,0
ﾗﾀ,kana,muni,64025,6,0,0
ﾗﾀ,kana,muni,75035,7,0,0
ﾗﾁ,kana,muni,14061,1,0,0
ﾗﾁ,kana,muni,14532,1,0,0
ﾗﾁ,kana,muni,14826,1,0,0
ﾗﾁ,kana,muni,15644,1,0,0
ﾗﾁ,kana,muni,15717,1,0,0
ﾗﾁ,kana,muni,15857,1,0,0
ﾗﾁ,kana,muni,194239,19,0,0
ﾗﾁ,kana,muni,213624,21,0,0
ﾗﾁ,kana,muni,234427,23,0,0
ﾗﾁ,kana,muni,235610,23,0,0
ﾗﾁ,kana,muni,254428,25,0,0
ﾗﾁ,kana,muni,263443,26,0,0
ﾗﾁ,kana,muni,303836,30,0,0
ﾗﾁ,kana,muni,304212,30,0,0
ﾗﾁ,kana,muni,313718,31,0,0
ﾗﾁ,kana,muni,344621,34,0,0
ﾗﾁ,kana,muni,363014,36,0,0
ﾗﾁ,kana,muni,374032,37,0,0
ﾗﾁ,kana,muni,394050,39,0,0
ﾗﾁ,kana,muni,414417,41,0,0
ﾗﾁ,kana,muni,464821,46,0,0
ﾗﾁ,kana,muni,473294,47,0,0
ﾗﾂ,kana,muni,122068,12,0,0
ﾗﾂ,kana,muni,142034,14,0,0
ﾗﾂ,kana,muni,282146,28,0,0
ﾗﾂ,kana,muni,412023,41,0,0
ﾗﾃ,kana,muni,404021,40,0,0
ﾗﾄ,kana,muni,16021,1,0,0
ﾗﾄ,kana,muni,422070,42,0,0
ﾗﾅ,kana,muni,23019,2,0,0
ﾗﾇ,kana,muni,16683,1,0,0
ﾗﾉ,kana,muni,12297,1,0,0
ﾗﾉ,kana,muni,14605,1,0,0
ﾗﾉ,kana,muni,14613,1,0,0
ﾗﾉ,kana,muni,14621,1,0,0
ﾗﾉ,kana,muni,271268,27,0,1
ﾗﾊ,kana,muni,75426,7,0,0
ﾗﾊ,kana,muni,304018,30,0,0
ﾗﾋ,kana,muni,112232,11,0,0
ﾗﾍ,kana,muni,16390,1,0,0
ﾗﾎ,kana,muni,16497,1,0,0
ﾗﾏ,kana,muni,23230,2,0,0
ﾗﾏ,kana,muni,43214,4,0,0
ﾗﾏ,kana,muni,74811,7,0,0
ﾗﾏ,kana,muni,103845,10,0,0
ﾗﾏ,kana,muni,104248,10,0,0
ﾗﾏ,kana,muni,104647,10,0,0
ﾗﾏ,kana,muni,105210,10,0,0
ﾗﾏ,kana,muni,105252,10,0,0
ﾗﾏ,kana,muni,124265,12,0,0
ﾗﾏ,kana,muni,143847,14,0,0
ﾗﾏ,kana,muni,406015,40,0,0
ﾗﾏ,kana,muni,473758,47,0,0
ﾗﾐ,kana,muni,401072,40,0,1
ﾗﾑ,kana,muni,24252,2,0,0
ﾗﾑ,kana,muni,44245,4,0,0
ﾗﾑ,kana,muni,63657,6,0,0
ﾗﾑ,kana,muni,74021,7,0,0
ﾗﾑ,kana,muni,133078,13,0,0
ﾗﾑ,kana,muni,134210,13,0,0
ﾗﾑ,kana,muni,155861,15,0,0
ﾗﾑ,kana,muni,203637,20,0,0
ﾗﾑ,kana,muni,205621,20,0,0
ﾗﾑ,kana,muni,394271,39,0,0
ﾗﾑ,kana,muni,434329,43,0,0
ﾗﾑ,kana,muni,435104,43,0,0
ﾗﾓ,kana,muni,293636,29,0,0
ﾗﾔ,kana,muni,62081,6,0,0
ﾗﾔ,kana,muni,122271,12,0,0
ﾗﾔ,kana,muni,132136,13,0,0
ﾗﾔ,kana,muni,132233,13,0,0
ﾗﾔ,kana,muni,204099,20,0,0
ﾗﾖ,kana,muni,312037,31,0,0
ﾗﾜ,kana,muni,111074,11,0,1
ﾗﾝ,kana,muni,12050,1,0,0
ﾗﾝ,kana,muni,13943,1,0,0
ﾗﾝ,kana,muni,113425,11,0,0
ﾘ市,name,muni,102121,10,0,0
ﾘ町,name,muni,435147,43,0,0
ﾘｭ,kana,muni,14362,1,0,0
ﾘｭ,kana,muni,14371,1,0,0
ﾘｭ,kana,muni,82082,8,0,0
ﾘｭ,kana,muni,102032,10,0,0
ﾘｭ,kana,muni,204137,20,0,0
ﾘｭ,kana,muni,221406,22,0,1
ﾘｭ,kana,muni,232254,23,0,0
ﾘｯ,kana,muni,252085,25,0,0
ﾘｱ,kana,muni,232262,23,0,0
ﾘｲ,kana,muni,114081,11,0,0
ﾘｳ,kana,muni,13331,1,0,0
ﾘｵ,kana,muni,32018,3,0,0
ﾘｶ,kana,muni,162060,16,0,0
ﾘｸ,kana,muni,16489,1,0,0
ﾘｸ,kana,muni,32107,3,0,0
ﾘｸ,kana,muni,46060,4,0,0
ﾘｸ,kana,muni,111091,11,0,1
ﾘｸ,kana,muni,121053,12,0,1
ﾘｸ,kana,muni,141135,14,0,1
ﾘｸ,kana,muni,141518,14,0,1
ﾘｸ,kana,muni,231142,23,0,1
ﾘｸ,kana,muni,271152,27,0,1
ﾘｸ,kana,muni,271225,27,0,1
ﾘｸ,kana,muni,272094,27,0,0
ﾘｹ,kana,pref,20001,2,0,0
ﾘｹ,kana,pref,310000,31,0,0
ﾘｼ,kana,muni,12092,1,0,0
ﾘｼ,kana,muni,12114,1,0,0
ﾘｼ,kana,muni,12351,1,0,0
ﾘｼ,kana,muni,15181,1,0,0
ﾘｼ,kana,muni,15199,1,0,0
ﾘｼ,kana,muni,22012,2,0,0
ﾘｼ,kana,muni,42072,4,0,0
ﾘｼ,kana,muni,102121,10,0,0
ﾘｼ,kana,muni,122360,12,0,0
ﾘｼ,kana,muni,202151,20,0,0
ﾘｼ,kana,muni,232149,23,0,0
ﾘｼ,kana,muni,242080,24,0,0
ﾘｼ,kana,muni,292044,29,0,0
ﾘｼ,kana,muni,312011,31,0,0
ﾘｼ,kana,muni,352101,35,0,0
ﾘｼ,kana,muni,382027,38,0,0
ﾘｼ,kana,muni,402168,40,0,0
ﾘｼ,kana,muni,412058,41,0,0
ﾘｼ,kana,muni,462187,46,0,0
ﾘﾀ,kana,muni,122114,12,0,0
ﾘﾀ,kana,muni,302040,30,0,0
ﾘﾀ,kana,muni,303666,30,0,0
ﾘﾀ,kana,muni,414018,41,0,0
ﾘﾁ,kana,muni,13676,1,0,0
ﾘﾁ,kana,muni,15181,1,0,0
ﾘﾁ,kana,muni,15458,1,0,0
ﾘﾁ,kana,muni,16021,1,0,0
ﾘﾁ,kana,muni,43613,4,0,0
ﾘﾁ,kana,muni,273619,27,0,0
ﾘﾁ,kana,muni,273627,27,0,0
ﾘﾁ,kana,muni,284815,28,0,0
ﾘﾁ,kana,muni,293423,29,0,0
ﾘﾁ,kana,muni,294012,29,0,0
ﾘﾁ,kana,muni,393029,39,0,0
ﾘﾁ,kana,muni,413275,41,0,0
ﾘﾁ,kana,muni,435147,43,0,0
ﾘﾁ,kana,muni,465330,46,0,0
ﾘﾃ,kana,muni,82171,8,0,0
ﾘﾊ,kana,muni,42137,4,0,0
ﾘﾊ,kana,muni,313700,31,0,0
ﾘﾌ,kana,muni,15199,1,0,0
ﾘﾌ,kana,muni,44067,4,0,0
ﾘﾍ,kana,muni,12301,1,0,0
ﾘﾎ,kana,muni,52108,5,0,0
ﾘﾏ,kana,muni,13455,1,0,0
ﾘﾏ,kana,muni,23876,2,0,0
ﾘﾏ,kana,muni,43419,4,0,0
ﾘﾏ,kana,muni,73016,7,0,0
ﾘﾏ,kana,muni,74829,7,0,0
ﾘﾏ,kana,muni,124036,12,0,0
ﾘﾏ,kana,muni,124109,12,0,0
ﾘﾏ,kana,muni,131202,13,0,0
ﾘﾏ,kana,muni,204030,20,0,0
ﾘﾏ,kana,muni,224618,22,0,0
ﾘﾏ,kana,muni,283827,28,0,0
ﾘﾏ,kana,muni,403423,40,0,0
ﾘﾏ,kana,muni,434281,43,0,0
ﾘﾑ,kana,muni,13960,1,0,0
ﾘﾑ,kana,muni,14036,1,0,0
ﾘﾑ,kana,muni,16969,1,0,0
ﾘﾑ,kana,muni,24244,2,0,0
ﾘﾑ,kana,muni,204862,20,0,0
ﾘﾓ,name,muni,16098,1,0,0
ﾘﾓ,kana,muni,16098,1,0,0
ﾘﾔ,kana,muni,14290,1,0,0
ﾘﾔ,kana,muni,72036,7,0,0
ﾘﾔ,kana,muni,82244,8,0,0
ﾘﾔ,kana,muni,231134,23,0,1
ﾘﾔ,kana,muni,232106,23,0,0
ﾘﾔ,kana,muni,252077,25,0,0
ﾘﾔ,kana,muni,292036,29,0,0
ﾘﾕ,kana,muni,253847,25,0,0
ﾘﾖ,kana,muni,294268,29,0,0
ﾘﾜ,kana,muni,155047,15,0,0
ﾙ市,name,muni,22098,2,0,0
ﾙ野,name,muni,132284,13,0,0
ﾙｲ,kana,muni,16675,1,0,0
ﾙｲ,kana,muni,203211,20,0,0
ﾙｲ,kana,muni,213616,21,0,0
ﾙｵ,kana,muni,62031,6,0,0
ﾙｶ,kana,muni,112411,11,0,0
ﾙｶ,kana,muni,182028,18,0,0
ﾙｶ,kana,muni,221023,22,0,1
ﾙｶ,kana,muni,293440,29,0,0
ﾙｶ,kana,muni,372021,37,0,0
ﾙｷ,name,muni,364681,36,0,0
ﾙｷ,kana,muni,204129,20,0,0
ﾙｷ,kana,muni,364681,36,0,0
ﾙｻ,kana,muni,194298,19,0,0
ﾙｼ,kana,muni,12033,1,0,0
ﾙｼ,kana,muni,22098,2,0,0
ﾙｼ,kana,muni,192040,19,0,0
ﾙｼ,kana,muni,262021,26,0,0
ﾙｽ,kana,muni,13978,1,0,0
ﾙｾ,kana,muni,54640,5,0,0
ﾙﾀ,kana,muni,23841,2,0,0
ﾙﾁ,kana,muni,15555,1,0,0
ﾙﾁ,kana,muni,234249,23,0,0
ﾙﾁ,kana,muni,453617,45,0,0
ﾙﾁ,kana,muni,473481,47,0,0
ﾙﾁ,kana,muni,473502,47,0,0
ﾙﾄ,kana,muni,75051,7,0,0
ﾙﾄ,kana,muni,362026,36,0,0
ﾙﾉ,kana,muni,132284,13,0,0
ﾙﾋ,kana,muni,14061,1,0,0
ﾙﾌ,name,muni,192082,19,0,0
ﾙﾌ,kana,muni,15113,1,0,0
ﾙﾌ,kana,muni,192082,19,0,0
ﾙﾍ,kana,muni,16985,1,0,0
ﾙﾏ,name,muni,472131,47,0,0
ﾙﾏ,kana,muni,35017,3,0,0
ﾙﾏ,kana,muni,75213,7,0,0
ﾙﾏ,kana,muni,112259,11,0,0
ﾙﾏ,kana,muni,143839,14,0,0
ﾙﾏ,kana,muni,472131,47,0,0
ﾙﾐ,kana,muni,141011,14,0,1
ﾙﾐ,kana,muni,271241,27,0,1
ﾙﾐ,kana,muni,281085,28,0,1
ﾙﾐ,kana,muni,462144,46,0,0
ﾙﾒ,kana,muni,132225,13,0,0
ﾙﾒ,kana,muni,402036,40,0,0
ﾙﾓ,kana,muni,12122,1,0,0
ﾙﾓ,kana,muni,43419,4,0,0
ﾙﾔ,kana,muni,16977,1,0,0
ﾚｲ,kana,muni,435317,43,0,0
ﾚｼ,kana,muni,342025,34,0,0
ﾚｼ,kana,muni,412091,41,0,0
ﾚﾌ,kana,muni,15172,1,0,0
ﾚﾔ,kana,muni,122203,12,0,0
ﾛｯ,kana,muni,24112,2,0,0
ﾛｲ,kana,muni,11045,1,0,1
ﾛｲ,kana,muni,22047,2,0,0
ﾛｲ,kana,muni,42064,4,0,0
ﾛｲ,kana,muni,122327,12,0,0
ﾛｲ,kana,muni,222160,22,0,0
ﾛｲ,kana,muni,414255,41,0,0
ﾛｳ,kana,muni,53635,5,0,0
ﾛｳ,kana,muni,153079,15,0,0
ﾛｳ,kana,muni,213411,21,0,0
ﾛｵ,kana,muni,16420,1,0,0
ﾛｶ,kana,muni,14729,1,0,0
ﾛｶ,kana,muni,63649,6,0,0
ﾛｶ,kana,muni,303623,30,0,0
ﾛｶ,kana,muni,405442,40,0,0
ﾛｸ,kana,muni,24058,2,0,0
ﾛｸ,kana,muni,131105,13,0,0
ﾛｻ,kana,muni,22021,2,0,0
ﾛｻ,kana,muni,83101,8,0,0
ﾛｻ,kana,muni,112089,11,0,0
ﾛｼ,kana,muni,11002,1,1,0
ﾛｼ,kana,muni,11011,1,0,1
ﾛｼ,kana,muni,11029,1,0,1
ﾛｼ,kana,muni,11037,1,0,1
ﾛｼ,kana,muni,11045,1,0,1
ﾛｼ,kana,muni,11053,1,0,1
ﾛｼ,kana,muni,11061,1,0,1
ﾛｼ,kana,muni,11070,1,0,1
ﾛｼ,kana,muni,11088,1,0,1
ﾛｼ,kana,muni,11096,1,0,1
ﾛｼ,kana,muni,11100,1,0,1
ﾛｼ,kana,muni,12068,1,0,0
ﾛｼ,kana,muni,12076,1,0,0
ﾛｼ,kana,muni,12211,1,0,0
ﾛｼ,kana,muni,12238,1,0,0
ﾛｼ,kana,muni,12343,1,0,0
ﾛｼ,kana,muni,52027,5,0,0
ﾛｼ,kana,muni,202088,20,0,0
ﾛｼ,kana,muni,212202,21,0,0
ﾛｼ,kana,muni,232211,23,0,0
ﾛｼ,kana,pref,340006,34,0,0
ﾛｼ,kana,muni,341002,34,1,0
ﾛｼ,kana,muni,341011,34,0,1
ﾛｼ,kana,muni,341029,34,0,1
ﾛｼ,kana,muni,341037,34,0,1
ﾛｼ,kana,muni,341045,34,0,1
ﾛｼ,kana,muni,341053,34,0,1
ﾛｼ,kana,muni,341061,34,0,1
ﾛｼ,kana,muni,341070,34,0,1
ﾛｼ,kana,muni,341088,34,0,1
ﾛｼ,kana,muni,342122,34,0,0
ﾛｼ,kana,muni,343692,34,0,0
ﾛｼ,kana,muni,394289,39,0,0
ﾛｼ,kana,muni,432024,43,0,0
ﾛﾀ,kana,muni,294446,29,0,0
ﾛﾁ,kana,muni,14231,1,0,0
ﾛﾁ,kana,muni,14842,1,0,0
ﾛﾁ,kana,muni,15431,1,0,0
ﾛﾁ,kana,muni,16322,1,0,0
ﾛﾁ,kana,muni,16331,1,0,0
ﾛﾁ,kana,muni,16373,1,0,0
ﾛﾁ,kana,muni,16454,1,0,0
ﾛﾁ,kana,muni,16471,1,0,0
ﾛﾁ,kana,muni,16497,1,0,0
ﾛﾁ,kana,muni,16616,1,0,0
ﾛﾂ,kana,muni,454290,45,0,0
ﾛﾄ,kana,muni,392022,39,0,0
ﾛﾉ,kana,muni,15202,1,0,0
ﾛﾉ,kana,muni,35076,3,0,0
ﾛﾉ,kana,muni,75418,7,0,0
ﾛﾍ,kana,muni,162078,16,0,0
ﾛﾏ,kana,muni,13935,1,0,0
ﾛﾏ,kana,muni,15521,1,0,0
ﾛﾏ,kana,muni,74080,7,0,0
ﾛﾏ,kana,muni,113638,11,0,0
ﾛﾏ,kana,muni,114421,11,0,0
ﾛﾑ,kana,muni,17001,1,0,0
ﾛﾑ,kana,muni,263672,26,0,0
ﾛﾔ,kana,muni,113263,11,0,0
ﾛﾗ,kana,muni,12050,1,0,0
ﾛﾝ,kana,muni,465356,46,0,0
ﾜ市,name,muni,372072,37,0,0
ﾜ町,name,muni,15865,1,0,0
ﾜ町,name,muni,113492,11,0,0
ﾜｯ,kana,muni,12149,1,0,0
ﾜｯ,kana,muni,14648,1,0,0
ﾜｲ,kana,muni,34835,3,0,0
ﾜｲ,kana,muni,141321,14,0,1
ﾜｲ,kana,muni,294276,29,0,0
ﾜｳ,kana,muni,75442,7,0,0
ﾜｵ,kana,muni,205630,20,0,0
ﾜｶ,kana,muni,33669,3,0,0
ﾜｶ,kana,muni,41033,4,0,1
ﾜｶ,kana,muni,72028,7,0,0
ﾜｶ,kana,muni,121045,12,0,1
ﾜｶ,kana,muni,185019,18,0,0
ﾜｶ,kana,muni,203041,20,0,0
ﾜｶ,kana,muni,294527,29,0,0
ﾜｶ,kana,pref,300004,30,0,0
ﾜｶ,kana,muni,302015,30,0,0
ﾜｶ,kana,muni,313254,31,0,0
ﾜｶ,kana,muni,401030,40,0,1
ﾜｶ,kana,muni,402265,40,0,0
ﾜｷ,name,muni,72044,7,0,0
ﾜｷ,kana,muni,72044,7,0,0
ﾜｷ,kana,muni,173240,17,0,0
ﾜｷ,kana,muni,282138,28,0,0
ﾜｷ,kana,muni,353213,35,0,0
ﾜｸ,kana,muni,45012,4,0,0
ﾜｸ,kana,muni,111074,11,0,1
ﾜｸ,kana,muni,112038,11,0,0
ﾜｸ,kana,muni,121029,12,0,1
ﾜｸ,kana,muni,131091,13,0,0
ﾜｸ,kana,muni,131181,13,0,0
ﾜｸ,kana,muni,131237,13,0,0
ﾜｸ,kana,muni,141020,14,0,1
ﾜｸ,kana,muni,141089,14,0,1
ﾜｸ,kana,muni,194301,19,0,0
ﾜｸ,kana,muni,231070,23,0,1
ﾜｸ,kana,muni,231100,23,0,1
ﾜｸ,kana,muni,232289,23,0,0
ﾜｸ,kana,muni,271110,27,0,1
ﾜｸ,kana,muni,271136,27,0,1
ﾜｸ,kana,muni,271144,27,0,1
ﾜｸ,kana,muni,271233,27,0,1
ﾜｸ,kana,muni,336432,33,0,0
ﾜｸ,kana,muni,352080,35,0,0
ﾜｹ,kana,pref,140007,14,0,0
ﾜｹ,kana,pref,170003,17,0,0
ﾜｹ,kana,muni,333468,33,0,0
ﾜｹ,kana,pref,370002,37,0,0
ﾜｹ,kana,pref,470007,47,0,0
ﾜｺ,kana,muni,112011,11,0,0
ﾜｺ,kana,muni,112291,11,0,0
ﾜｺ,kana,muni,243442,24,0,0
ﾜｻ,kana,muni,43249,4,0,0
ﾜｻ,kana,muni,141305,14,1,0
ﾜｻ,kana,muni,141313,14,0,1
ﾜｻ,kana,muni,141321,14,0,1
ﾜｻ,kana,muni,141330,14,0,1
ﾜｻ,kana,muni,141348,14,0,1
ﾜｻ,kana,muni,141356,14,0,1
ﾜｻ,kana,muni,141364,14,0,1
ﾜｻ,kana,muni,141372,14,0,1
ﾜｻ,kana,muni,152056,15,0,0
ﾜｻ,kana,muni,406058,40,0,0
ﾜｼ,name,muni,282243,28,0,0
ﾜｼ,kana,muni,12041,1,0,0
ﾜｼ,kana,muni,12106,1,0,0
ﾜｼ,kana,muni,12254,1,0,0
ﾜｼ,kana,muni,12262,1,0,0
ﾜｼ,kana,muni,12289,1,0,0
ﾜｼ,kana,muni,12319,1,0,0
ﾜｼ,kana,muni,22071,2,0,0
ﾜｼ,kana,muni,22101,2,0,0
ﾜｼ,kana,muni,32166,3,0,0
ﾜｼ,kana,muni,52078,5,0,0
ﾜｼ,kana,muni,62022,6,0,0
ﾜｼ,kana,muni,62120,6,0,0
ﾜｼ,kana,muni,72052,7,0,0
ﾜｼ,kana,muni,72079,7,0,0
ﾜｼ,kana,muni,74080,7,0,0
ﾜｼ,kana,muni,82317,8,0,0
ﾜｼ,kana,muni,102083,10,0,0
ﾜｼ,kana,muni,112089,11,0,0
ﾜｼ,kana,muni,112313,11,0,0
ﾜｼ,kana,muni,112437,11,0,0
ﾜｼ,kana,muni,113468,11,0,0
ﾜｼ,kana,muni,122033,12,0,0
ﾜｼ,kana,muni,122173,12,0,0
ﾜｼ,kana,muni,122238,12,0,0
ﾜｼ,kana,muni,132021,13,0,0
ﾜｼ,kana,muni,142051,14,0,0
ﾜｼ,kana,muni,152161,15,0,0
ﾜｼ,kana,muni,155861,15,0,0
ﾜｼ,kana,muni,162060,16,0,0
ﾜｼ,kana,muni,172014,17,0,0
ﾜｼ,kana,muni,172049,17,0,0
ﾜｼ,kana,muni,202061,20,0,0
ﾜｼ,kana,muni,212067,21,0,0
ﾜｼ,kana,muni,222135,22,0,0
ﾜｼ,kana,muni,222241,22,0,0
ﾜｼ,kana,muni,232076,23,0,0
ﾜｼ,kana,muni,232203,23,0,0
ﾜｼ,kana,muni,262145,26,0,0
ﾜｼ,kana,muni,272159,27,0,0
ﾜｼ,kana,muni,282103,28,0,0
ﾜｼ,kana,muni,282243,28,0,0
ﾜｼ,kana,muni,282260,28,0,0
ﾜｼ,kana,muni,302082,30,0,0
ﾜｼ,kana,muni,332135,33,0,0
ﾜｼ,kana,muni,332143,33,0,0
ﾜｼ,kana,muni,362051,36,0,0
ﾜｼ,kana,muni,362069,36,0,0
ﾜｼ,kana,muni,372072,37,0,0
ﾜｼ,kana,muni,382035,38,0,0
ﾜｼ,kana,muni,402061,40,0,0
ﾜｼ,kana,muni,402079,40,0,0
ﾜｼ,kana,muni,402125,40,0,0
ﾜｼ,kana,muni,402311,40,0,0
ﾜｼ,kana,muni,472115,47,0,0
ﾜｾ,kana,muni,242098,24,0,0
ﾜﾀ,kana,muni,22063,2,0,0
ﾜﾀ,kana,muni,43613,4,0,0
ﾜﾀ,kana,muni,222119,22,0,0
ﾜﾀ,kana,muni,244708,24,0,0
ﾜﾀ,kana,muni,262102,26,0,0
ﾜﾀ,kana,muni,272027,27,0,0
ﾜﾀ,kana,muni,382043,38,0,0
ﾜﾀ,kana,muni,423220,42,0,0
ﾜﾁ,kana,muni,14010,1,0,0
ﾜﾁ,kana,muni,14257,1,0,0
ﾜﾁ,kana,muni,14320,1,0,0
ﾜﾁ,kana,muni,14575,1,0,0
ﾜﾁ,kana,muni,14583,1,0,0
ﾜﾁ,kana,muni,14681,1,0,0
ﾜﾁ,kana,muni,14711,1,0,0
ﾜﾁ,kana,muni,15865,1,0,0
ﾜﾁ,kana,muni,16071,1,0,0
ﾜﾁ,kana,muni,33219,3,0,0
ﾜﾁ,kana,muni,44211,4,0,0
ﾜﾁ,kana,muni,45811,4,0,0
ﾜﾁ,kana,muni,84476,8,0,0
ﾜﾁ,kana,muni,193640,19,0,0
ﾜﾁ,kana,muni,193682,19,0,0
ﾜﾁ,kana,muni,193844,19,0,0
ﾜﾁ,kana,muni,214019,21,0,0
ﾜﾁ,kana,muni,215066,21,0,0
ﾜﾁ,kana,muni,244422,24,0,0
ﾜﾁ,kana,muni,272167,27,0,0
ﾜﾁ,kana,muni,283011,28,0,0
ﾜﾁ,kana,muni,284424,28,0,0
ﾜﾁ,kana,muni,284467,28,0,0
ﾜﾁ,kana,muni,303623,30,0,0
ﾜﾁ,kana,muni,303666,30,0,0
ﾜﾁ,kana,muni,303925,30,0,0
ﾜﾁ,kana,muni,304247,30,0,0
ﾜﾁ,kana,muni,373877,37,0,0
ﾜﾁ,kana,muni,393878,39,0,0
ﾜﾁ,kana,muni,394025,39,0,0
ﾜﾁ,kana,muni,434680,43,0,0
ﾜﾁ,kana,muni,454214,45,0,0
ﾜﾂ,kana,muni,111104,11,0,1
ﾜﾂ,kana,muni,223026,22,0,0
ﾜﾂ,kana,muni,263656,26,0,0
ﾜﾃ,kana,pref,30007,3,0,0
ﾜﾃ,kana,muni,33031,3,0,0
ﾜﾃ,kana,muni,272299,27,0,0
ﾜﾃ,kana,muni,302091,30,0,0
ﾜﾄ,kana,muni,465330,46,0,0
ﾜﾅ,kana,muni,14028,1,0,0
ﾜﾅ,kana,muni,242055,24,0,0
ﾜﾆ,kana,muni,23621,2,0,0
ﾜﾆ,kana,muni,63827,6,0,0
ﾜﾆ,kana,muni,282171,28,0,0
ﾜﾆ,kana,muni,293610,29,0,0
ﾜﾇ,kana,muni,42111,4,0,0
ﾜﾈ,kana,muni,224294,22,0,0
ﾜﾉ,kana,muni,213829,21,0,0
ﾜﾉ,kana,muni,325015,32,0,0
ﾜﾊ,kana,muni,104442,10,0,0
ﾜﾍ,kana,muni,215031,21,0,0
ﾜﾏ,kana,muni,23213,2,0,0
ﾜﾏ,kana,muni,53660,5,0,0
ﾜﾏ,kana,muni,63223,6,0,0
ﾜﾏ,kana,muni,63649,6,0,0
ﾜﾏ,kana,muni,64262,6,0,0
ﾜﾏ,kana,muni,73083,7,0,0
ﾜﾏ,kana,muni,74837,7,0,0
ﾜﾏ,kana,muni,75019,7,0,0
ﾜﾏ,kana,muni,75043,7,0,0
ﾜﾏ,kana,muni,93017,9,0,0
ﾜﾏ,kana,muni,93866,9,0,0
ﾜﾏ,kana,muni,94111,9,0,0
ﾜﾏ,kana,muni,105228,10,0,0
ﾜﾏ,kana,muni,113417,11,0,0
ﾜﾏ,kana,muni,113433,11,0,0
ﾜﾏ,kana,muni,113492,11,0,0
ﾜﾏ,kana,muni,113832,11,0,0
ﾜﾏ,kana,muni,124222,12,0,0
ﾜﾏ,kana,muni,143219,14,0,0
ﾜﾏ,kana,muni,144011,14,0,0
ﾜﾏ,kana,muni,154610,15,0,0
ﾜﾏ,kana,muni,203211,20,0,0
ﾜﾏ,kana,muni,203505,20,0,0
ﾜﾏ,kana,muni,203611,20,0,0
ﾜﾏ,kana,muni,203831,20,0,0
ﾜﾏ,kana,muni,204021,20,0,0
ﾜﾏ,kana,muni,405442,40,0,0
ﾜﾐ,kana,muni,12106,1,0,0
ﾜﾐ,kana,muni,193461,19,0,0
ﾜﾐ,kana,muni,313025,31,0,0
ﾜﾐ,kana,muni,454052,45,0,0
ﾜﾑ,kana,muni,14095,1,0,0
ﾜﾑ,kana,muni,63665,6,0,0
ﾜﾑ,kana,muni,63673,6,0,0
ﾜﾑ,kana,muni,74225,7,0,0
ﾜﾑ,kana,muni,74462,7,0,0
ﾜﾑ,kana,muni,74845,7,0,0
ﾜﾑ,kana,muni,75027,7,0,0
ﾜﾑ,kana,muni,104485,10,0,0
ﾜﾑ,kana,muni,144029,14,0,0
ﾜﾑ,kana,muni,155047,15,0,0
ﾜﾑ,kana,muni,155811,15,0,0
ﾜﾑ,kana,muni,194298,19,0,0
ﾜﾑ,kana,muni,203858,20,0,0
ﾜﾑ,kana,muni,203866,20,0,0
ﾜﾑ,kana,muni,204307,20,0,0
ﾜﾑ,kana,muni,204820,20,0,0
ﾜﾑ,kana,muni,205885,20,0,0
ﾜﾑ,kana,muni,215074,21,0,0
ﾜﾑ,kana,muni,216046,21,0,0
ﾜﾑ,kana,muni,294462,29,0,0
ﾜﾑ,kana,muni,294471,29,0,0
ﾜﾑ,kana,muni,294497,29,0,0
ﾜﾑ,kana,muni,393053,39,0,0
ﾜﾑ,kana,muni,393649,39,0,0
ﾜﾓ,kana,muni,324418,32,0,0
ﾜﾗ,name,muni,182087,18,0,0
ﾜﾗ,kana,muni,22055,2,0,0
ﾜﾗ,kana,muni,43214,4,0,0
ﾜﾗ,kana,muni,92100,9,0,0
ﾜﾗ,kana,muni,112232,11,0,0
ﾜﾗ,kana,muni,134210,13,0,0
ﾜﾗ,kana,muni,142069,14,0,0
ﾜﾗ,kana,muni,143847,14,0,0
ﾜﾗ,kana,muni,182087,18,0,0
ﾜﾗ,kana,muni,263443,26,0,0
ﾜﾗ,kana,muni,272213,27,0,0
ﾜﾗ,kana,muni,293636,29,0,0
ﾜﾗ,kana,muni,401374,40,0,1
ﾜﾗ,kana,muni,406015,40,0,0
ﾜﾘ,kana,muni,232262,23,0,0
ﾜﾝ,kana,muni,472051,47,0,0
ﾝｴ,kana,muni,73440,7,0,0
ﾝｵ,kana,muni,285862,28,0,0
ﾝｵ,kana,muni,372056,37,0,0
ﾝｶ,kana,muni,15555,1,0,0
ﾝｶ,kana,muni,294462,29,0,0
ﾝｶ,kana,muni,403849,40,0,0
ﾝｶ,kana,muni,413879,41,0,0
ﾝｶ,kana,muni,424111,42,0,0
ﾝｶ,kana,muni,433675,43,0,0
ﾝｷ,kana,muni,131059,13,0,0
ﾝｸ,kana,muni,141119,14,0,1
ﾝｸ,kana,muni,151041,15,0,1
ﾝｸ,kana,muni,151084,15,0,1
ﾝｸ,kana,muni,302074,30,0,0
ﾝｸ,kana,muni,401366,40,0,1
ﾝｸ,kana,muni,403458,40,0,0
ﾝｹ,kana,muni,74217,7,0,0
ﾝｺ,kana,muni,13943,1,0,0
ﾝｺ,kana,muni,24503,2,0,0
ﾝｺ,kana,muni,262129,26,0,0
ﾝｺ,kana,muni,293431,29,0,0
ﾝｺ,kana,muni,392049,39,0,0
ﾝｺ,kana,muni,442097,44,0,0
ﾝｺ,kana,muni,442127,44,0,0
ﾝｺ,kana,muni,464902,46,0,0
ﾝｻ,kana,muni,113425,11,0,0
ﾝｻ,kana,muni,122319,12,0,0
ﾝｻ,kana,muni,412104,41,0,0
ﾝｼ,kana,muni,12050,1,0,0
ﾝｼ,kana,muni,13048,1,0,0
ﾝｼ,kana,muni,52108,5,0,0
ﾝｼ,kana,muni,52124,5,0,0
ﾝｼ,kana,muni,62057,6,0,0
ﾝｼ,kana,muni,112119,11,0,0
ﾝｼ,kana,muni,124435,12,0,0
ﾝｼ,kana,muni,131041,13,0,0
ﾝｼ,kana,muni,132144,13,0,0
ﾝｼ,kana,muni,152048,15,0,0
ﾝｼ,kana,muni,152188,15,0,0
ﾝｼ,kana,muni,172103,17,0,0
ﾝｼ,kana,muni,182095,18,0,0
ﾝｼ,kana,muni,232092,23,0,0
ﾝｼ,kana,muni,232122,23,0,0
ﾝｼ,kana,muni,232173,23,0,0
ﾝｼ,kana,muni,232211,23,0,0
ﾝｼ,kana,muni,232301,23,0,0
ﾝｼ,kana,muni,252042,25,0,0
ﾝｼ,kana,muni,252115,25,0,0
ﾝｼ,kana,muni,262137,26,0,0
ﾝｼ,kana,muni,272281,27,0,0
ﾝｼ,kana,muni,272329,27,0,0
ﾝｼ,kana,muni,302023,30,0,0
ﾝｼ,kana,muni,322091,32,0,0
ﾝｼ,kana,muni,332119,33,0,0
ﾝｼ,kana,muni,335860,33,0,0
ﾝｼ,kana,muni,352152,35,0,0
ﾝｼ,kana,muni,362042,36,0,0
ﾝｼ,kana,muni,372056,37,0,0
ﾝｼ,kana,muni,382159,38,0,0
ﾝｼ,kana,muni,392111,39,0,0
ﾝｼ,kana,muni,402141,40,0,0
ﾝｼ,kana,muni,422134,42,0,0
ﾝｼ,kana,muni,452041,45,0,0
ﾝｼ,kana,muni,472051,47,0,0
ﾝｼ,kana,muni,472107,47,0,0
ﾝｼ,kana,muni,472158,47,0,0
ﾝｾ,kana,muni,205630,20,0,0
ﾝｾ,kana,muni,285862,28,0,0
ﾝｾ,kana,muni,345458,34,0,0
ﾝｾ,kana,muni,422134,42,0,0
ﾝｿ,kana,muni,465241,46,0,0
ﾝｿ,kana,muni,473065,47,0,0
ﾝｿ,kana,muni,473243,47,0,0
ﾝﾀ,kana,muni,32107,3,0,0
ﾝﾀ,kana,muni,32140,3,0,0
ﾝﾀ,kana,muni,41009,4,1,0
ﾝﾀ,kana,muni,41017,4,0,1
ﾝﾀ,kana,muni,41025,4,0,1
ﾝﾀ,kana,muni,41033,4,0,1
ﾝﾀ,kana,muni,41041,4,0,1
ﾝﾀ,kana,muni,41050,4,0,1
ﾝﾀ,kana,muni,74071,7,0,0
ﾝﾀ,kana,muni,232050,23,0,0
ﾝﾀ,kana,muni,262137,26,0,0
ﾝﾀ,kana,muni,272141,27,0,0
ﾝﾀ,kana,muni,282197,28,0,0
ﾝﾀ,kana,muni,304042,30,0,0
ﾝﾀ,kana,muni,406210,40,0,0
ﾝﾀ,kana,muni,462152,46,0,0
ﾝﾁ,kana,muni,14001,1,0,0
ﾝﾁ,kana,muni,14052,1,0,0
ﾝﾁ,kana,muni,15172,1,0,0
ﾝﾁ,kana,muni,75612,7,0,0
ﾝﾁ,kana,muni,184047,18,0,0
ﾝﾁ,kana,muni,184233,18,0,0
ﾝﾁ,kana,muni,204048,20,0,0
ﾝﾁ,kana,muni,213021,21,0,0
ﾝﾁ,kana,muni,224294,22,0,0
ﾝﾁ,kana,muni,243248,24,0,0
ﾝﾁ,kana,muni,273821,27,0,0
ﾝﾁ,kana,muni,285862,28,0,0
ﾝﾁ,kana,muni,313866,31,0,0
ﾝﾁ,kana,muni,314013,31,0,0
ﾝﾁ,kana,muni,323861,32,0,0
ﾝﾁ,kana,muni,324493,32,0,0
ﾝﾁ,kana,muni,336637,33,0,0
ﾝﾁ,kana,muni,345458,34,0,0
ﾝﾁ,kana,muni,383864,38,0,0
ﾝﾁ,kana,muni,385069,38,0,0
ﾝﾁ,kana,muni,465321,46,0,0
ﾝﾁ,kana,muni,465356,46,0,0
ﾝﾁ,kana,muni,473146,47,0,0
ﾝﾁ,kana,muni,473260,47,0,0
ﾝﾂ,kana,muni,372048,37,0,0
ﾝﾄ,kana,muni,14320,1,0,0
ﾝﾄ,kana,muni,16357,1,0,0
ﾝﾄ,kana,muni,62103,6,0,0
ﾝﾄ,kana,muni,82287,8,0,0
ﾝﾄ,kana,muni,103446,10,0,0
ﾝﾄ,kana,muni,162108,16,0,0
ﾝﾄ,kana,muni,293458,29,0,0
ﾝﾄ,kana,muni,392103,39,0,0
ﾝﾄ,kana,muni,394122,39,0,0
ﾝﾄ,kana,muni,454028,45,0,0
ﾝﾅ,kana,muni,102113,10,0,0
ﾝﾅ,kana,muni,103675,10,0,0
ﾝﾅ,kana,muni,223255,22,0,0
ﾝﾅ,kana,muni,272281,27,0,0
ﾝﾅ,kana,muni,272329,27,0,0
ﾝﾅ,kana,muni,322091,32,0,0
ﾝﾅ,kana,muni,473111,47,0,0
ﾝﾇ,kana,muni,42056,4,0,0
ﾝﾈ,kana,muni,15491,1,0,0
ﾝﾉ,name,muni,374067,37,0,0
ﾝﾉ,kana,muni,24414,2,0,0
ﾝﾉ,kana,muni,112097,11,0,0
ﾝﾉ,kana,muni,271098,27,0,1
ﾝﾉ,kana,muni,374067,37,0,0
ﾝﾊ,kana,muni,213837,21,0,0
ﾝﾊ,kana,muni,222151,22,0,0
ﾝﾊ,kana,muni,231169,23,0,1
ﾝﾊ,kana,muni,264075,26,0,0
ﾝﾊ,kana,muni,282219,28,0,0
ﾝﾊ,kana,muni,282235,28,0,0
ﾝﾋ,kana,muni,16101,1,0,0
ﾝﾌ,kana,muni,14656,1,0,0
ﾝﾌ,kana,muni,24457,2,0,0
ﾝﾌ,kana,muni,193666,19,0,0
ﾝﾌ,kana,muni,313891,31,0,0
ﾝﾍ,kana,muni,12190,1,0,0
ﾝﾍ,kana,muni,13471,1,0,0
ﾝﾍ,kana,muni,14851,1,0,0
ﾝﾍ,kana,muni,14869,1,0,0
ﾝﾍ,kana,muni,15121,1,0,0
ﾝﾍ,kana,muni,15130,1,0,0
ﾝﾍ,kana,muni,16462,1,0,0
ﾝﾎ,kana,muni,14231,1,0,0
ﾝﾎ,kana,muni,52159,5,0,0
ﾝﾏ,kana,muni,72109,7,0,0
ﾝﾏ,kana,pref,100005,10,0,0
ﾝﾏ,kana,muni,113425,11,0,0
ﾝﾏ,kana,muni,124273,12,0,0
ﾝﾏ,kana,muni,124630,12,0,0
ﾝﾏ,kana,muni,154822,15,0,0
ﾝﾏ,kana,muni,163422,16,0,0
ﾝﾏ,kana,muni,294241,29,0,0
ﾝﾏ,kana,muni,404217,40,0,0
ﾝﾏ,kana,muni,404471,40,0,0
ﾝﾏ,kana,muni,433675,43,0,0
ﾝﾑ,kana,muni,16951,1,0,0
ﾝﾑ,kana,muni,122378,12,0,0
ﾝﾑ,kana,muni,205630,20,0,0
ﾝﾓ,kana,muni,103837,10,0,0
ﾝﾖ,kana,muni,62138,6,0,0
ﾝﾖ,kana,muni,352161,35,0,0
ﾝﾗ,kana,muni,103845,10,0,0
ﾝﾘ,kana,muni,46060,4,0,0
ﾝﾘ,kana,muni,204137,20,0,0
ﾝﾘ,kana,muni,221406,22,0,1
ﾝﾘ,kana,muni,292044,29,0,0
ﾞ市,name,muni,82201,8,0,0
ﾞ市,name,muni,242144,24,0,0
ﾞ市,name,muni,282243,28,0,0
ﾞ町,name,muni,303411,30,0,0
ﾞ町,name,muni,303917,30,0,0
ﾞ町,name,muni,364681,36,0,0
ﾞｭ,kana,muni,131041,13,0,0
ﾞｮ,kana,muni,42099,4,0,0
ﾞｮ,kana,muni,52108,5,0,0
ﾞｮ,kana,muni,53619,5,0,0
ﾞｮ,kana,muni,62057,6,0,0
ﾞｮ,kana,muni,82112,8,0,0
ﾞｮ,kana,muni,134015,13,0,0
ﾞｮ,kana,muni,152048,15,0,0
ﾞｮ,kana,muni,152226,15,0,0
ﾞｮ,kana,muni,204111,20,0,0
ﾞｮ,kana,muni,212199,21,0,0
ﾞｮ,kana,muni,232122,23,0,0
ﾞｮ,kana,muni,261025,26,0,1
ﾞｮ,kana,muni,261041,26,0,1
ﾞｮ,kana,muni,261068,26,0,1
ﾞｮ,kana,muni,262072,26,0,0
ﾞｮ,kana,muni,271187,27,0,1
ﾞｮ,kana,muni,292079,29,0,0
ﾞｮ,kana,muni,382060,38,0,0
ﾞｮ,kana,muni,401366,40,0,1
ﾞｮ,kana,muni,402192,40,0,0
ﾞｮ,kana,muni,406473,40,0,0
ﾞｮ,kana,muni,433641,43,0,0
ﾞｮ,kana,muni,452025,45,0,0
ﾞｮ,kana,muni,454044,45,0,0
ﾞｮ,kana,muni,472158,47,0,0
ﾞｯ,kana,muni,442020,44,0,0
ﾞｲ,kana,muni,12157,1,0,0
ﾞｲ,kana,muni,34851,3,0,0
ﾞｲ,kana,muni,41009,4,1,0
ﾞｲ,kana,muni,41017,4,0,1
ﾞｲ,kana,muni,41025,4,0,1
ﾞｲ,kana,muni,41033,4,0,1
ﾞｲ,kana,muni,41041,4,0,1
ﾞｲ,kana,muni,41050,4,0,1
ﾞｲ,kana,muni,52124,5,0,0
ﾞｲ,kana,muni,62090,6,0,0
ﾞｲ,kana,muni,74071,7,0,0
ﾞｲ,kana,muni,83640,8,0,0
ﾞｲ,kana,muni,104256,10,0,0
ﾞｲ,kana,muni,122319,12,0,0
ﾞｲ,kana,muni,132110,13,0,0
ﾞｲ,kana,muni,205621,20,0,0
ﾞｲ,kana,muni,223425,22,0,0
ﾞｲ,kana,muni,232068,23,0,0
ﾞｲ,kana,muni,234419,23,0,0
ﾞｲ,kana,muni,244431,24,0,0
ﾞｲ,kana,muni,272183,27,0,0
ﾞｲ,kana,muni,272264,27,0,0
ﾞｲ,kana,muni,313866,31,0,0
ﾞｲ,kana,muni,393070,39,0,0
ﾞｲ,kana,muni,402214,40,0,0
ﾞｲ,kana,muni,462152,46,0,0
ﾞｲ,kana,muni,473570,47,0,0
ﾞｲ,kana,muni,473588,47,0,0
ﾞｳ,name,muni,82309,8,0,0
ﾞｳ,kana,pref,10006,1,0,0
ﾞｳ,kana,muni,24503,2,0,0
ﾞｳ,kana,muni,62103,6,0,0
ﾞｳ,kana,muni,73628,7,0,0
ﾞｳ,kana,muni,74616,7,0,0
ﾞｳ,kana,muni,82287,8,0,0
ﾞｳ,kana,muni,82309,8,0,0
ﾞｳ,kana,muni,122289,12,0,0
ﾞｳ,kana,muni,122297,12,0,0
ﾞｳ,kana,muni,122343,12,0,0
ﾞｳ,kana,muni,194221,19,0,0
ﾞｳ,kana,muni,213811,21,0,0
ﾞｳ,kana,muni,233021,23,0,0
ﾞｳ,kana,muni,293431,29,0,0
ﾞｳ,kana,muni,302058,30,0,0
ﾞｳ,kana,muni,302074,30,0,0
ﾞｳ,kana,muni,322075,32,0,0
ﾞｳ,kana,muni,363219,36,0,0
ﾞｳ,kana,muni,403458,40,0,0
ﾞｳ,kana,muni,465275,46,0,0
ﾞｴ,kana,muni,14591,1,0,0
ﾞｴ,kana,muni,62065,6,0,0
ﾞｴ,kana,muni,112011,11,0,0
ﾞｴ,kana,muni,182079,18,0,0
ﾞｴ,kana,muni,222143,22,0,0
ﾞｴ,kana,muni,243442,24,0,0
ﾞｴ,kana,muni,293229,29,0,0
ﾞｵ,kana,muni,24244,2,0,0
ﾞｵ,kana,muni,43010,4,0,0
ﾞｵ,kana,muni,102091,10,0,0
ﾞｵ,kana,muni,112194,11,0,0
ﾞｵ,kana,muni,152021,15,0,0
ﾞｵ,kana,pref,220001,22,0,0
ﾞｵ,kana,muni,221007,22,1,0
ﾞｵ,kana,muni,221015,22,0,1
ﾞｵ,kana,muni,221023,22,0,1
ﾞｵ,kana,muni,221031,22,0,1
ﾞｵ,kana,muni,232149,23,0,0
ﾞｵ,kana,muni,262099,26,0,0
ﾞｵ,kana,muni,273414,27,0,0
ﾞｵ,kana,muni,284815,28,0,0
ﾞｵ,kana,muni,402168,40,0,0
ﾞｵ,kana,muni,442127,44,0,0
ﾞｵ,kana,muni,452033,45,0,0
ﾞｶ,name,muni,16101,1,0,0
ﾞｶ,kana,muni,16012,1,0,0
ﾞｶ,kana,muni,16101,1,0,0
ﾞｶ,kana,muni,23213,2,0,0
ﾞｶ,kana,muni,85421,8,0,0
ﾞｶ,kana,muni,102083,10,0,0
ﾞｶ,kana,muni,112429,11,0,0
ﾞｶ,kana,muni,122297,12,0,0
ﾞｶ,kana,muni,131237,13,0,0
ﾞｶ,kana,muni,141062,14,0,1
ﾞｶ,kana,muni,193682,19,0,0
ﾞｶ,kana,muni,194301,19,0,0
ﾞｶ,kana,muni,202070,20,0,0
ﾞｶ,kana,muni,214019,21,0,0
ﾞｶ,kana,muni,242071,24,0,0
ﾞｶ,kana,muni,262145,26,0,0
ﾞｶ,kana,muni,263656,26,0,0
ﾞｶ,kana,muni,271136,27,0,1
ﾞｶ,kana,muni,271144,27,0,1
ﾞｶ,kana,muni,271233,27,0,1
ﾞｶ,kana,muni,272086,27,0,0
ﾞｶ,kana,muni,282146,28,0,0
ﾞｶ,kana,muni,303666,30,0,0
ﾞｶ,kana,muni,303828,30,0,0
ﾞｶ,kana,muni,303925,30,0,0
ﾞｶ,kana,muni,304247,30,0,0
ﾞｶ,kana,muni,393878,39,0,0
ﾞｶ,kana,muni,394106,39,0,0
ﾞｶ,kana,muni,402052,40,0,0
ﾞｶ,kana,muni,423831,42,0,0
ﾞｶ,kana,muni,435074,43,0,0
ﾞｶ,kana,muni,454214,45,0,0
ﾞｶ,kana,muni,454435,45,0,0
ﾞｷ,kana,muni,74641,7,0,0
ﾞｷ,kana,muni,74667,7,0,0
ﾞｷ,kana,muni,123421,12,0,0
ﾞｷ,kana,muni,141186,14,0,1
ﾞｷ,kana,muni,152056,15,0,0
ﾞｷ,kana,muni,154059,15,0,0
ﾞｷ,kana,muni,212024,21,0,0
ﾞｷ,kana,muni,222232,22,0,0
ﾞｷ,kana,muni,223051,22,0,0
ﾞｷ,kana,muni,232025,23,0,0
ﾞｷ,kana,muni,263036,26,0,0
ﾞｷ,kana,muni,272221,27,0,0
ﾞｷ,kana,muni,403831,40,0,0
ﾞｷ,kana,muni,412104,41,0,0
ﾞｷ,kana,pref,450006,45,0,0
ﾞｷ,kana,muni,452017,45,0,0
ﾞｷ,kana,muni,462047,46,0,0
ﾞｷ,kana,muni,472077,47,0,0
ﾞｸ,kana,muni,13994,1,0,0
ﾞｸ,kana,muni,33014,3,0,0
ﾞｸ,kana,muni,41017,4,0,1
ﾞｸ,kana,muni,52159,5,0,0
ﾞｸ,kana,muni,121037,12,0,1
ﾞｸ,kana,muni,121045,12,0,1
ﾞｸ,kana,muni,131016,13,0,0
ﾞｸ,kana,muni,131075,13,0,0
ﾞｸ,kana,muni,141071,14,0,1
ﾞｸ,kana,muni,141178,14,0,1
ﾞｸ,kana,muni,221023,22,0,1
ﾞｸ,kana,muni,221031,22,0,1
ﾞｸ,kana,muni,232386,23,0,0
ﾞｸ,kana,muni,271098,27,0,1
ﾞｸ,kana,muni,281018,28,0,1
ﾞｸ,kana,muni,281026,28,0,1
ﾞｸ,kana,muni,281051,28,0,1
ﾞｸ,kana,muni,401013,40,0,1
ﾞｹ,kana,pref,40002,4,0,0
ﾞｹ,kana,pref,90000,9,0,0
ﾞｹ,kana,pref,120006,12,0,0
ﾞｹ,kana,pref,250007,25,0,0
ﾞｹ,kana,pref,280003,28,0,0
ﾞｹ,kana,pref,410004,41,0,0
ﾞｺ,kana,muni,122220,12,0,0
ﾞｻ,kana,muni,23213,2,0,0
ﾞｻ,kana,muni,23612,2,0,0
ﾞｻ,kana,muni,33812,3,0,0
ﾞｻ,kana,muni,53465,5,0,0
ﾞｻ,kana,muni,82082,8,0,0
ﾞｻ,kana,muni,134210,13,0,0
ﾞｻ,kana,muni,142051,14,0,0
ﾞｻ,kana,muni,142077,14,0,0
ﾞｻ,kana,muni,282022,28,0,0
ﾞｻ,kana,muni,282219,28,0,0
ﾞｻ,kana,muni,402214,40,0,0
ﾞｻ,kana,pref,420000,42,0,0
ﾞｻ,kana,muni,422011,42,0,0
ﾞｼ,kana,muni,11037,1,0,1
ﾞｼ,kana,muni,12114,1,0,0
ﾞｼ,kana,muni,14532,1,0,0
ﾞｼ,kana,muni,14583,1,0,0
ﾞｼ,kana,muni,22055,2,0,0
ﾞｼ,kana,muni,22063,2,0,0
ﾞｼ,kana,muni,24244,2,0,0
ﾞｼ,kana,muni,32077,3,0,0
ﾞｼ,kana,muni,42081,4,0,0
ﾞｼ,kana,muni,42099,4,0,0
ﾞｼ,kana,muni,42145,4,0,0
ﾞｼ,kana,muni,52060,5,0,0
ﾞｼ,kana,muni,53619,5,0,0
ﾞｼ,kana,muni,54640,5,0,0
ﾞｼ,kana,muni,62111,6,0,0
ﾞｼ,kana,muni,82040,8,0,0
ﾞｼ,kana,muni,82147,8,0,0
ﾞｼ,kana,muni,82171,8,0,0
ﾞｼ,kana,muni,82201,8,0,0
ﾞｼ,kana,muni,92029,9,0,0
ﾞｼ,kana,muni,92037,9,0,0
ﾞｼ,kana,muni,102016,10,0,0
ﾞｼ,kana,muni,104299,10,0,0
ﾞｼ,kana,muni,112062,11,0,0
ﾞｼ,kana,muni,112071,11,0,0
ﾞｼ,kana,muni,112101,11,0,0
ﾞｼ,kana,muni,112127,11,0,0
ﾞｼ,kana,muni,112143,11,0,0
ﾞｼ,kana,muni,112232,11,0,0
ﾞｼ,kana,muni,112241,11,0,0
ﾞｼ,kana,muni,112305,11,0,0
ﾞｼ,kana,muni,112381,11,0,0
ﾞｼ,kana,muni,112399,11,0,0
ﾞｼ,kana,muni,112411,11,0,0
ﾞｼ,kana,muni,113697,11,0,0
ﾞｼ,kana,muni,114651,11,0,0
ﾞｼ,kana,muni,121002,12,1,0
ﾞｼ,kana,muni,121011,12,0,1
ﾞｼ,kana,muni,121029,12,0,1
ﾞｼ,kana,muni,121037,12,0,1
ﾞｼ,kana,muni,121045,12,0,1
ﾞｼ,kana,muni,121053,12,0,1
ﾞｼ,kana,muni,121061,12,0,1
ﾞｼ,kana,muni,122041,12,0,0
ﾞｼ,kana,muni,122068,12,0,0
ﾞｼ,kana,muni,122076,12,0,0
ﾞｼ,kana,muni,122084,12,0,0
ﾞｼ,kana,muni,131199,13,0,0
ﾞｼ,kana,muni,132012,13,0,0
ﾞｼ,kana,muni,132098,13,0,0
ﾞｼ,kana,muni,132136,13,0,0
ﾞｼ,kana,muni,132144,13,0,0
ﾞｼ,kana,muni,132209,13,0,0
ﾞｼ,kana,muni,132225,13,0,0
ﾞｼ,kana,muni,132250,13,0,0
ﾞｼ,kana,muni,133647,13,0,0
ﾞｼ,kana,muni,134023,13,0,0
ﾞｼ,kana,muni,142085,14,0,0
ﾞｼ,kana,muni,142123,14,0,0
ﾞｼ,kana,muni,151025,15,0,1
ﾞｼ,kana,muni,152242,15,0,0
ﾞｼ,kana,muni,162043,16,0,0
ﾞｼ,kana,muni,162078,16,0,0
ﾞｼ,kana,muni,162094,16,0,0
ﾞｼ,kana,muni,162116,16,0,0
ﾞｼ,kana,muni,172057,17,0,0
ﾞｼ,kana,muni,172065,17,0,0
ﾞｼ,kana,muni,182028,18,0,0
ﾞｼ,kana,muni,192023,19,0,0
ﾞｼ,kana,muni,202037,20,0,0
ﾞｼ,kana,muni,202053,20,0,0
ﾞｼ,kana,muni,212172,21,0,0
ﾞｼ,kana,muni,212199,21,0,0
ﾞｼ,kana,muni,212211,21,0,0
ﾞｼ,kana,muni,215074,21,0,0
ﾞｼ,kana,muni,222038,22,0,0
ﾞｼ,kana,muni,222097,22,0,0
ﾞｼ,kana,muni,222101,22,0,0
ﾞｼ,kana,muni,222127,22,0,0
ﾞｼ,kana,muni,222143,22,0,0
ﾞｼ,kana,muni,222151,22,0,0
ﾞｼ,kana,muni,222194,22,0,0
ﾞｼ,kana,muni,222224,22,0,0
ﾞｼ,kana,muni,223018,22,0,0
ﾞｼ,kana,muni,231029,23,0,1
ﾞｼ,kana,muni,232050,23,0,0
ﾞｼ,kana,muni,232238,23,0,0
ﾞｼ,kana,muni,234273,23,0,0
ﾞｼ,kana,muni,234427,23,0,0
ﾞｼ,kana,muni,242110,24,0,0
ﾞｼ,kana,muni,242144,24,0,0
ﾞｼ,kana,muni,242161,24,0,0
ﾞｼ,kana,muni,252131,25,0,0
ﾞｼ,kana,muni,261050,26,0,1
ﾞｼ,kana,muni,262030,26,0,0
ﾞｼ,kana,muni,262048,26,0,0
ﾞｼ,kana,muni,262056,26,0,0
ﾞｼ,kana,muni,262111,26,0,0
ﾞｼ,kana,muni,262129,26,0,0
ﾞｼ,kana,muni,271144,27,0,1
ﾞｼ,kana,muni,271152,27,0,1
ﾞｼ,kana,muni,271217,27,0,1
ﾞｼ,kana,muni,271438,27,0,1
ﾞｼ,kana,muni,272027,27,0,0
ﾞｼ,kana,muni,272043,27,0,0
ﾞｼ,kana,muni,272272,27,0,0
ﾞｼ,kana,muni,281000,28,1,0
ﾞｼ,kana,muni,281018,28,0,1
ﾞｼ,kana,muni,281026,28,0,1
ﾞｼ,kana,muni,281051,28,0,1
ﾞｼ,kana,muni,281069,28,0,1
ﾞｼ,kana,muni,281077,28,0,1
ﾞｼ,kana,muni,281085,28,0,1
ﾞｼ,kana,muni,281093,28,0,1
ﾞｼ,kana,muni,281107,28,0,1
ﾞｼ,kana,muni,281115,28,0,1
ﾞｼ,kana,muni,282014,28,0,0
ﾞｼ,kana,muni,282162,28,0,0
ﾞｼ,kana,muni,282197,28,0,0
ﾞｼ,kana,muni,282227,28,0,0
ﾞｼ,kana,muni,282235,28,0,0
ﾞｼ,kana,muni,282243,28,0,0
ﾞｼ,kana,muni,282251,28,0,0
ﾞｼ,kana,muni,282260,28,0,0
ﾞｼ,kana,muni,292028,29,0,0
ﾞｼ,kana,muni,292079,29,0,0
ﾞｼ,kana,muni,292109,29,0,0
ﾞｼ,kana,muni,292117,29,0,0
ﾞｼ,kana,muni,292125,29,0,0
ﾞｼ,kana,muni,294535,29,0,0
ﾞｼ,kana,muni,302040,30,0,0
ﾞｼ,kana,muni,302066,30,0,0
ﾞｼ,kana,muni,302091,30,0,0
ﾞｼ,kana,muni,312029,31,0,0
ﾞｼ,kana,muni,322024,32,0,0
ﾞｼ,kana,muni,322041,32,0,0
ﾞｼ,kana,muni,322059,32,0,0
ﾞｼ,kana,muni,322067,32,0,0
ﾞｼ,kana,muni,331031,33,0,1
ﾞｼ,kana,muni,341029,34,0,1
ﾞｼ,kana,muni,342122,34,0,0
ﾞｼ,kana,muni,352021,35,0,0
ﾞｼ,kana,muni,352047,35,0,0
ﾞｼ,kana,muni,352161,35,0,0
ﾞｼ,kana,muni,364894,36,0,0
ﾞｼ,kana,muni,372030,37,0,0
ﾞｼ,kana,muni,372048,37,0,0
ﾞｼ,kana,muni,372056,37,0,0
ﾞｼ,kana,muni,372072,37,0,0
ﾞｼ,kana,muni,373249,37,0,0
ﾞｼ,kana,muni,382078,38,0,0
ﾞｼ,kana,muni,392090,39,0,0
ﾞｼ,kana,muni,401081,40,0,1
ﾞｼ,kana,muni,401315,40,0,1
ﾞｼ,kana,muni,402117,40,0,0
ﾞｼ,kana,muni,402184,40,0,0
ﾞｼ,kana,muni,402231,40,0,0
ﾞｼ,kana,muni,412015,41,0,0
ﾞｼ,kana,muni,412082,41,0,0
ﾞｼ,kana,muni,422029,42,0,0
ﾞｼ,kana,muni,422070,42,0,0
ﾞｼ,kana,muni,423211,42,0,0
ﾞｼ,kana,muni,431028,43,0,1
ﾞｼ,kana,muni,432083,43,0,0
ﾞｼ,kana,muni,442097,44,0,0
ﾞｼ,kana,muni,452068,45,0,0
ﾞｼ,kana,pref,460001,46,0,0
ﾞｼ,kana,muni,462012,46,0,0
ﾞｼ,kana,muni,462144,46,0,0
ﾞｼ,kana,muni,462217,46,0,0
ﾞｼ,kana,muni,464040,46,0,0
ﾞｼ,kana,muni,464821,46,0,0
ﾞｼ,kana,muni,472093,47,0,0
ﾞｼ,kana,muni,473031,47,0,0
ﾞｽ,kana,muni,433683,43,0,0
ﾞｽ,kana,muni,462101,46,0,0
ﾞｽ,kana,muni,472123,47,0,0
ﾞｽ,kana,muni,473278,47,0,0
ﾞｽ,kana,muni,473286,47,0,0
ﾞｾ,kana,muni,113271,11,0,0
ﾞｾ,kana,muni,152188,15,0,0
ﾞｾ,kana,muni,205419,20,0,0
ﾞｾ,kana,muni,292087,29,0,0
ﾞｾ,kana,muni,332119,33,0,0
ﾞｾ,kana,muni,353434,35,0,0
ﾞｾ,kana,muni,402141,40,0,0
ﾞｿ,kana,muni,204234,20,0,0
ﾞｿ,kana,muni,313840,31,0,0
ﾞｿ,kana,muni,454303,45,0,0
ﾞｿ,kana,muni,473138,47,0,0
ﾞﾀ,kana,muni,14303,1,0,0
ﾞﾀ,kana,muni,23043,2,0,0
ﾞﾀ,kana,muni,43231,4,0,0
ﾞﾀ,kana,muni,53635,5,0,0
ﾞﾀ,kana,muni,53686,5,0,0
ﾞﾀ,kana,pref,60003,6,0,0
ﾞﾀ,kana,muni,62014,6,0,0
ﾞﾀ,kana,muni,63631,6,0,0
ﾞﾀ,kana,muni,82333,8,0,0
ﾞﾀ,kana,pref,150002,15,0,0
ﾞﾀ,kana,muni,151009,15,1,0
ﾞﾀ,kana,muni,151017,15,0,1
ﾞﾀ,kana,muni,151025,15,0,1
ﾞﾀ,kana,muni,151033,15,0,1
ﾞﾀ,kana,muni,151041,15,0,1
ﾞﾀ,kana,muni,151050,15,0,1
ﾞﾀ,kana,muni,151068,15,0,1
ﾞﾀ,kana,muni,151076,15,0,1
ﾞﾀ,kana,muni,151084,15,0,1
ﾞﾀ,kana,muni,152064,15,0,0
ﾞﾀ,kana,muni,173614,17,0,0
ﾞﾀ,kana,muni,204501,20,0,0
ﾞﾀ,kana,muni,212156,21,0,0
ﾞﾀ,kana,muni,214213,21,0,0
ﾞﾀ,kana,muni,263443,26,0,0
ﾞﾀ,kana,muni,281069,28,0,1
ﾞﾀ,kana,muni,401056,40,0,1
ﾞﾀ,kana,muni,402044,40,0,0
ﾞﾀ,kana,muni,442097,44,0,0
ﾞﾁ,kana,muni,13439,1,0,0
ﾞﾁ,kana,muni,13471,1,0,0
ﾞﾁ,kana,muni,13633,1,0,0
ﾞﾁ,kana,muni,13641,1,0,0
ﾞﾁ,kana,muni,14656,1,0,0
ﾞﾁ,kana,muni,15199,1,0,0
ﾞﾁ,kana,muni,15202,1,0,0
ﾞﾁ,kana,muni,15474,1,0,0
ﾞﾁ,kana,muni,16365,1,0,0
ﾞﾁ,kana,muni,16446,1,0,0
ﾞﾁ,kana,muni,16641,1,0,0
ﾞﾁ,kana,muni,16659,1,0,0
ﾞﾁ,kana,muni,24457,2,0,0
ﾞﾁ,kana,muni,33227,3,0,0
ﾞﾁ,kana,muni,112038,11,0,0
ﾞﾁ,kana,muni,131211,13,0,0
ﾞﾁ,kana,muni,173860,17,0,0
ﾞﾁ,kana,muni,183229,18,0,0
ﾞﾁ,kana,muni,183822,18,0,0
ﾞﾁ,kana,muni,193658,19,0,0
ﾞﾁ,kana,muni,193666,19,0,0
ﾞﾁ,kana,muni,194301,19,0,0
ﾞﾁ,kana,muni,213811,21,0,0
ﾞﾁ,kana,muni,214043,21,0,0
ﾞﾁ,kana,muni,215015,21,0,0
ﾞﾁ,kana,muni,215031,21,0,0
ﾞﾁ,kana,muni,223018,22,0,0
ﾞﾁ,kana,muni,223026,22,0,0
ﾞﾁ,kana,muni,223042,22,0,0
ﾞﾁ,kana,muni,223069,22,0,0
ﾞﾁ,kana,muni,223417,22,0,0
ﾞﾁ,kana,muni,224243,22,0,0
ﾞﾁ,kana,muni,233617,23,0,0
ﾞﾁ,kana,muni,254436,25,0,0
ﾞﾁ,kana,muni,263435,26,0,0
ﾞﾁ,kana,muni,263648,26,0,0
ﾞﾁ,kana,muni,264075,26,0,0
ﾞﾁ,kana,muni,272094,27,0,0
ﾞﾁ,kana,muni,293440,29,0,0
ﾞﾁ,kana,muni,293458,29,0,0
ﾞﾁ,kana,muni,294250,29,0,0
ﾞﾁ,kana,muni,294420,29,0,0
ﾞﾁ,kana,muni,303411,30,0,0
ﾞﾁ,kana,muni,303917,30,0,0
ﾞﾁ,kana,muni,304042,30,0,0
ﾞﾁ,kana,muni,304221,30,0,0
ﾞﾁ,kana,muni,313289,31,0,0
ﾞﾁ,kana,muni,313297,31,0,0
ﾞﾁ,kana,muni,313891,31,0,0
ﾞﾁ,kana,muni,334618,33,0,0
ﾞﾁ,kana,muni,336238,33,0,0
ﾞﾁ,kana,muni,336815,33,0,0
ﾞﾁ,kana,pref,350001,35,0,0
ﾞﾁ,kana,muni,352039,35,0,0
ﾞﾁ,kana,muni,355020,35,0,0
ﾞﾁ,kana,muni,363839,36,0,0
ﾞﾁ,kana,muni,364011,36,0,0
ﾞﾁ,kana,muni,364681,36,0,0
ﾞﾁ,kana,muni,373869,37,0,0
ﾞﾁ,kana,muni,384020,38,0,0
ﾞﾁ,kana,muni,393045,39,0,0
ﾞﾁ,kana,muni,403849,40,0,0
ﾞﾁ,kana,muni,423211,42,0,0
ﾞﾁ,kana,muni,423912,42,0,0
ﾞﾁ,kana,muni,454010,45,0,0
ﾞﾁ,kana,muni,454427,45,0,0
ﾞﾁ,kana,muni,465313,46,0,0
ﾞﾁ,kana,muni,473081,47,0,0
ﾞﾂ,kana,muni,11088,1,0,1
ﾞﾂ,kana,muni,12165,1,0,0
ﾞﾂ,kana,muni,12173,1,0,0
ﾞﾂ,kana,muni,12190,1,0,0
ﾞﾂ,kana,muni,12203,1,0,0
ﾞﾂ,kana,muni,12301,1,0,0
ﾞﾂ,kana,muni,13030,1,0,0
ﾞﾂ,kana,muni,13986,1,0,0
ﾞﾂ,kana,muni,14346,1,0,0
ﾞﾂ,kana,muni,14567,1,0,0
ﾞﾂ,kana,muni,14851,1,0,0
ﾞﾂ,kana,muni,14869,1,0,0
ﾞﾂ,kana,muni,15121,1,0,0
ﾞﾂ,kana,muni,15130,1,0,0
ﾞﾂ,kana,muni,15440,1,0,0
ﾞﾂ,kana,muni,15598,1,0,0
ﾞﾂ,kana,muni,15750,1,0,0
ﾞﾂ,kana,muni,16390,1,0,0
ﾞﾂ,kana,muni,16438,1,0,0
ﾞﾂ,kana,muni,16462,1,0,0
ﾞﾂ,kana,muni,16489,1,0,0
ﾞﾂ,kana,muni,16918,1,0,0
ﾞﾂ,kana,muni,16926,1,0,0
ﾞﾂ,kana,muni,16934,1,0,0
ﾞﾂ,kana,muni,16977,1,0,0
ﾞﾂ,kana,muni,16985,1,0,0
ﾞﾂ,kana,muni,23035,2,0,0
ﾞﾂ,kana,muni,104299,10,0,0
ﾞﾂ,kana,muni,173860,17,0,0
ﾞﾂ,kana,muni,374041,37,0,0
ﾞﾂ,kana,muni,423084,42,0,0
ﾞﾃ,kana,muni,12025,1,0,0
ﾞﾃ,kana,muni,12335,1,0,0
ﾞﾃ,kana,muni,23671,2,0,0
ﾞﾃ,kana,muni,52043,5,0,0
ﾞﾃ,kana,muni,72133,7,0,0
ﾞﾃ,kana,muni,222151,22,0,0
ﾞﾄ,kana,muni,17001,1,0,0
ﾞﾄ,kana,muni,113638,11,0,0
ﾞﾄ,kana,muni,114642,11,0,0
ﾞﾄ,kana,muni,352110,35,0,0
ﾞﾄ,kana,muni,422118,42,0,0
ﾞﾄ,kana,muni,424111,42,0,0
ﾞﾅ,kana,muni,62120,6,0,0
ﾞﾅ,kana,muni,131156,13,0,0
ﾞﾅ,kana,muni,142158,14,0,0
ﾞﾅ,kana,muni,205907,20,0,0
ﾞﾅ,kana,muni,212083,21,0,0
ﾞﾅ,kana,muni,213021,21,0,0
ﾞﾅ,kana,muni,473251,47,0,0
ﾞﾅ,kana,muni,473600,47,0,0
ﾞﾆ,kana,muni,64017,6,0,0
ﾞﾆ,kana,muni,434230,43,0,0
ﾞﾆ,kana,muni,434248,43,0,0
ﾞﾆ,kana,muni,473553,47,0,0
ﾞﾆ,kana,muni,473821,47,0,0
ﾞﾇ,kana,muni,14281,1,0,0
ﾞﾈ,kana,muni,122131,12,0,0
ﾞﾈ,kana,muni,132101,13,0,0
ﾞﾈ,kana,muni,202100,20,0,0
ﾞﾉ,name,muni,452092,45,0,0
ﾞﾉ,kana,muni,24422,2,0,0
ﾞﾉ,kana,muni,41025,4,0,1
ﾞﾉ,kana,muni,52094,5,0,0
ﾞﾉ,kana,muni,75051,7,0,0
ﾞﾉ,kana,muni,104248,10,0,0
ﾞﾉ,kana,muni,113654,11,0,0
ﾞﾉ,kana,muni,142115,14,0,0
ﾞﾉ,kana,muni,152234,15,0,0
ﾞﾉ,kana,pref,200000,20,0,0
ﾞﾉ,kana,muni,202011,20,0,0
ﾞﾉ,kana,muni,222071,22,0,0
ﾞﾉ,kana,muni,222259,22,0,0
ﾞﾉ,kana,muni,271195,27,0,1
ﾞﾉ,kana,muni,272167,27,0,0
ﾞﾉ,kana,muni,452092,45,0,0
ﾞﾉ,kana,muni,472051,47,0,0
ﾞﾉ,kana,muni,473138,47,0,0
ﾞﾊ,kana,muni,12157,1,0,0
ﾞﾊ,kana,muni,23078,2,0,0
ﾞﾊ,kana,muni,44041,4,0,0
ﾞﾊ,kana,muni,74217,7,0,0
ﾞﾊ,kana,muni,212130,21,0,0
ﾞﾊ,kana,muni,213624,21,0,0
ﾞﾊ,kana,muni,252034,25,0,0
ﾞﾊ,kana,muni,272141,27,0,0
ﾞﾋ,kana,muni,12076,1,0,0
ﾞﾋ,kana,muni,124109,12,0,0
ﾞﾌ,kana,muni,14699,1,0,0
ﾞﾌ,kana,pref,210005,21,0,0
ﾞﾌ,kana,muni,212016,21,0,0
ﾞﾎ,kana,muni,15431,1,0,0
ﾞﾎ,kana,muni,133035,13,0,0
ﾞﾎ,kana,muni,212164,21,0,0
ﾞﾎ,kana,muni,231088,23,0,1
ﾞﾎ,kana,muni,302058,30,0,0
ﾞﾏ,kana,muni,23817,2,0,0
ﾞﾏ,kana,muni,23876,2,0,0
ﾞﾏ,kana,muni,24015,2,0,0
ﾞﾏ,kana,muni,24252,2,0,0
ﾞﾏ,kana,muni,33022,3,0,0
ﾞﾏ,kana,muni,33669,3,0,0
ﾞﾏ,kana,muni,34827,3,0,0
ﾞﾏ,kana,muni,42030,4,0,0
ﾞﾏ,kana,muni,54631,5,0,0
ﾞﾏ,kana,muni,63011,6,0,0
ﾞﾏ,kana,muni,63410,6,0,0
ﾞﾏ,kana,muni,64033,6,0,0
ﾞﾏ,kana,muni,64611,6,0,0
ﾞﾏ,kana,muni,73687,7,0,0
ﾞﾏ,kana,muni,74055,7,0,0
ﾞﾏ,kana,muni,74217,7,0,0
ﾞﾏ,kana,muni,74233,7,0,0
ﾞﾏ,kana,muni,74659,7,0,0
ﾞﾏ,kana,muni,75469,7,0,0
ﾞﾏ,kana,muni,83640,8,0,0
ﾞﾏ,kana,muni,93432,9,0,0
ﾞﾏ,kana,muni,93459,9,0,0
ﾞﾏ,kana,muni,93611,9,0,0
ﾞﾏ,kana,muni,93645,9,0,0
ﾞﾏ,kana,muni,105236,10,0,0
ﾞﾏ,kana,muni,113468,11,0,0
ﾞﾏ,kana,muni,113611,11,0,0
ﾞﾏ,kana,muni,133051,13,0,0
ﾞﾏ,kana,muni,133639,13,0,0
ﾞﾏ,kana,muni,133825,13,0,0
ﾞﾏ,kana,muni,142166,14,0,0
ﾞﾏ,kana,muni,143634,14,0,0
ﾞﾏ,kana,muni,153851,15,0,0
ﾞﾏ,kana,muni,172049,17,0,0
ﾞﾏ,kana,muni,173657,17,0,0
ﾞﾏ,kana,muni,174611,17,0,0
ﾞﾏ,kana,muni,182044,18,0,0
ﾞﾏ,kana,muni,203840,20,0,0
ﾞﾏ,kana,muni,204226,20,0,0
ﾞﾏ,kana,muni,204811,20,0,0
ﾞﾏ,kana,muni,205621,20,0,0
ﾞﾏ,kana,muni,232149,23,0,0
ﾞﾏ,kana,muni,271021,27,0,1
ﾞﾏ,kana,muni,272230,27,0,0
ﾞﾏ,kana,muni,342157,34,0,0
ﾞﾏ,kana,muni,344311,34,0,0
ﾞﾏ,kana,muni,352071,35,0,0
ﾞﾏ,kana,muni,364029,36,0,0
ﾞﾏ,kana,muni,382035,38,0,0
ﾞﾏ,kana,muni,383562,38,0,0
ﾞﾏ,kana,muni,403822,40,0,0
ﾞﾏ,kana,muni,406023,40,0,0
ﾞﾏ,kana,muni,406040,40,0,0
ﾞﾏ,kana,muni,406210,40,0,0
ﾞﾏ,kana,muni,406465,40,0,0
ﾞﾏ,kana,muni,434035,43,0,0
ﾞﾏ,kana,muni,434841,43,0,0
ﾞﾏ,kana,muni,435058,43,0,0
ﾞﾏ,kana,muni,443417,44,0,0
ﾞﾏ,kana,muni,465330,46,0,0
ﾞﾏ,kana,muni,472140,47,0,0
ﾞﾏ,kana,muni,473545,47,0,0
ﾞﾏ,kana,muni,473618,47,0,0
ﾞﾐ,name,muni,82350,8,0,0
ﾞﾐ,name,muni,112453,11,0,0
ﾞﾐ,kana,muni,34029,3,0,0
ﾞﾐ,kana,muni,34835,3,0,0
ﾞﾐ,kana,muni,41050,4,0,1
ﾞﾐ,kana,muni,52116,5,0,0
ﾞﾐ,kana,muni,63622,6,0,0
ﾞﾐ,kana,muni,73423,7,0,0
ﾞﾐ,kana,muni,73679,7,0,0
ﾞﾐ,kana,muni,74471,7,0,0
ﾞﾐ,kana,muni,74641,7,0,0
ﾞﾐ,kana,muni,82350,8,0,0
ﾞﾐ,kana,muni,105244,10,0,0
ﾞﾐ,kana,muni,112356,11,0,0
ﾞﾐ,kana,muni,112453,11,0,0
ﾞﾐ,kana,muni,141160,14,0,1
ﾞﾐ,kana,muni,141500,14,1,0
ﾞﾐ,kana,muni,141518,14,0,1
ﾞﾐ,kana,muni,141526,14,0,1
ﾞﾐ,kana,muni,141534,14,0,1
ﾞﾐ,kana,muni,153613,15,0,0
ﾞﾐ,kana,muni,202207,20,0,0
ﾞﾐ,kana,muni,203629,20,0,0
ﾞﾐ,kana,muni,212041,21,0,0
ﾞﾐ,kana,muni,223425,22,0,0
ﾞﾐ,kana,muni,272060,27,0,0
ﾞﾐ,kana,muni,272132,27,0,0
ﾞﾐ,kana,muni,272191,27,0,0
ﾞﾐ,kana,muni,336068,33,0,0
ﾞﾐ,kana,muni,364037,36,0,0
ﾞﾐ,kana,muni,433691,43,0,0
ﾞﾐ,kana,muni,462080,46,0,0
ﾞﾐ,kana,muni,473014,47,0,0
ﾞﾐ,kana,muni,473022,47,0,0
ﾞﾑ,kana,muni,35033,3,0,0
ﾞﾑ,kana,muni,104442,10,0,0
ﾞﾑ,kana,muni,113697,11,0,0
ﾞﾑ,kana,muni,194425,19,0,0
ﾞﾑ,kana,muni,203882,20,0,0
ﾞﾑ,kana,muni,204102,20,0,0
ﾞﾑ,kana,muni,204129,20,0,0
ﾞﾑ,kana,muni,204153,20,0,0
ﾞﾑ,kana,muni,204854,20,0,0
ﾞﾑ,kana,muni,325279,32,0,0
ﾞﾑ,kana,muni,393061,39,0,0
ﾞﾒ,kana,muni,152137,15,0,0
ﾞﾒ,kana,muni,372021,37,0,0
ﾞﾓ,kana,muni,154059,15,0,0
ﾞﾓ,kana,muni,322032,32,0,0
ﾞﾓ,kana,muni,323438,32,0,0
ﾞﾔ,kana,muni,41033,4,0,1
ﾞﾔ,kana,muni,102075,10,0,0
ﾞﾔ,kana,muni,112020,11,0,0
ﾞﾔ,kana,muni,112224,11,0,0
ﾞﾔ,kana,muni,122246,12,0,0
ﾞﾔ,kana,muni,124095,12,0,0
ﾞﾔ,kana,muni,131121,13,0,0
ﾞﾔ,kana,muni,131130,13,0,0
ﾞﾔ,kana,muni,141062,14,0,1
ﾞﾔ,kana,muni,152081,15,0,0
ﾞﾔ,kana,muni,194433,19,0,0
ﾞﾔ,kana,muni,231002,23,1,0
ﾞﾔ,kana,muni,231011,23,0,1
ﾞﾔ,kana,muni,231029,23,0,1
ﾞﾔ,kana,muni,231037,23,0,1
ﾞﾔ,kana,muni,231045,23,0,1
ﾞﾔ,kana,muni,231053,23,0,1
ﾞﾔ,kana,muni,231061,23,0,1
ﾞﾔ,kana,muni,231070,23,0,1
ﾞﾔ,kana,muni,231088,23,0,1
ﾞﾔ,kana,muni,231096,23,0,1
ﾞﾔ,kana,muni,231100,23,0,1
ﾞﾔ,kana,muni,231118,23,0,1
ﾞﾔ,kana,muni,231126,23,0,1
ﾞﾔ,kana,muni,231134,23,0,1
ﾞﾔ,kana,muni,231142,23,0,1
ﾞﾔ,kana,muni,231151,23,0,1
ﾞﾔ,kana,muni,231169,23,0,1
ﾞﾔ,kana,muni,232343,23,0,0
ﾞﾔ,kana,muni,272141,27,0,0
ﾞﾔ,kana,muni,303437,30,0,0
ﾞﾔ,kana,muni,332089,33,0,0
ﾞﾔ,kana,muni,434256,43,0,0
ﾞﾔ,kana,muni,452050,45,0,0
ﾞﾕ,kana,muni,124036,12,0,0
ﾞﾕ,kana,muni,124435,12,0,0
ﾞﾖ,kana,muni,104213,10,0,0
ﾞﾖ,kana,muni,112062,11,0,0
ﾞﾖ,kana,muni,112119,11,0,0
ﾞﾖ,kana,muni,192023,19,0,0
ﾞﾖ,kana,muni,272299,27,0,0
ﾞﾖ,kana,muni,335860,33,0,0
ﾞﾖ,kana,muni,423076,42,0,0
ﾞﾗ,kana,muni,12181,1,0,0
ﾞﾗ,kana,muni,14061,1,0,0
ﾞﾗ,kana,muni,14532,1,0,0
ﾞﾗ,kana,muni,14826,1,0,0
ﾞﾗ,kana,muni,15644,1,0,0
ﾞﾗ,kana,muni,15857,1,0,0
ﾞﾗ,kana,muni,16021,1,0,0
ﾞﾗ,kana,muni,74021,7,0,0
ﾞﾗ,kana,muni,74811,7,0,0
ﾞﾗ,kana,pref,80004,8,0,0
ﾞﾗ,kana,muni,82155,8,0,0
ﾞﾗ,kana,muni,83020,8,0,0
ﾞﾗ,kana,muni,92134,9,0,0
ﾞﾗ,kana,muni,122106,12,0,0
ﾞﾗ,kana,muni,124265,12,0,0
ﾞﾗ,kana,muni,142174,14,0,0
ﾞﾗ,kana,muni,252140,25,0,0
ﾞﾗ,kana,muni,272116,27,0,0
ﾞﾗ,kana,muni,272175,27,0,0
ﾞﾗ,kana,muni,272264,27,0,0
ﾞﾗ,kana,muni,332071,33,0,0
ﾞﾗ,kana,muni,342106,34,0,0
ﾞﾗ,kana,muni,422037,42,0,0
ﾞﾗ,kana,muni,422142,42,0,0
ﾞﾗ,kana,muni,435104,43,0,0
ﾞﾘ,name,muni,102121,10,0,0
ﾞﾘ,name,muni,435147,43,0,0
ﾞﾘ,kana,muni,12092,1,0,0
ﾞﾘ,kana,muni,12301,1,0,0
ﾞﾘ,kana,muni,102121,10,0,0
ﾞﾘ,kana,muni,111091,11,0,1
ﾞﾘ,kana,muni,121053,12,0,1
ﾞﾘ,kana,muni,141135,14,0,1
ﾞﾘ,kana,muni,141518,14,0,1
ﾞﾘ,kana,muni,202151,20,0,0
ﾞﾘ,kana,muni,231142,23,0,1
ﾞﾘ,kana,muni,242080,24,0,0
ﾞﾘ,kana,muni,273627,27,0,0
ﾞﾘ,kana,muni,293423,29,0,0
ﾞﾘ,kana,muni,382027,38,0,0
ﾞﾘ,kana,muni,403423,40,0,0
ﾞﾘ,kana,muni,413275,41,0,0
ﾞﾘ,kana,muni,435147,43,0,0
ﾞﾙ,name,muni,22098,2,0,0
ﾞﾙ,kana,muni,15555,1,0,0
ﾞﾙ,kana,muni,22098,2,0,0
ﾞﾙ,kana,muni,143839,14,0,0
ﾞﾙ,kana,muni,262021,26,0,0
ﾞﾙ,kana,muni,473481,47,0,0
ﾞﾙ,kana,muni,473502,47,0,0
ﾞﾚ,kana,muni,122203,12,0,0
ﾞﾛ,kana,muni,14842,1,0,0
ﾞﾛ,kana,muni,131105,13,0,0
ﾞﾛ,kana,muni,212202,21,0,0
ﾞﾜ,name,muni,113492,11,0,0
ﾞﾜ,name,muni,372072,37,0,0
ﾞﾜ,kana,muni,12106,1,0,0
ﾞﾜ,kana,muni,12262,1,0,0
ﾞﾜ,kana,muni,12289,1,0,0
ﾞﾜ,kana,muni,14095,1,0,0
ﾞﾜ,kana,muni,14257,1,0,0
ﾞﾜ,kana,muni,14711,1,0,0
ﾞﾜ,kana,muni,22055,2,0,0
ﾞﾜ,kana,muni,32166,3,0,0
ﾞﾜ,kana,muni,43214,4,0,0
ﾞﾜ,kana,muni,45811,4,0,0
ﾞﾜ,kana,muni,52078,5,0,0
ﾞﾜ,kana,muni,62022,6,0,0
ﾞﾜ,kana,muni,62120,6,0,0
ﾞﾜ,kana,muni,63649,6,0,0
ﾞﾜ,kana,muni,63665,6,0,0
ﾞﾜ,kana,muni,63673,6,0,0
ﾞﾜ,kana,muni,72028,7,0,0
ﾞﾜ,kana,muni,72079,7,0,0
ﾞﾜ,kana,muni,74225,7,0,0
ﾞﾜ,kana,muni,74845,7,0,0
ﾞﾜ,kana,muni,82317,8,0,0
ﾞﾜ,kana,muni,93866,9,0,0
ﾞﾜ,kana,muni,94111,9,0,0
ﾞﾜ,kana,muni,112089,11,0,0
ﾞﾜ,kana,muni,112313,11,0,0
ﾞﾜ,kana,muni,113417,11,0,0
ﾞﾜ,kana,muni,113433,11,0,0
ﾞﾜ,kana,muni,113492,11,0,0
ﾞﾜ,kana,muni,121029,12,0,1
ﾞﾜ,kana,muni,122238,12,0,0
ﾞﾜ,kana,muni,124222,12,0,0
ﾞﾜ,kana,muni,131091,13,0,0
ﾞﾜ,kana,muni,131237,13,0,0
ﾞﾜ,kana,pref,140007,14,0,0
ﾞﾜ,kana,muni,141020,14,0,1
ﾞﾜ,kana,muni,141089,14,0,1
ﾞﾜ,kana,muni,142069,14,0,0
ﾞﾜ,kana,muni,143847,14,0,0
ﾞﾜ,kana,muni,152161,15,0,0
ﾞﾜ,kana,muni,154610,15,0,0
ﾞﾜ,kana,muni,172014,17,0,0
ﾞﾜ,kana,muni,203211,20,0,0
ﾞﾜ,kana,muni,203505,20,0,0
ﾞﾜ,kana,muni,203866,20,0,0
ﾞﾜ,kana,muni,205630,20,0,0
ﾞﾜ,kana,muni,205885,20,0,0
ﾞﾜ,kana,muni,212067,21,0,0
ﾞﾜ,kana,muni,214019,21,0,0
ﾞﾜ,kana,muni,222135,22,0,0
ﾞﾜ,kana,muni,222241,22,0,0
ﾞﾜ,kana,muni,231100,23,0,1
ﾞﾜ,kana,muni,232203,23,0,0
ﾞﾜ,kana,muni,262145,26,0,0
ﾞﾜ,kana,muni,271136,27,0,1
ﾞﾜ,kana,muni,271144,27,0,1
ﾞﾜ,kana,muni,271233,27,0,1
ﾞﾜ,kana,muni,272159,27,0,0
ﾞﾜ,kana,muni,282103,28,0,0
ﾞﾜ,kana,muni,283011,28,0,0
ﾞﾜ,kana,muni,294471,29,0,0
ﾞﾜ,kana,muni,303623,30,0,0
ﾞﾜ,kana,muni,303666,30,0,0
ﾞﾜ,kana,muni,303925,30,0,0
ﾞﾜ,kana,muni,304247,30,0,0
ﾞﾜ,kana,muni,362051,36,0,0
ﾞﾜ,kana,pref,370002,37,0,0
ﾞﾜ,kana,muni,372072,37,0,0
ﾞﾜ,kana,muni,373877,37,0,0
ﾞﾜ,kana,muni,393053,39,0,0
ﾞﾜ,kana,muni,393878,39,0,0
ﾞﾜ,kana,muni,402061,40,0,0
ﾞﾜ,kana,muni,402079,40,0,0
ﾞﾜ,kana,muni,402311,40,0,0
ﾞﾜ,kana,muni,454214,45,0,0
ﾞﾝ,kana,muni,15172,1,0,0
ﾞﾝ,kana,muni,32107,3,0,0
ﾞﾝ,kana,muni,74071,7,0,0
ﾞﾝ,kana,muni,74217,7,0,0
ﾞﾝ,kana,muni,82287,8,0,0
ﾞﾝ,kana,pref,100005,10,0,0
ﾞﾝ,kana,muni,113425,11,0,0
ﾞﾝ,kana,muni,131059,13,0,0
ﾞﾝ,kana,muni,132144,13,0,0
ﾞﾝ,kana,muni,163422,16,0,0
ﾞﾝ,kana,muni,182095,18,0,0
ﾞﾝ,kana,muni,184047,18,0,0
ﾞﾝ,kana,muni,184233,18,0,0
ﾞﾝ,kana,muni,332119,33,0,0
ﾞﾝ,kana,muni,345458,34,0,0
ﾞﾝ,kana,muni,372048,37,0,0
ﾞﾝ,kana,muni,383864,38,0,0
ﾞﾝ,kana,muni,402141,40,0,0
ﾞﾝ,kana,muni,404471,40,0,0
ﾞﾝ,kana,muni,413879,41,0,0
ﾞﾝ,kana,muni,422134,42,0,0
ﾞﾝ,kana,muni,442097,44,0,0
ﾞﾝ,kana,muni,442127,44,0,0
ﾞﾝ,kana,muni,473065,47,0,0
ﾟｯ,kana,muni,14559,1,0,0
ﾟｳ,kana,muni,53490,5,0,0
ﾟｸ,kana,muni,231169,23,0,1
ﾟｼ,kana,muni,442020,44,0,0
ﾟｽ,name,muni,192082,19,0,0
ﾟｽ,kana,muni,192082,19,0,0
ﾟﾁ,kana,muni,14559,1,0,0
ﾟﾁ,kana,muni,15491,1,0,0
ﾟﾁ,kana,muni,15610,1,0,0
ﾟﾁ,kana,muni,16047,1,0,0
ﾟﾁ,kana,muni,213837,21,0,0
ﾟﾍ,kana,muni,14346,1,0,0
ﾟﾑ,kana,muni,14630,1,0,0
ﾟﾑ,kana,muni,14702,1,0,0
ﾟﾑ,kana,muni,15628,1,0,0
ﾟﾛ,kana,muni,11002,1,1,0
ﾟﾛ,kana,muni,11011,1,0,1
ﾟﾛ,kana,muni,11029,1,0,1
ﾟﾛ,kana,muni,11037,1,0,1
ﾟﾛ,kana,muni,11045,1,0,1
ﾟﾛ,kana,muni,11053,1,0,1
ﾟﾛ,kana,muni,11061,1,0,1
ﾟﾛ,kana,muni,11070,1,0,1
ﾟﾛ,kana,muni,11088,1,0,1
ﾟﾛ,kana,muni,11096,1,0,1
ﾟﾛ,kana,muni,11100,1,0,1
ﾟﾛ,kana,muni,14231,1,0,0
